 [1] [fog_1] 方法名: ƒ c() {
                        for (var l, f, h = [o, s, t, this, arguments, c, n, 0], d = void 0, p = e, g = []; ; )
                            try {
                                for (; ; )
     … 调用对象: undefined 参数无
 [2] [fog_1] 调用结果: Window {window: Window, self: Window, document: document, name: '', location: Location, …}
 [3] [fog_2] 方法名: ƒ split() { [native code] } 调用对象: 0123456789abcdef 参数1: 
 [4] [fog_2] 调用结果: (16) ['0', '1', '2', '3', '4', '5', '6', '7', '8', '9', 'a', 'b', 'c', 'd', 'e', 'f']0: "0"1: "1"2: "2"3: "3"4: "4"5: "5"6: "6"7: "7"8: "8"9: "9"10: "a"11: "b"12: "c"13: "d"14: "e"15: "f"length: 16[[Prototype]]: Array(0)
 [5] [fog_3] 方法名: ƒ c() {
                        for (var l, f, h = [o, s, t, this, arguments, c, n, 0], d = void 0, p = e, g = []; ; )
                            try {
                                for (; ; )
     … 调用对象: undefined 参数1: {"comm":{"cv":4747474,"ct":24,"format":"json","inCharset":"utf-8","outCharset":"utf-8","notice":0,"platform":"yqq.json","needNewCode":1,"uin":0,"g_tk_new_20200303":5381,"g_tk":5381},"req_1":{"module":"music.musicsearch.HotkeyService","method":"GetHotkeyForQQMusicMobile","param":{"searchid":"31365759695277856","remoteplace":"txt.yqq.top","from":"yqqweb"}},"req_2":{"module":"music.paycenterapi.LoginStateVerificationApi","method":"GetChargeAccount","param":{"appid":"mlive"}},"req_3":{"module":"musicToplist.ToplistInfoServer","method":"GetAll","param":{}}}
 [6] 创建对象———— 构造函数: ƒ c() {
                        for (var l, f, h = [o, s, t, this, arguments, c, n, 0], d = void 0, p = e, g = []; ; )
                            try {
                                for (; ; )
     … 参数： true
 [7] 构造函数结果———— c {blocks: Array(17), h0: 1732584193, h1: 4023233417, h2: 2562383102, h3: 271733878, …}block: 2105376768blocks: (80) [1818850164, 1231971951, 1399157366, 1701978668, 577594740, 1752130594, 975325029, 1950444652, 573317744, 1634885997, 574258045, 2105376768, 0, 0, 0, 4464, 977290980, -1696839076, -1503331810, -1807679020, 86429851, 1955980449, 413059459, 539728340, -1652033904, 1016776037, 1223307631, -378081656, 1937255420, 2030012796, -1756314657, -1826631159, -222722516, 1252956773, -244345914, -164160605, 1222463746, -1168322657, -922890529, -1897414795, 990977177, -1350631762, -2009830336, -1184972388, 118918942, -1290669739, 680826208, -1602162674, 397275213, 1994904592, 571260181, -986592293, -475821657, 1263302997, 1016273402, -982224668, -544607357, -1196825168, -793485986, 569250082, -384766766, 282217121, 1149819882, -200839087, -168433419, -1611775198, -902286469, -1261660494, 1402765147, -1448812330, 649940546, -1265814339, -1495708164, 1076491236, -1910281068, 1179845018, 2086369039, -2035978907, -1557726833, 1182720387]bytes: 558finalized: truefirst: trueh0: 2086939553h1: -2095214052h2: 152603232h3: 1743499997h4: -440510258hBytes: 0hashed: falselastByteIndex: 46start: 46[[Prototype]]: Object
 [8] [fog_4] 方法名: ƒ c() {
                        for (var l, f, h = [o, s, t, this, arguments, c, n, 0], d = void 0, p = e, g = []; ; )
                            try {
                                for (; ; )
     … 调用对象: c {blocks: Array(17), h0: 1732584193, h1: 4023233417, h2: 2562383102, h3: 271733878, …} 参数1: {"comm":{"cv":4747474,"ct":24,"format":"json","inCharset":"utf-8","outCharset":"utf-8","notice":0,"platform":"yqq.json","needNewCode":1,"uin":0,"g_tk_new_20200303":5381,"g_tk":5381},"req_1":{"module":"music.musicsearch.HotkeyService","method":"GetHotkeyForQQMusicMobile","param":{"searchid":"31365759695277856","remoteplace":"txt.yqq.top","from":"yqqweb"}},"req_2":{"module":"music.paycenterapi.LoginStateVerificationApi","method":"GetChargeAccount","param":{"appid":"mlive"}},"req_3":{"module":"musicToplist.ToplistInfoServer","method":"GetAll","param":{}}}
 [9] [fog_5] 方法名: ƒ charCodeAt() { [native code] } 调用对象: {"comm":{"cv":4747474,"ct":24,"format":"json","inCharset":"utf-8","outCharset":"utf-8","notice":0,"platform":"yqq.json","needNewCode":1,"uin":0,"g_tk_new_20200303":5381,"g_tk":5381},"req_1":{"module":"music.musicsearch.HotkeyService","method":"GetHotkeyForQQMusicMobile","param":{"searchid":"31365759695277856","remoteplace":"txt.yqq.top","from":"yqqweb"}},"req_2":{"module":"music.paycenterapi.LoginStateVerificationApi","method":"GetChargeAccount","param":{"appid":"mlive"}},"req_3":{"module":"musicToplist.ToplistInfoServer","method":"GetAll","param":{}}} 参数1: 0
 [10] [fog_5] 调用结果: 123
 [11] [fog_6] 方法名: ƒ charCodeAt() { [native code] } 调用对象: {"comm":{"cv":4747474,"ct":24,"format":"json","inCharset":"utf-8","outCharset":"utf-8","notice":0,"platform":"yqq.json","needNewCode":1,"uin":0,"g_tk_new_20200303":5381,"g_tk":5381},"req_1":{"module":"music.musicsearch.HotkeyService","method":"GetHotkeyForQQMusicMobile","param":{"searchid":"31365759695277856","remoteplace":"txt.yqq.top","from":"yqqweb"}},"req_2":{"module":"music.paycenterapi.LoginStateVerificationApi","method":"GetChargeAccount","param":{"appid":"mlive"}},"req_3":{"module":"musicToplist.ToplistInfoServer","method":"GetAll","param":{}}} 参数1: 1
 [12] [fog_6] 调用结果: 34
 [13] [fog_7] 方法名: ƒ charCodeAt() { [native code] } 调用对象: {"comm":{"cv":4747474,"ct":24,"format":"json","inCharset":"utf-8","outCharset":"utf-8","notice":0,"platform":"yqq.json","needNewCode":1,"uin":0,"g_tk_new_20200303":5381,"g_tk":5381},"req_1":{"module":"music.musicsearch.HotkeyService","method":"GetHotkeyForQQMusicMobile","param":{"searchid":"31365759695277856","remoteplace":"txt.yqq.top","from":"yqqweb"}},"req_2":{"module":"music.paycenterapi.LoginStateVerificationApi","method":"GetChargeAccount","param":{"appid":"mlive"}},"req_3":{"module":"musicToplist.ToplistInfoServer","method":"GetAll","param":{}}} 参数1: 2
 [14] [fog_7] 调用结果: 99
 [15] [fog_8] 方法名: ƒ charCodeAt() { [native code] } 调用对象: {"comm":{"cv":4747474,"ct":24,"format":"json","inCharset":"utf-8","outCharset":"utf-8","notice":0,"platform":"yqq.json","needNewCode":1,"uin":0,"g_tk_new_20200303":5381,"g_tk":5381},"req_1":{"module":"music.musicsearch.HotkeyService","method":"GetHotkeyForQQMusicMobile","param":{"searchid":"31365759695277856","remoteplace":"txt.yqq.top","from":"yqqweb"}},"req_2":{"module":"music.paycenterapi.LoginStateVerificationApi","method":"GetChargeAccount","param":{"appid":"mlive"}},"req_3":{"module":"musicToplist.ToplistInfoServer","method":"GetAll","param":{}}} 参数1: 3
 [16] [fog_8] 调用结果: 111
 [17] [fog_9] 方法名: ƒ charCodeAt() { [native code] } 调用对象: {"comm":{"cv":4747474,"ct":24,"format":"json","inCharset":"utf-8","outCharset":"utf-8","notice":0,"platform":"yqq.json","needNewCode":1,"uin":0,"g_tk_new_20200303":5381,"g_tk":5381},"req_1":{"module":"music.musicsearch.HotkeyService","method":"GetHotkeyForQQMusicMobile","param":{"searchid":"31365759695277856","remoteplace":"txt.yqq.top","from":"yqqweb"}},"req_2":{"module":"music.paycenterapi.LoginStateVerificationApi","method":"GetChargeAccount","param":{"appid":"mlive"}},"req_3":{"module":"musicToplist.ToplistInfoServer","method":"GetAll","param":{}}} 参数1: 4
 [18] [fog_9] 调用结果: 109
 [19] [fog_10] 方法名: ƒ charCodeAt() { [native code] } 调用对象: {"comm":{"cv":4747474,"ct":24,"format":"json","inCharset":"utf-8","outCharset":"utf-8","notice":0,"platform":"yqq.json","needNewCode":1,"uin":0,"g_tk_new_20200303":5381,"g_tk":5381},"req_1":{"module":"music.musicsearch.HotkeyService","method":"GetHotkeyForQQMusicMobile","param":{"searchid":"31365759695277856","remoteplace":"txt.yqq.top","from":"yqqweb"}},"req_2":{"module":"music.paycenterapi.LoginStateVerificationApi","method":"GetChargeAccount","param":{"appid":"mlive"}},"req_3":{"module":"musicToplist.ToplistInfoServer","method":"GetAll","param":{}}} 参数1: 5
 [20] [fog_10] 调用结果: 109
 [21] [fog_11] 方法名: ƒ charCodeAt() { [native code] } 调用对象: {"comm":{"cv":4747474,"ct":24,"format":"json","inCharset":"utf-8","outCharset":"utf-8","notice":0,"platform":"yqq.json","needNewCode":1,"uin":0,"g_tk_new_20200303":5381,"g_tk":5381},"req_1":{"module":"music.musicsearch.HotkeyService","method":"GetHotkeyForQQMusicMobile","param":{"searchid":"31365759695277856","remoteplace":"txt.yqq.top","from":"yqqweb"}},"req_2":{"module":"music.paycenterapi.LoginStateVerificationApi","method":"GetChargeAccount","param":{"appid":"mlive"}},"req_3":{"module":"musicToplist.ToplistInfoServer","method":"GetAll","param":{}}} 参数1: 6
 [22] [fog_11] 调用结果: 34
 [23] [fog_12] 方法名: ƒ charCodeAt() { [native code] } 调用对象: {"comm":{"cv":4747474,"ct":24,"format":"json","inCharset":"utf-8","outCharset":"utf-8","notice":0,"platform":"yqq.json","needNewCode":1,"uin":0,"g_tk_new_20200303":5381,"g_tk":5381},"req_1":{"module":"music.musicsearch.HotkeyService","method":"GetHotkeyForQQMusicMobile","param":{"searchid":"31365759695277856","remoteplace":"txt.yqq.top","from":"yqqweb"}},"req_2":{"module":"music.paycenterapi.LoginStateVerificationApi","method":"GetChargeAccount","param":{"appid":"mlive"}},"req_3":{"module":"musicToplist.ToplistInfoServer","method":"GetAll","param":{}}} 参数1: 7
 [24] [fog_12] 调用结果: 58
 [25] [fog_13] 方法名: ƒ charCodeAt() { [native code] } 调用对象: {"comm":{"cv":4747474,"ct":24,"format":"json","inCharset":"utf-8","outCharset":"utf-8","notice":0,"platform":"yqq.json","needNewCode":1,"uin":0,"g_tk_new_20200303":5381,"g_tk":5381},"req_1":{"module":"music.musicsearch.HotkeyService","method":"GetHotkeyForQQMusicMobile","param":{"searchid":"31365759695277856","remoteplace":"txt.yqq.top","from":"yqqweb"}},"req_2":{"module":"music.paycenterapi.LoginStateVerificationApi","method":"GetChargeAccount","param":{"appid":"mlive"}},"req_3":{"module":"musicToplist.ToplistInfoServer","method":"GetAll","param":{}}} 参数1: 8
 [26] [fog_13] 调用结果: 123
 [27] [fog_14] 方法名: ƒ charCodeAt() { [native code] } 调用对象: {"comm":{"cv":4747474,"ct":24,"format":"json","inCharset":"utf-8","outCharset":"utf-8","notice":0,"platform":"yqq.json","needNewCode":1,"uin":0,"g_tk_new_20200303":5381,"g_tk":5381},"req_1":{"module":"music.musicsearch.HotkeyService","method":"GetHotkeyForQQMusicMobile","param":{"searchid":"31365759695277856","remoteplace":"txt.yqq.top","from":"yqqweb"}},"req_2":{"module":"music.paycenterapi.LoginStateVerificationApi","method":"GetChargeAccount","param":{"appid":"mlive"}},"req_3":{"module":"musicToplist.ToplistInfoServer","method":"GetAll","param":{}}} 参数1: 9
 [28] [fog_14] 调用结果: 34
 [29] [fog_15] 方法名: ƒ charCodeAt() { [native code] } 调用对象: {"comm":{"cv":4747474,"ct":24,"format":"json","inCharset":"utf-8","outCharset":"utf-8","notice":0,"platform":"yqq.json","needNewCode":1,"uin":0,"g_tk_new_20200303":5381,"g_tk":5381},"req_1":{"module":"music.musicsearch.HotkeyService","method":"GetHotkeyForQQMusicMobile","param":{"searchid":"31365759695277856","remoteplace":"txt.yqq.top","from":"yqqweb"}},"req_2":{"module":"music.paycenterapi.LoginStateVerificationApi","method":"GetChargeAccount","param":{"appid":"mlive"}},"req_3":{"module":"musicToplist.ToplistInfoServer","method":"GetAll","param":{}}} 参数1: 10
 [30] [fog_15] 调用结果: 99
 [31] [fog_16] 方法名: ƒ charCodeAt() { [native code] } 调用对象: {"comm":{"cv":4747474,"ct":24,"format":"json","inCharset":"utf-8","outCharset":"utf-8","notice":0,"platform":"yqq.json","needNewCode":1,"uin":0,"g_tk_new_20200303":5381,"g_tk":5381},"req_1":{"module":"music.musicsearch.HotkeyService","method":"GetHotkeyForQQMusicMobile","param":{"searchid":"31365759695277856","remoteplace":"txt.yqq.top","from":"yqqweb"}},"req_2":{"module":"music.paycenterapi.LoginStateVerificationApi","method":"GetChargeAccount","param":{"appid":"mlive"}},"req_3":{"module":"musicToplist.ToplistInfoServer","method":"GetAll","param":{}}} 参数1: 11
 [32] [fog_16] 调用结果: 118
 [33] [fog_17] 方法名: ƒ charCodeAt() { [native code] } 调用对象: {"comm":{"cv":4747474,"ct":24,"format":"json","inCharset":"utf-8","outCharset":"utf-8","notice":0,"platform":"yqq.json","needNewCode":1,"uin":0,"g_tk_new_20200303":5381,"g_tk":5381},"req_1":{"module":"music.musicsearch.HotkeyService","method":"GetHotkeyForQQMusicMobile","param":{"searchid":"31365759695277856","remoteplace":"txt.yqq.top","from":"yqqweb"}},"req_2":{"module":"music.paycenterapi.LoginStateVerificationApi","method":"GetChargeAccount","param":{"appid":"mlive"}},"req_3":{"module":"musicToplist.ToplistInfoServer","method":"GetAll","param":{}}} 参数1: 12
 [34] [fog_17] 调用结果: 34
 [35] [fog_18] 方法名: ƒ charCodeAt() { [native code] } 调用对象: {"comm":{"cv":4747474,"ct":24,"format":"json","inCharset":"utf-8","outCharset":"utf-8","notice":0,"platform":"yqq.json","needNewCode":1,"uin":0,"g_tk_new_20200303":5381,"g_tk":5381},"req_1":{"module":"music.musicsearch.HotkeyService","method":"GetHotkeyForQQMusicMobile","param":{"searchid":"31365759695277856","remoteplace":"txt.yqq.top","from":"yqqweb"}},"req_2":{"module":"music.paycenterapi.LoginStateVerificationApi","method":"GetChargeAccount","param":{"appid":"mlive"}},"req_3":{"module":"musicToplist.ToplistInfoServer","method":"GetAll","param":{}}} 参数1: 13
 [36] [fog_18] 调用结果: 58
 [37] [fog_19] 方法名: ƒ charCodeAt() { [native code] } 调用对象: {"comm":{"cv":4747474,"ct":24,"format":"json","inCharset":"utf-8","outCharset":"utf-8","notice":0,"platform":"yqq.json","needNewCode":1,"uin":0,"g_tk_new_20200303":5381,"g_tk":5381},"req_1":{"module":"music.musicsearch.HotkeyService","method":"GetHotkeyForQQMusicMobile","param":{"searchid":"31365759695277856","remoteplace":"txt.yqq.top","from":"yqqweb"}},"req_2":{"module":"music.paycenterapi.LoginStateVerificationApi","method":"GetChargeAccount","param":{"appid":"mlive"}},"req_3":{"module":"musicToplist.ToplistInfoServer","method":"GetAll","param":{}}} 参数1: 14
 [38] [fog_19] 调用结果: 52
 [39] [fog_20] 方法名: ƒ charCodeAt() { [native code] } 调用对象: {"comm":{"cv":4747474,"ct":24,"format":"json","inCharset":"utf-8","outCharset":"utf-8","notice":0,"platform":"yqq.json","needNewCode":1,"uin":0,"g_tk_new_20200303":5381,"g_tk":5381},"req_1":{"module":"music.musicsearch.HotkeyService","method":"GetHotkeyForQQMusicMobile","param":{"searchid":"31365759695277856","remoteplace":"txt.yqq.top","from":"yqqweb"}},"req_2":{"module":"music.paycenterapi.LoginStateVerificationApi","method":"GetChargeAccount","param":{"appid":"mlive"}},"req_3":{"module":"musicToplist.ToplistInfoServer","method":"GetAll","param":{}}} 参数1: 15
 [40] [fog_20] 调用结果: 55
 [41] [fog_21] 方法名: ƒ charCodeAt() { [native code] } 调用对象: {"comm":{"cv":4747474,"ct":24,"format":"json","inCharset":"utf-8","outCharset":"utf-8","notice":0,"platform":"yqq.json","needNewCode":1,"uin":0,"g_tk_new_20200303":5381,"g_tk":5381},"req_1":{"module":"music.musicsearch.HotkeyService","method":"GetHotkeyForQQMusicMobile","param":{"searchid":"31365759695277856","remoteplace":"txt.yqq.top","from":"yqqweb"}},"req_2":{"module":"music.paycenterapi.LoginStateVerificationApi","method":"GetChargeAccount","param":{"appid":"mlive"}},"req_3":{"module":"musicToplist.ToplistInfoServer","method":"GetAll","param":{}}} 参数1: 16
 [42] [fog_21] 调用结果: 52
 [43] [fog_22] 方法名: ƒ charCodeAt() { [native code] } 调用对象: {"comm":{"cv":4747474,"ct":24,"format":"json","inCharset":"utf-8","outCharset":"utf-8","notice":0,"platform":"yqq.json","needNewCode":1,"uin":0,"g_tk_new_20200303":5381,"g_tk":5381},"req_1":{"module":"music.musicsearch.HotkeyService","method":"GetHotkeyForQQMusicMobile","param":{"searchid":"31365759695277856","remoteplace":"txt.yqq.top","from":"yqqweb"}},"req_2":{"module":"music.paycenterapi.LoginStateVerificationApi","method":"GetChargeAccount","param":{"appid":"mlive"}},"req_3":{"module":"musicToplist.ToplistInfoServer","method":"GetAll","param":{}}} 参数1: 17
 [44] [fog_22] 调用结果: 55
 [45] [fog_23] 方法名: ƒ charCodeAt() { [native code] } 调用对象: {"comm":{"cv":4747474,"ct":24,"format":"json","inCharset":"utf-8","outCharset":"utf-8","notice":0,"platform":"yqq.json","needNewCode":1,"uin":0,"g_tk_new_20200303":5381,"g_tk":5381},"req_1":{"module":"music.musicsearch.HotkeyService","method":"GetHotkeyForQQMusicMobile","param":{"searchid":"31365759695277856","remoteplace":"txt.yqq.top","from":"yqqweb"}},"req_2":{"module":"music.paycenterapi.LoginStateVerificationApi","method":"GetChargeAccount","param":{"appid":"mlive"}},"req_3":{"module":"musicToplist.ToplistInfoServer","method":"GetAll","param":{}}} 参数1: 18
 [46] [fog_23] 调用结果: 52
 [47] [fog_24] 方法名: ƒ charCodeAt() { [native code] } 调用对象: {"comm":{"cv":4747474,"ct":24,"format":"json","inCharset":"utf-8","outCharset":"utf-8","notice":0,"platform":"yqq.json","needNewCode":1,"uin":0,"g_tk_new_20200303":5381,"g_tk":5381},"req_1":{"module":"music.musicsearch.HotkeyService","method":"GetHotkeyForQQMusicMobile","param":{"searchid":"31365759695277856","remoteplace":"txt.yqq.top","from":"yqqweb"}},"req_2":{"module":"music.paycenterapi.LoginStateVerificationApi","method":"GetChargeAccount","param":{"appid":"mlive"}},"req_3":{"module":"musicToplist.ToplistInfoServer","method":"GetAll","param":{}}} 参数1: 19
 [48] [fog_24] 调用结果: 55
 [49] [fog_25] 方法名: ƒ charCodeAt() { [native code] } 调用对象: {"comm":{"cv":4747474,"ct":24,"format":"json","inCharset":"utf-8","outCharset":"utf-8","notice":0,"platform":"yqq.json","needNewCode":1,"uin":0,"g_tk_new_20200303":5381,"g_tk":5381},"req_1":{"module":"music.musicsearch.HotkeyService","method":"GetHotkeyForQQMusicMobile","param":{"searchid":"31365759695277856","remoteplace":"txt.yqq.top","from":"yqqweb"}},"req_2":{"module":"music.paycenterapi.LoginStateVerificationApi","method":"GetChargeAccount","param":{"appid":"mlive"}},"req_3":{"module":"musicToplist.ToplistInfoServer","method":"GetAll","param":{}}} 参数1: 20
 [50] [fog_25] 调用结果: 52
 [51] [fog_26] 方法名: ƒ charCodeAt() { [native code] } 调用对象: {"comm":{"cv":4747474,"ct":24,"format":"json","inCharset":"utf-8","outCharset":"utf-8","notice":0,"platform":"yqq.json","needNewCode":1,"uin":0,"g_tk_new_20200303":5381,"g_tk":5381},"req_1":{"module":"music.musicsearch.HotkeyService","method":"GetHotkeyForQQMusicMobile","param":{"searchid":"31365759695277856","remoteplace":"txt.yqq.top","from":"yqqweb"}},"req_2":{"module":"music.paycenterapi.LoginStateVerificationApi","method":"GetChargeAccount","param":{"appid":"mlive"}},"req_3":{"module":"musicToplist.ToplistInfoServer","method":"GetAll","param":{}}} 参数1: 21
 [52] [fog_26] 调用结果: 44
 [53] [fog_27] 方法名: ƒ charCodeAt() { [native code] } 调用对象: {"comm":{"cv":4747474,"ct":24,"format":"json","inCharset":"utf-8","outCharset":"utf-8","notice":0,"platform":"yqq.json","needNewCode":1,"uin":0,"g_tk_new_20200303":5381,"g_tk":5381},"req_1":{"module":"music.musicsearch.HotkeyService","method":"GetHotkeyForQQMusicMobile","param":{"searchid":"31365759695277856","remoteplace":"txt.yqq.top","from":"yqqweb"}},"req_2":{"module":"music.paycenterapi.LoginStateVerificationApi","method":"GetChargeAccount","param":{"appid":"mlive"}},"req_3":{"module":"musicToplist.ToplistInfoServer","method":"GetAll","param":{}}} 参数1: 22
 [54] [fog_27] 调用结果: 34
 [55] [fog_28] 方法名: ƒ charCodeAt() { [native code] } 调用对象: {"comm":{"cv":4747474,"ct":24,"format":"json","inCharset":"utf-8","outCharset":"utf-8","notice":0,"platform":"yqq.json","needNewCode":1,"uin":0,"g_tk_new_20200303":5381,"g_tk":5381},"req_1":{"module":"music.musicsearch.HotkeyService","method":"GetHotkeyForQQMusicMobile","param":{"searchid":"31365759695277856","remoteplace":"txt.yqq.top","from":"yqqweb"}},"req_2":{"module":"music.paycenterapi.LoginStateVerificationApi","method":"GetChargeAccount","param":{"appid":"mlive"}},"req_3":{"module":"musicToplist.ToplistInfoServer","method":"GetAll","param":{}}} 参数1: 23
 [56] [fog_28] 调用结果: 99
 [57] [fog_29] 方法名: ƒ charCodeAt() { [native code] } 调用对象: {"comm":{"cv":4747474,"ct":24,"format":"json","inCharset":"utf-8","outCharset":"utf-8","notice":0,"platform":"yqq.json","needNewCode":1,"uin":0,"g_tk_new_20200303":5381,"g_tk":5381},"req_1":{"module":"music.musicsearch.HotkeyService","method":"GetHotkeyForQQMusicMobile","param":{"searchid":"31365759695277856","remoteplace":"txt.yqq.top","from":"yqqweb"}},"req_2":{"module":"music.paycenterapi.LoginStateVerificationApi","method":"GetChargeAccount","param":{"appid":"mlive"}},"req_3":{"module":"musicToplist.ToplistInfoServer","method":"GetAll","param":{}}} 参数1: 24
 [58] [fog_29] 调用结果: 116
 [59] [fog_30] 方法名: ƒ charCodeAt() { [native code] } 调用对象: {"comm":{"cv":4747474,"ct":24,"format":"json","inCharset":"utf-8","outCharset":"utf-8","notice":0,"platform":"yqq.json","needNewCode":1,"uin":0,"g_tk_new_20200303":5381,"g_tk":5381},"req_1":{"module":"music.musicsearch.HotkeyService","method":"GetHotkeyForQQMusicMobile","param":{"searchid":"31365759695277856","remoteplace":"txt.yqq.top","from":"yqqweb"}},"req_2":{"module":"music.paycenterapi.LoginStateVerificationApi","method":"GetChargeAccount","param":{"appid":"mlive"}},"req_3":{"module":"musicToplist.ToplistInfoServer","method":"GetAll","param":{}}} 参数1: 25
 [60] [fog_30] 调用结果: 34
 [61] [fog_31] 方法名: ƒ charCodeAt() { [native code] } 调用对象: {"comm":{"cv":4747474,"ct":24,"format":"json","inCharset":"utf-8","outCharset":"utf-8","notice":0,"platform":"yqq.json","needNewCode":1,"uin":0,"g_tk_new_20200303":5381,"g_tk":5381},"req_1":{"module":"music.musicsearch.HotkeyService","method":"GetHotkeyForQQMusicMobile","param":{"searchid":"31365759695277856","remoteplace":"txt.yqq.top","from":"yqqweb"}},"req_2":{"module":"music.paycenterapi.LoginStateVerificationApi","method":"GetChargeAccount","param":{"appid":"mlive"}},"req_3":{"module":"musicToplist.ToplistInfoServer","method":"GetAll","param":{}}} 参数1: 26
 [62] [fog_31] 调用结果: 58
 [63] [fog_32] 方法名: ƒ charCodeAt() { [native code] } 调用对象: {"comm":{"cv":4747474,"ct":24,"format":"json","inCharset":"utf-8","outCharset":"utf-8","notice":0,"platform":"yqq.json","needNewCode":1,"uin":0,"g_tk_new_20200303":5381,"g_tk":5381},"req_1":{"module":"music.musicsearch.HotkeyService","method":"GetHotkeyForQQMusicMobile","param":{"searchid":"31365759695277856","remoteplace":"txt.yqq.top","from":"yqqweb"}},"req_2":{"module":"music.paycenterapi.LoginStateVerificationApi","method":"GetChargeAccount","param":{"appid":"mlive"}},"req_3":{"module":"musicToplist.ToplistInfoServer","method":"GetAll","param":{}}} 参数1: 27
 [64] [fog_32] 调用结果: 50
 [65] [fog_33] 方法名: ƒ charCodeAt() { [native code] } 调用对象: {"comm":{"cv":4747474,"ct":24,"format":"json","inCharset":"utf-8","outCharset":"utf-8","notice":0,"platform":"yqq.json","needNewCode":1,"uin":0,"g_tk_new_20200303":5381,"g_tk":5381},"req_1":{"module":"music.musicsearch.HotkeyService","method":"GetHotkeyForQQMusicMobile","param":{"searchid":"31365759695277856","remoteplace":"txt.yqq.top","from":"yqqweb"}},"req_2":{"module":"music.paycenterapi.LoginStateVerificationApi","method":"GetChargeAccount","param":{"appid":"mlive"}},"req_3":{"module":"musicToplist.ToplistInfoServer","method":"GetAll","param":{}}} 参数1: 28
 [66] [fog_33] 调用结果: 52
 [67] [fog_34] 方法名: ƒ charCodeAt() { [native code] } 调用对象: {"comm":{"cv":4747474,"ct":24,"format":"json","inCharset":"utf-8","outCharset":"utf-8","notice":0,"platform":"yqq.json","needNewCode":1,"uin":0,"g_tk_new_20200303":5381,"g_tk":5381},"req_1":{"module":"music.musicsearch.HotkeyService","method":"GetHotkeyForQQMusicMobile","param":{"searchid":"31365759695277856","remoteplace":"txt.yqq.top","from":"yqqweb"}},"req_2":{"module":"music.paycenterapi.LoginStateVerificationApi","method":"GetChargeAccount","param":{"appid":"mlive"}},"req_3":{"module":"musicToplist.ToplistInfoServer","method":"GetAll","param":{}}} 参数1: 29
 [68] [fog_34] 调用结果: 44
 [69] [fog_35] 方法名: ƒ charCodeAt() { [native code] } 调用对象: {"comm":{"cv":4747474,"ct":24,"format":"json","inCharset":"utf-8","outCharset":"utf-8","notice":0,"platform":"yqq.json","needNewCode":1,"uin":0,"g_tk_new_20200303":5381,"g_tk":5381},"req_1":{"module":"music.musicsearch.HotkeyService","method":"GetHotkeyForQQMusicMobile","param":{"searchid":"31365759695277856","remoteplace":"txt.yqq.top","from":"yqqweb"}},"req_2":{"module":"music.paycenterapi.LoginStateVerificationApi","method":"GetChargeAccount","param":{"appid":"mlive"}},"req_3":{"module":"musicToplist.ToplistInfoServer","method":"GetAll","param":{}}} 参数1: 30
 [70] [fog_35] 调用结果: 34
 [71] [fog_36] 方法名: ƒ charCodeAt() { [native code] } 调用对象: {"comm":{"cv":4747474,"ct":24,"format":"json","inCharset":"utf-8","outCharset":"utf-8","notice":0,"platform":"yqq.json","needNewCode":1,"uin":0,"g_tk_new_20200303":5381,"g_tk":5381},"req_1":{"module":"music.musicsearch.HotkeyService","method":"GetHotkeyForQQMusicMobile","param":{"searchid":"31365759695277856","remoteplace":"txt.yqq.top","from":"yqqweb"}},"req_2":{"module":"music.paycenterapi.LoginStateVerificationApi","method":"GetChargeAccount","param":{"appid":"mlive"}},"req_3":{"module":"musicToplist.ToplistInfoServer","method":"GetAll","param":{}}} 参数1: 31
 [72] [fog_36] 调用结果: 102
 [73] [fog_37] 方法名: ƒ charCodeAt() { [native code] } 调用对象: {"comm":{"cv":4747474,"ct":24,"format":"json","inCharset":"utf-8","outCharset":"utf-8","notice":0,"platform":"yqq.json","needNewCode":1,"uin":0,"g_tk_new_20200303":5381,"g_tk":5381},"req_1":{"module":"music.musicsearch.HotkeyService","method":"GetHotkeyForQQMusicMobile","param":{"searchid":"31365759695277856","remoteplace":"txt.yqq.top","from":"yqqweb"}},"req_2":{"module":"music.paycenterapi.LoginStateVerificationApi","method":"GetChargeAccount","param":{"appid":"mlive"}},"req_3":{"module":"musicToplist.ToplistInfoServer","method":"GetAll","param":{}}} 参数1: 32
 [74] [fog_37] 调用结果: 111
 [75] [fog_38] 方法名: ƒ charCodeAt() { [native code] } 调用对象: {"comm":{"cv":4747474,"ct":24,"format":"json","inCharset":"utf-8","outCharset":"utf-8","notice":0,"platform":"yqq.json","needNewCode":1,"uin":0,"g_tk_new_20200303":5381,"g_tk":5381},"req_1":{"module":"music.musicsearch.HotkeyService","method":"GetHotkeyForQQMusicMobile","param":{"searchid":"31365759695277856","remoteplace":"txt.yqq.top","from":"yqqweb"}},"req_2":{"module":"music.paycenterapi.LoginStateVerificationApi","method":"GetChargeAccount","param":{"appid":"mlive"}},"req_3":{"module":"musicToplist.ToplistInfoServer","method":"GetAll","param":{}}} 参数1: 33
 [76] [fog_38] 调用结果: 114
 [77] [fog_39] 方法名: ƒ charCodeAt() { [native code] } 调用对象: {"comm":{"cv":4747474,"ct":24,"format":"json","inCharset":"utf-8","outCharset":"utf-8","notice":0,"platform":"yqq.json","needNewCode":1,"uin":0,"g_tk_new_20200303":5381,"g_tk":5381},"req_1":{"module":"music.musicsearch.HotkeyService","method":"GetHotkeyForQQMusicMobile","param":{"searchid":"31365759695277856","remoteplace":"txt.yqq.top","from":"yqqweb"}},"req_2":{"module":"music.paycenterapi.LoginStateVerificationApi","method":"GetChargeAccount","param":{"appid":"mlive"}},"req_3":{"module":"musicToplist.ToplistInfoServer","method":"GetAll","param":{}}} 参数1: 34
 [78] [fog_39] 调用结果: 109
 [79] [fog_40] 方法名: ƒ charCodeAt() { [native code] } 调用对象: {"comm":{"cv":4747474,"ct":24,"format":"json","inCharset":"utf-8","outCharset":"utf-8","notice":0,"platform":"yqq.json","needNewCode":1,"uin":0,"g_tk_new_20200303":5381,"g_tk":5381},"req_1":{"module":"music.musicsearch.HotkeyService","method":"GetHotkeyForQQMusicMobile","param":{"searchid":"31365759695277856","remoteplace":"txt.yqq.top","from":"yqqweb"}},"req_2":{"module":"music.paycenterapi.LoginStateVerificationApi","method":"GetChargeAccount","param":{"appid":"mlive"}},"req_3":{"module":"musicToplist.ToplistInfoServer","method":"GetAll","param":{}}} 参数1: 35
 [80] [fog_40] 调用结果: 97
 [81] [fog_41] 方法名: ƒ charCodeAt() { [native code] } 调用对象: {"comm":{"cv":4747474,"ct":24,"format":"json","inCharset":"utf-8","outCharset":"utf-8","notice":0,"platform":"yqq.json","needNewCode":1,"uin":0,"g_tk_new_20200303":5381,"g_tk":5381},"req_1":{"module":"music.musicsearch.HotkeyService","method":"GetHotkeyForQQMusicMobile","param":{"searchid":"31365759695277856","remoteplace":"txt.yqq.top","from":"yqqweb"}},"req_2":{"module":"music.paycenterapi.LoginStateVerificationApi","method":"GetChargeAccount","param":{"appid":"mlive"}},"req_3":{"module":"musicToplist.ToplistInfoServer","method":"GetAll","param":{}}} 参数1: 36
 [82] [fog_41] 调用结果: 116
 [83] [fog_42] 方法名: ƒ charCodeAt() { [native code] } 调用对象: {"comm":{"cv":4747474,"ct":24,"format":"json","inCharset":"utf-8","outCharset":"utf-8","notice":0,"platform":"yqq.json","needNewCode":1,"uin":0,"g_tk_new_20200303":5381,"g_tk":5381},"req_1":{"module":"music.musicsearch.HotkeyService","method":"GetHotkeyForQQMusicMobile","param":{"searchid":"31365759695277856","remoteplace":"txt.yqq.top","from":"yqqweb"}},"req_2":{"module":"music.paycenterapi.LoginStateVerificationApi","method":"GetChargeAccount","param":{"appid":"mlive"}},"req_3":{"module":"musicToplist.ToplistInfoServer","method":"GetAll","param":{}}} 参数1: 37
 [84] [fog_42] 调用结果: 34
 [85] [fog_43] 方法名: ƒ charCodeAt() { [native code] } 调用对象: {"comm":{"cv":4747474,"ct":24,"format":"json","inCharset":"utf-8","outCharset":"utf-8","notice":0,"platform":"yqq.json","needNewCode":1,"uin":0,"g_tk_new_20200303":5381,"g_tk":5381},"req_1":{"module":"music.musicsearch.HotkeyService","method":"GetHotkeyForQQMusicMobile","param":{"searchid":"31365759695277856","remoteplace":"txt.yqq.top","from":"yqqweb"}},"req_2":{"module":"music.paycenterapi.LoginStateVerificationApi","method":"GetChargeAccount","param":{"appid":"mlive"}},"req_3":{"module":"musicToplist.ToplistInfoServer","method":"GetAll","param":{}}} 参数1: 38
 [86] [fog_43] 调用结果: 58
 [87] [fog_44] 方法名: ƒ charCodeAt() { [native code] } 调用对象: {"comm":{"cv":4747474,"ct":24,"format":"json","inCharset":"utf-8","outCharset":"utf-8","notice":0,"platform":"yqq.json","needNewCode":1,"uin":0,"g_tk_new_20200303":5381,"g_tk":5381},"req_1":{"module":"music.musicsearch.HotkeyService","method":"GetHotkeyForQQMusicMobile","param":{"searchid":"31365759695277856","remoteplace":"txt.yqq.top","from":"yqqweb"}},"req_2":{"module":"music.paycenterapi.LoginStateVerificationApi","method":"GetChargeAccount","param":{"appid":"mlive"}},"req_3":{"module":"musicToplist.ToplistInfoServer","method":"GetAll","param":{}}} 参数1: 39
 [88] [fog_44] 调用结果: 34
 [89] [fog_45] 方法名: ƒ charCodeAt() { [native code] } 调用对象: {"comm":{"cv":4747474,"ct":24,"format":"json","inCharset":"utf-8","outCharset":"utf-8","notice":0,"platform":"yqq.json","needNewCode":1,"uin":0,"g_tk_new_20200303":5381,"g_tk":5381},"req_1":{"module":"music.musicsearch.HotkeyService","method":"GetHotkeyForQQMusicMobile","param":{"searchid":"31365759695277856","remoteplace":"txt.yqq.top","from":"yqqweb"}},"req_2":{"module":"music.paycenterapi.LoginStateVerificationApi","method":"GetChargeAccount","param":{"appid":"mlive"}},"req_3":{"module":"musicToplist.ToplistInfoServer","method":"GetAll","param":{}}} 参数1: 40
 [90] [fog_45] 调用结果: 106
 [91] [fog_46] 方法名: ƒ charCodeAt() { [native code] } 调用对象: {"comm":{"cv":4747474,"ct":24,"format":"json","inCharset":"utf-8","outCharset":"utf-8","notice":0,"platform":"yqq.json","needNewCode":1,"uin":0,"g_tk_new_20200303":5381,"g_tk":5381},"req_1":{"module":"music.musicsearch.HotkeyService","method":"GetHotkeyForQQMusicMobile","param":{"searchid":"31365759695277856","remoteplace":"txt.yqq.top","from":"yqqweb"}},"req_2":{"module":"music.paycenterapi.LoginStateVerificationApi","method":"GetChargeAccount","param":{"appid":"mlive"}},"req_3":{"module":"musicToplist.ToplistInfoServer","method":"GetAll","param":{}}} 参数1: 41
 [92] [fog_46] 调用结果: 115
 [93] [fog_47] 方法名: ƒ charCodeAt() { [native code] } 调用对象: {"comm":{"cv":4747474,"ct":24,"format":"json","inCharset":"utf-8","outCharset":"utf-8","notice":0,"platform":"yqq.json","needNewCode":1,"uin":0,"g_tk_new_20200303":5381,"g_tk":5381},"req_1":{"module":"music.musicsearch.HotkeyService","method":"GetHotkeyForQQMusicMobile","param":{"searchid":"31365759695277856","remoteplace":"txt.yqq.top","from":"yqqweb"}},"req_2":{"module":"music.paycenterapi.LoginStateVerificationApi","method":"GetChargeAccount","param":{"appid":"mlive"}},"req_3":{"module":"musicToplist.ToplistInfoServer","method":"GetAll","param":{}}} 参数1: 42
 [94] [fog_47] 调用结果: 111
 [95] [fog_48] 方法名: ƒ charCodeAt() { [native code] } 调用对象: {"comm":{"cv":4747474,"ct":24,"format":"json","inCharset":"utf-8","outCharset":"utf-8","notice":0,"platform":"yqq.json","needNewCode":1,"uin":0,"g_tk_new_20200303":5381,"g_tk":5381},"req_1":{"module":"music.musicsearch.HotkeyService","method":"GetHotkeyForQQMusicMobile","param":{"searchid":"31365759695277856","remoteplace":"txt.yqq.top","from":"yqqweb"}},"req_2":{"module":"music.paycenterapi.LoginStateVerificationApi","method":"GetChargeAccount","param":{"appid":"mlive"}},"req_3":{"module":"musicToplist.ToplistInfoServer","method":"GetAll","param":{}}} 参数1: 43
 [96] [fog_48] 调用结果: 110
 [97] [fog_49] 方法名: ƒ charCodeAt() { [native code] } 调用对象: {"comm":{"cv":4747474,"ct":24,"format":"json","inCharset":"utf-8","outCharset":"utf-8","notice":0,"platform":"yqq.json","needNewCode":1,"uin":0,"g_tk_new_20200303":5381,"g_tk":5381},"req_1":{"module":"music.musicsearch.HotkeyService","method":"GetHotkeyForQQMusicMobile","param":{"searchid":"31365759695277856","remoteplace":"txt.yqq.top","from":"yqqweb"}},"req_2":{"module":"music.paycenterapi.LoginStateVerificationApi","method":"GetChargeAccount","param":{"appid":"mlive"}},"req_3":{"module":"musicToplist.ToplistInfoServer","method":"GetAll","param":{}}} 参数1: 44
 [98] [fog_49] 调用结果: 34
 [99] [fog_50] 方法名: ƒ charCodeAt() { [native code] } 调用对象: {"comm":{"cv":4747474,"ct":24,"format":"json","inCharset":"utf-8","outCharset":"utf-8","notice":0,"platform":"yqq.json","needNewCode":1,"uin":0,"g_tk_new_20200303":5381,"g_tk":5381},"req_1":{"module":"music.musicsearch.HotkeyService","method":"GetHotkeyForQQMusicMobile","param":{"searchid":"31365759695277856","remoteplace":"txt.yqq.top","from":"yqqweb"}},"req_2":{"module":"music.paycenterapi.LoginStateVerificationApi","method":"GetChargeAccount","param":{"appid":"mlive"}},"req_3":{"module":"musicToplist.ToplistInfoServer","method":"GetAll","param":{}}} 参数1: 45
 [100] [fog_50] 调用结果: 44
 [101] [fog_51] 方法名: ƒ charCodeAt() { [native code] } 调用对象: {"comm":{"cv":4747474,"ct":24,"format":"json","inCharset":"utf-8","outCharset":"utf-8","notice":0,"platform":"yqq.json","needNewCode":1,"uin":0,"g_tk_new_20200303":5381,"g_tk":5381},"req_1":{"module":"music.musicsearch.HotkeyService","method":"GetHotkeyForQQMusicMobile","param":{"searchid":"31365759695277856","remoteplace":"txt.yqq.top","from":"yqqweb"}},"req_2":{"module":"music.paycenterapi.LoginStateVerificationApi","method":"GetChargeAccount","param":{"appid":"mlive"}},"req_3":{"module":"musicToplist.ToplistInfoServer","method":"GetAll","param":{}}} 参数1: 46
 [102] [fog_51] 调用结果: 34
 [103] [fog_52] 方法名: ƒ charCodeAt() { [native code] } 调用对象: {"comm":{"cv":4747474,"ct":24,"format":"json","inCharset":"utf-8","outCharset":"utf-8","notice":0,"platform":"yqq.json","needNewCode":1,"uin":0,"g_tk_new_20200303":5381,"g_tk":5381},"req_1":{"module":"music.musicsearch.HotkeyService","method":"GetHotkeyForQQMusicMobile","param":{"searchid":"31365759695277856","remoteplace":"txt.yqq.top","from":"yqqweb"}},"req_2":{"module":"music.paycenterapi.LoginStateVerificationApi","method":"GetChargeAccount","param":{"appid":"mlive"}},"req_3":{"module":"musicToplist.ToplistInfoServer","method":"GetAll","param":{}}} 参数1: 47
 [104] [fog_52] 调用结果: 105
 [105] [fog_53] 方法名: ƒ charCodeAt() { [native code] } 调用对象: {"comm":{"cv":4747474,"ct":24,"format":"json","inCharset":"utf-8","outCharset":"utf-8","notice":0,"platform":"yqq.json","needNewCode":1,"uin":0,"g_tk_new_20200303":5381,"g_tk":5381},"req_1":{"module":"music.musicsearch.HotkeyService","method":"GetHotkeyForQQMusicMobile","param":{"searchid":"31365759695277856","remoteplace":"txt.yqq.top","from":"yqqweb"}},"req_2":{"module":"music.paycenterapi.LoginStateVerificationApi","method":"GetChargeAccount","param":{"appid":"mlive"}},"req_3":{"module":"musicToplist.ToplistInfoServer","method":"GetAll","param":{}}} 参数1: 48
 [106] [fog_53] 调用结果: 110
 [107] [fog_54] 方法名: ƒ charCodeAt() { [native code] } 调用对象: {"comm":{"cv":4747474,"ct":24,"format":"json","inCharset":"utf-8","outCharset":"utf-8","notice":0,"platform":"yqq.json","needNewCode":1,"uin":0,"g_tk_new_20200303":5381,"g_tk":5381},"req_1":{"module":"music.musicsearch.HotkeyService","method":"GetHotkeyForQQMusicMobile","param":{"searchid":"31365759695277856","remoteplace":"txt.yqq.top","from":"yqqweb"}},"req_2":{"module":"music.paycenterapi.LoginStateVerificationApi","method":"GetChargeAccount","param":{"appid":"mlive"}},"req_3":{"module":"musicToplist.ToplistInfoServer","method":"GetAll","param":{}}} 参数1: 49
 [108] [fog_54] 调用结果: 67
 [109] [fog_55] 方法名: ƒ charCodeAt() { [native code] } 调用对象: {"comm":{"cv":4747474,"ct":24,"format":"json","inCharset":"utf-8","outCharset":"utf-8","notice":0,"platform":"yqq.json","needNewCode":1,"uin":0,"g_tk_new_20200303":5381,"g_tk":5381},"req_1":{"module":"music.musicsearch.HotkeyService","method":"GetHotkeyForQQMusicMobile","param":{"searchid":"31365759695277856","remoteplace":"txt.yqq.top","from":"yqqweb"}},"req_2":{"module":"music.paycenterapi.LoginStateVerificationApi","method":"GetChargeAccount","param":{"appid":"mlive"}},"req_3":{"module":"musicToplist.ToplistInfoServer","method":"GetAll","param":{}}} 参数1: 50
 [110] [fog_55] 调用结果: 104
 [111] [fog_56] 方法名: ƒ charCodeAt() { [native code] } 调用对象: {"comm":{"cv":4747474,"ct":24,"format":"json","inCharset":"utf-8","outCharset":"utf-8","notice":0,"platform":"yqq.json","needNewCode":1,"uin":0,"g_tk_new_20200303":5381,"g_tk":5381},"req_1":{"module":"music.musicsearch.HotkeyService","method":"GetHotkeyForQQMusicMobile","param":{"searchid":"31365759695277856","remoteplace":"txt.yqq.top","from":"yqqweb"}},"req_2":{"module":"music.paycenterapi.LoginStateVerificationApi","method":"GetChargeAccount","param":{"appid":"mlive"}},"req_3":{"module":"musicToplist.ToplistInfoServer","method":"GetAll","param":{}}} 参数1: 51
 [112] [fog_56] 调用结果: 97
 [113] [fog_57] 方法名: ƒ charCodeAt() { [native code] } 调用对象: {"comm":{"cv":4747474,"ct":24,"format":"json","inCharset":"utf-8","outCharset":"utf-8","notice":0,"platform":"yqq.json","needNewCode":1,"uin":0,"g_tk_new_20200303":5381,"g_tk":5381},"req_1":{"module":"music.musicsearch.HotkeyService","method":"GetHotkeyForQQMusicMobile","param":{"searchid":"31365759695277856","remoteplace":"txt.yqq.top","from":"yqqweb"}},"req_2":{"module":"music.paycenterapi.LoginStateVerificationApi","method":"GetChargeAccount","param":{"appid":"mlive"}},"req_3":{"module":"musicToplist.ToplistInfoServer","method":"GetAll","param":{}}} 参数1: 52
 [114] [fog_57] 调用结果: 114
 [115] [fog_58] 方法名: ƒ charCodeAt() { [native code] } 调用对象: {"comm":{"cv":4747474,"ct":24,"format":"json","inCharset":"utf-8","outCharset":"utf-8","notice":0,"platform":"yqq.json","needNewCode":1,"uin":0,"g_tk_new_20200303":5381,"g_tk":5381},"req_1":{"module":"music.musicsearch.HotkeyService","method":"GetHotkeyForQQMusicMobile","param":{"searchid":"31365759695277856","remoteplace":"txt.yqq.top","from":"yqqweb"}},"req_2":{"module":"music.paycenterapi.LoginStateVerificationApi","method":"GetChargeAccount","param":{"appid":"mlive"}},"req_3":{"module":"musicToplist.ToplistInfoServer","method":"GetAll","param":{}}} 参数1: 53
 [116] [fog_58] 调用结果: 115
 [117] [fog_59] 方法名: ƒ charCodeAt() { [native code] } 调用对象: {"comm":{"cv":4747474,"ct":24,"format":"json","inCharset":"utf-8","outCharset":"utf-8","notice":0,"platform":"yqq.json","needNewCode":1,"uin":0,"g_tk_new_20200303":5381,"g_tk":5381},"req_1":{"module":"music.musicsearch.HotkeyService","method":"GetHotkeyForQQMusicMobile","param":{"searchid":"31365759695277856","remoteplace":"txt.yqq.top","from":"yqqweb"}},"req_2":{"module":"music.paycenterapi.LoginStateVerificationApi","method":"GetChargeAccount","param":{"appid":"mlive"}},"req_3":{"module":"musicToplist.ToplistInfoServer","method":"GetAll","param":{}}} 参数1: 54
 [118] [fog_59] 调用结果: 101
 [119] [fog_60] 方法名: ƒ charCodeAt() { [native code] } 调用对象: {"comm":{"cv":4747474,"ct":24,"format":"json","inCharset":"utf-8","outCharset":"utf-8","notice":0,"platform":"yqq.json","needNewCode":1,"uin":0,"g_tk_new_20200303":5381,"g_tk":5381},"req_1":{"module":"music.musicsearch.HotkeyService","method":"GetHotkeyForQQMusicMobile","param":{"searchid":"31365759695277856","remoteplace":"txt.yqq.top","from":"yqqweb"}},"req_2":{"module":"music.paycenterapi.LoginStateVerificationApi","method":"GetChargeAccount","param":{"appid":"mlive"}},"req_3":{"module":"musicToplist.ToplistInfoServer","method":"GetAll","param":{}}} 参数1: 55
 [120] [fog_60] 调用结果: 116
 [121] [fog_61] 方法名: ƒ charCodeAt() { [native code] } 调用对象: {"comm":{"cv":4747474,"ct":24,"format":"json","inCharset":"utf-8","outCharset":"utf-8","notice":0,"platform":"yqq.json","needNewCode":1,"uin":0,"g_tk_new_20200303":5381,"g_tk":5381},"req_1":{"module":"music.musicsearch.HotkeyService","method":"GetHotkeyForQQMusicMobile","param":{"searchid":"31365759695277856","remoteplace":"txt.yqq.top","from":"yqqweb"}},"req_2":{"module":"music.paycenterapi.LoginStateVerificationApi","method":"GetChargeAccount","param":{"appid":"mlive"}},"req_3":{"module":"musicToplist.ToplistInfoServer","method":"GetAll","param":{}}} 参数1: 56
 [122] [fog_61] 调用结果: 34
 [123] [fog_62] 方法名: ƒ charCodeAt() { [native code] } 调用对象: {"comm":{"cv":4747474,"ct":24,"format":"json","inCharset":"utf-8","outCharset":"utf-8","notice":0,"platform":"yqq.json","needNewCode":1,"uin":0,"g_tk_new_20200303":5381,"g_tk":5381},"req_1":{"module":"music.musicsearch.HotkeyService","method":"GetHotkeyForQQMusicMobile","param":{"searchid":"31365759695277856","remoteplace":"txt.yqq.top","from":"yqqweb"}},"req_2":{"module":"music.paycenterapi.LoginStateVerificationApi","method":"GetChargeAccount","param":{"appid":"mlive"}},"req_3":{"module":"musicToplist.ToplistInfoServer","method":"GetAll","param":{}}} 参数1: 57
 [124] [fog_62] 调用结果: 58
 [125] [fog_63] 方法名: ƒ charCodeAt() { [native code] } 调用对象: {"comm":{"cv":4747474,"ct":24,"format":"json","inCharset":"utf-8","outCharset":"utf-8","notice":0,"platform":"yqq.json","needNewCode":1,"uin":0,"g_tk_new_20200303":5381,"g_tk":5381},"req_1":{"module":"music.musicsearch.HotkeyService","method":"GetHotkeyForQQMusicMobile","param":{"searchid":"31365759695277856","remoteplace":"txt.yqq.top","from":"yqqweb"}},"req_2":{"module":"music.paycenterapi.LoginStateVerificationApi","method":"GetChargeAccount","param":{"appid":"mlive"}},"req_3":{"module":"musicToplist.ToplistInfoServer","method":"GetAll","param":{}}} 参数1: 58
 [126] [fog_63] 调用结果: 34
 [127] [fog_64] 方法名: ƒ charCodeAt() { [native code] } 调用对象: {"comm":{"cv":4747474,"ct":24,"format":"json","inCharset":"utf-8","outCharset":"utf-8","notice":0,"platform":"yqq.json","needNewCode":1,"uin":0,"g_tk_new_20200303":5381,"g_tk":5381},"req_1":{"module":"music.musicsearch.HotkeyService","method":"GetHotkeyForQQMusicMobile","param":{"searchid":"31365759695277856","remoteplace":"txt.yqq.top","from":"yqqweb"}},"req_2":{"module":"music.paycenterapi.LoginStateVerificationApi","method":"GetChargeAccount","param":{"appid":"mlive"}},"req_3":{"module":"musicToplist.ToplistInfoServer","method":"GetAll","param":{}}} 参数1: 59
 [128] [fog_64] 调用结果: 117
 [129] [fog_65] 方法名: ƒ charCodeAt() { [native code] } 调用对象: {"comm":{"cv":4747474,"ct":24,"format":"json","inCharset":"utf-8","outCharset":"utf-8","notice":0,"platform":"yqq.json","needNewCode":1,"uin":0,"g_tk_new_20200303":5381,"g_tk":5381},"req_1":{"module":"music.musicsearch.HotkeyService","method":"GetHotkeyForQQMusicMobile","param":{"searchid":"31365759695277856","remoteplace":"txt.yqq.top","from":"yqqweb"}},"req_2":{"module":"music.paycenterapi.LoginStateVerificationApi","method":"GetChargeAccount","param":{"appid":"mlive"}},"req_3":{"module":"musicToplist.ToplistInfoServer","method":"GetAll","param":{}}} 参数1: 60
 [130] [fog_65] 调用结果: 116
 [131] [fog_66] 方法名: ƒ charCodeAt() { [native code] } 调用对象: {"comm":{"cv":4747474,"ct":24,"format":"json","inCharset":"utf-8","outCharset":"utf-8","notice":0,"platform":"yqq.json","needNewCode":1,"uin":0,"g_tk_new_20200303":5381,"g_tk":5381},"req_1":{"module":"music.musicsearch.HotkeyService","method":"GetHotkeyForQQMusicMobile","param":{"searchid":"31365759695277856","remoteplace":"txt.yqq.top","from":"yqqweb"}},"req_2":{"module":"music.paycenterapi.LoginStateVerificationApi","method":"GetChargeAccount","param":{"appid":"mlive"}},"req_3":{"module":"musicToplist.ToplistInfoServer","method":"GetAll","param":{}}} 参数1: 61
 [132] [fog_66] 调用结果: 102
 [133] [fog_67] 方法名: ƒ charCodeAt() { [native code] } 调用对象: {"comm":{"cv":4747474,"ct":24,"format":"json","inCharset":"utf-8","outCharset":"utf-8","notice":0,"platform":"yqq.json","needNewCode":1,"uin":0,"g_tk_new_20200303":5381,"g_tk":5381},"req_1":{"module":"music.musicsearch.HotkeyService","method":"GetHotkeyForQQMusicMobile","param":{"searchid":"31365759695277856","remoteplace":"txt.yqq.top","from":"yqqweb"}},"req_2":{"module":"music.paycenterapi.LoginStateVerificationApi","method":"GetChargeAccount","param":{"appid":"mlive"}},"req_3":{"module":"musicToplist.ToplistInfoServer","method":"GetAll","param":{}}} 参数1: 62
 [134] [fog_67] 调用结果: 45
 [135] [fog_68] 方法名: ƒ charCodeAt() { [native code] } 调用对象: {"comm":{"cv":4747474,"ct":24,"format":"json","inCharset":"utf-8","outCharset":"utf-8","notice":0,"platform":"yqq.json","needNewCode":1,"uin":0,"g_tk_new_20200303":5381,"g_tk":5381},"req_1":{"module":"music.musicsearch.HotkeyService","method":"GetHotkeyForQQMusicMobile","param":{"searchid":"31365759695277856","remoteplace":"txt.yqq.top","from":"yqqweb"}},"req_2":{"module":"music.paycenterapi.LoginStateVerificationApi","method":"GetChargeAccount","param":{"appid":"mlive"}},"req_3":{"module":"musicToplist.ToplistInfoServer","method":"GetAll","param":{}}} 参数1: 63
 [136] [fog_68] 调用结果: 56
 [137] [fog_69] 方法名: ƒ c() {
                        for (var l, f, h = [o, s, t, this, arguments, c, n, 0], d = void 0, p = e, g = []; ; )
                            try {
                                for (; ; )
     … 调用对象: c {blocks: Array(17), h0: 1732584193, h1: 4023233417, h2: 2562383102, h3: 271733878, …} 参数无
 [138] [fog_69] 调用结果: undefined
 [139] [fog_70] 方法名: ƒ charCodeAt() { [native code] } 调用对象: {"comm":{"cv":4747474,"ct":24,"format":"json","inCharset":"utf-8","outCharset":"utf-8","notice":0,"platform":"yqq.json","needNewCode":1,"uin":0,"g_tk_new_20200303":5381,"g_tk":5381},"req_1":{"module":"music.musicsearch.HotkeyService","method":"GetHotkeyForQQMusicMobile","param":{"searchid":"31365759695277856","remoteplace":"txt.yqq.top","from":"yqqweb"}},"req_2":{"module":"music.paycenterapi.LoginStateVerificationApi","method":"GetChargeAccount","param":{"appid":"mlive"}},"req_3":{"module":"musicToplist.ToplistInfoServer","method":"GetAll","param":{}}} 参数1: 64
 [140] [fog_70] 调用结果: 34
 [141] [fog_71] 方法名: ƒ charCodeAt() { [native code] } 调用对象: {"comm":{"cv":4747474,"ct":24,"format":"json","inCharset":"utf-8","outCharset":"utf-8","notice":0,"platform":"yqq.json","needNewCode":1,"uin":0,"g_tk_new_20200303":5381,"g_tk":5381},"req_1":{"module":"music.musicsearch.HotkeyService","method":"GetHotkeyForQQMusicMobile","param":{"searchid":"31365759695277856","remoteplace":"txt.yqq.top","from":"yqqweb"}},"req_2":{"module":"music.paycenterapi.LoginStateVerificationApi","method":"GetChargeAccount","param":{"appid":"mlive"}},"req_3":{"module":"musicToplist.ToplistInfoServer","method":"GetAll","param":{}}} 参数1: 65
 [142] [fog_71] 调用结果: 44
 [143] [fog_72] 方法名: ƒ charCodeAt() { [native code] } 调用对象: {"comm":{"cv":4747474,"ct":24,"format":"json","inCharset":"utf-8","outCharset":"utf-8","notice":0,"platform":"yqq.json","needNewCode":1,"uin":0,"g_tk_new_20200303":5381,"g_tk":5381},"req_1":{"module":"music.musicsearch.HotkeyService","method":"GetHotkeyForQQMusicMobile","param":{"searchid":"31365759695277856","remoteplace":"txt.yqq.top","from":"yqqweb"}},"req_2":{"module":"music.paycenterapi.LoginStateVerificationApi","method":"GetChargeAccount","param":{"appid":"mlive"}},"req_3":{"module":"musicToplist.ToplistInfoServer","method":"GetAll","param":{}}} 参数1: 66
 [144] [fog_72] 调用结果: 34
 [145] [fog_73] 方法名: ƒ charCodeAt() { [native code] } 调用对象: {"comm":{"cv":4747474,"ct":24,"format":"json","inCharset":"utf-8","outCharset":"utf-8","notice":0,"platform":"yqq.json","needNewCode":1,"uin":0,"g_tk_new_20200303":5381,"g_tk":5381},"req_1":{"module":"music.musicsearch.HotkeyService","method":"GetHotkeyForQQMusicMobile","param":{"searchid":"31365759695277856","remoteplace":"txt.yqq.top","from":"yqqweb"}},"req_2":{"module":"music.paycenterapi.LoginStateVerificationApi","method":"GetChargeAccount","param":{"appid":"mlive"}},"req_3":{"module":"musicToplist.ToplistInfoServer","method":"GetAll","param":{}}} 参数1: 67
 [146] [fog_73] 调用结果: 111
 [147] [fog_74] 方法名: ƒ charCodeAt() { [native code] } 调用对象: {"comm":{"cv":4747474,"ct":24,"format":"json","inCharset":"utf-8","outCharset":"utf-8","notice":0,"platform":"yqq.json","needNewCode":1,"uin":0,"g_tk_new_20200303":5381,"g_tk":5381},"req_1":{"module":"music.musicsearch.HotkeyService","method":"GetHotkeyForQQMusicMobile","param":{"searchid":"31365759695277856","remoteplace":"txt.yqq.top","from":"yqqweb"}},"req_2":{"module":"music.paycenterapi.LoginStateVerificationApi","method":"GetChargeAccount","param":{"appid":"mlive"}},"req_3":{"module":"musicToplist.ToplistInfoServer","method":"GetAll","param":{}}} 参数1: 68
 [148] [fog_74] 调用结果: 117
 [149] [fog_75] 方法名: ƒ charCodeAt() { [native code] } 调用对象: {"comm":{"cv":4747474,"ct":24,"format":"json","inCharset":"utf-8","outCharset":"utf-8","notice":0,"platform":"yqq.json","needNewCode":1,"uin":0,"g_tk_new_20200303":5381,"g_tk":5381},"req_1":{"module":"music.musicsearch.HotkeyService","method":"GetHotkeyForQQMusicMobile","param":{"searchid":"31365759695277856","remoteplace":"txt.yqq.top","from":"yqqweb"}},"req_2":{"module":"music.paycenterapi.LoginStateVerificationApi","method":"GetChargeAccount","param":{"appid":"mlive"}},"req_3":{"module":"musicToplist.ToplistInfoServer","method":"GetAll","param":{}}} 参数1: 69
 [150] [fog_75] 调用结果: 116
 [151] [fog_76] 方法名: ƒ charCodeAt() { [native code] } 调用对象: {"comm":{"cv":4747474,"ct":24,"format":"json","inCharset":"utf-8","outCharset":"utf-8","notice":0,"platform":"yqq.json","needNewCode":1,"uin":0,"g_tk_new_20200303":5381,"g_tk":5381},"req_1":{"module":"music.musicsearch.HotkeyService","method":"GetHotkeyForQQMusicMobile","param":{"searchid":"31365759695277856","remoteplace":"txt.yqq.top","from":"yqqweb"}},"req_2":{"module":"music.paycenterapi.LoginStateVerificationApi","method":"GetChargeAccount","param":{"appid":"mlive"}},"req_3":{"module":"musicToplist.ToplistInfoServer","method":"GetAll","param":{}}} 参数1: 70
 [152] [fog_76] 调用结果: 67
 [153] [fog_77] 方法名: ƒ charCodeAt() { [native code] } 调用对象: {"comm":{"cv":4747474,"ct":24,"format":"json","inCharset":"utf-8","outCharset":"utf-8","notice":0,"platform":"yqq.json","needNewCode":1,"uin":0,"g_tk_new_20200303":5381,"g_tk":5381},"req_1":{"module":"music.musicsearch.HotkeyService","method":"GetHotkeyForQQMusicMobile","param":{"searchid":"31365759695277856","remoteplace":"txt.yqq.top","from":"yqqweb"}},"req_2":{"module":"music.paycenterapi.LoginStateVerificationApi","method":"GetChargeAccount","param":{"appid":"mlive"}},"req_3":{"module":"musicToplist.ToplistInfoServer","method":"GetAll","param":{}}} 参数1: 71
 [154] [fog_77] 调用结果: 104
 [155] [fog_78] 方法名: ƒ charCodeAt() { [native code] } 调用对象: {"comm":{"cv":4747474,"ct":24,"format":"json","inCharset":"utf-8","outCharset":"utf-8","notice":0,"platform":"yqq.json","needNewCode":1,"uin":0,"g_tk_new_20200303":5381,"g_tk":5381},"req_1":{"module":"music.musicsearch.HotkeyService","method":"GetHotkeyForQQMusicMobile","param":{"searchid":"31365759695277856","remoteplace":"txt.yqq.top","from":"yqqweb"}},"req_2":{"module":"music.paycenterapi.LoginStateVerificationApi","method":"GetChargeAccount","param":{"appid":"mlive"}},"req_3":{"module":"musicToplist.ToplistInfoServer","method":"GetAll","param":{}}} 参数1: 72
 [156] [fog_78] 调用结果: 97
 [157] [fog_79] 方法名: ƒ charCodeAt() { [native code] } 调用对象: {"comm":{"cv":4747474,"ct":24,"format":"json","inCharset":"utf-8","outCharset":"utf-8","notice":0,"platform":"yqq.json","needNewCode":1,"uin":0,"g_tk_new_20200303":5381,"g_tk":5381},"req_1":{"module":"music.musicsearch.HotkeyService","method":"GetHotkeyForQQMusicMobile","param":{"searchid":"31365759695277856","remoteplace":"txt.yqq.top","from":"yqqweb"}},"req_2":{"module":"music.paycenterapi.LoginStateVerificationApi","method":"GetChargeAccount","param":{"appid":"mlive"}},"req_3":{"module":"musicToplist.ToplistInfoServer","method":"GetAll","param":{}}} 参数1: 73
 [158] [fog_79] 调用结果: 114
 [159] [fog_80] 方法名: ƒ charCodeAt() { [native code] } 调用对象: {"comm":{"cv":4747474,"ct":24,"format":"json","inCharset":"utf-8","outCharset":"utf-8","notice":0,"platform":"yqq.json","needNewCode":1,"uin":0,"g_tk_new_20200303":5381,"g_tk":5381},"req_1":{"module":"music.musicsearch.HotkeyService","method":"GetHotkeyForQQMusicMobile","param":{"searchid":"31365759695277856","remoteplace":"txt.yqq.top","from":"yqqweb"}},"req_2":{"module":"music.paycenterapi.LoginStateVerificationApi","method":"GetChargeAccount","param":{"appid":"mlive"}},"req_3":{"module":"musicToplist.ToplistInfoServer","method":"GetAll","param":{}}} 参数1: 74
 [160] [fog_80] 调用结果: 115
 [161] [fog_81] 方法名: ƒ charCodeAt() { [native code] } 调用对象: {"comm":{"cv":4747474,"ct":24,"format":"json","inCharset":"utf-8","outCharset":"utf-8","notice":0,"platform":"yqq.json","needNewCode":1,"uin":0,"g_tk_new_20200303":5381,"g_tk":5381},"req_1":{"module":"music.musicsearch.HotkeyService","method":"GetHotkeyForQQMusicMobile","param":{"searchid":"31365759695277856","remoteplace":"txt.yqq.top","from":"yqqweb"}},"req_2":{"module":"music.paycenterapi.LoginStateVerificationApi","method":"GetChargeAccount","param":{"appid":"mlive"}},"req_3":{"module":"musicToplist.ToplistInfoServer","method":"GetAll","param":{}}} 参数1: 75
 [162] [fog_81] 调用结果: 101
 [163] [fog_82] 方法名: ƒ charCodeAt() { [native code] } 调用对象: {"comm":{"cv":4747474,"ct":24,"format":"json","inCharset":"utf-8","outCharset":"utf-8","notice":0,"platform":"yqq.json","needNewCode":1,"uin":0,"g_tk_new_20200303":5381,"g_tk":5381},"req_1":{"module":"music.musicsearch.HotkeyService","method":"GetHotkeyForQQMusicMobile","param":{"searchid":"31365759695277856","remoteplace":"txt.yqq.top","from":"yqqweb"}},"req_2":{"module":"music.paycenterapi.LoginStateVerificationApi","method":"GetChargeAccount","param":{"appid":"mlive"}},"req_3":{"module":"musicToplist.ToplistInfoServer","method":"GetAll","param":{}}} 参数1: 76
 [164] [fog_82] 调用结果: 116
 [165] [fog_83] 方法名: ƒ charCodeAt() { [native code] } 调用对象: {"comm":{"cv":4747474,"ct":24,"format":"json","inCharset":"utf-8","outCharset":"utf-8","notice":0,"platform":"yqq.json","needNewCode":1,"uin":0,"g_tk_new_20200303":5381,"g_tk":5381},"req_1":{"module":"music.musicsearch.HotkeyService","method":"GetHotkeyForQQMusicMobile","param":{"searchid":"31365759695277856","remoteplace":"txt.yqq.top","from":"yqqweb"}},"req_2":{"module":"music.paycenterapi.LoginStateVerificationApi","method":"GetChargeAccount","param":{"appid":"mlive"}},"req_3":{"module":"musicToplist.ToplistInfoServer","method":"GetAll","param":{}}} 参数1: 77
 [166] [fog_83] 调用结果: 34
 [167] [fog_84] 方法名: ƒ charCodeAt() { [native code] } 调用对象: {"comm":{"cv":4747474,"ct":24,"format":"json","inCharset":"utf-8","outCharset":"utf-8","notice":0,"platform":"yqq.json","needNewCode":1,"uin":0,"g_tk_new_20200303":5381,"g_tk":5381},"req_1":{"module":"music.musicsearch.HotkeyService","method":"GetHotkeyForQQMusicMobile","param":{"searchid":"31365759695277856","remoteplace":"txt.yqq.top","from":"yqqweb"}},"req_2":{"module":"music.paycenterapi.LoginStateVerificationApi","method":"GetChargeAccount","param":{"appid":"mlive"}},"req_3":{"module":"musicToplist.ToplistInfoServer","method":"GetAll","param":{}}} 参数1: 78
 [168] [fog_84] 调用结果: 58
 [169] [fog_85] 方法名: ƒ charCodeAt() { [native code] } 调用对象: {"comm":{"cv":4747474,"ct":24,"format":"json","inCharset":"utf-8","outCharset":"utf-8","notice":0,"platform":"yqq.json","needNewCode":1,"uin":0,"g_tk_new_20200303":5381,"g_tk":5381},"req_1":{"module":"music.musicsearch.HotkeyService","method":"GetHotkeyForQQMusicMobile","param":{"searchid":"31365759695277856","remoteplace":"txt.yqq.top","from":"yqqweb"}},"req_2":{"module":"music.paycenterapi.LoginStateVerificationApi","method":"GetChargeAccount","param":{"appid":"mlive"}},"req_3":{"module":"musicToplist.ToplistInfoServer","method":"GetAll","param":{}}} 参数1: 79
 [170] [fog_85] 调用结果: 34
 [171] [fog_86] 方法名: ƒ charCodeAt() { [native code] } 调用对象: {"comm":{"cv":4747474,"ct":24,"format":"json","inCharset":"utf-8","outCharset":"utf-8","notice":0,"platform":"yqq.json","needNewCode":1,"uin":0,"g_tk_new_20200303":5381,"g_tk":5381},"req_1":{"module":"music.musicsearch.HotkeyService","method":"GetHotkeyForQQMusicMobile","param":{"searchid":"31365759695277856","remoteplace":"txt.yqq.top","from":"yqqweb"}},"req_2":{"module":"music.paycenterapi.LoginStateVerificationApi","method":"GetChargeAccount","param":{"appid":"mlive"}},"req_3":{"module":"musicToplist.ToplistInfoServer","method":"GetAll","param":{}}} 参数1: 80
 [172] [fog_86] 调用结果: 117
 [173] [fog_87] 方法名: ƒ charCodeAt() { [native code] } 调用对象: {"comm":{"cv":4747474,"ct":24,"format":"json","inCharset":"utf-8","outCharset":"utf-8","notice":0,"platform":"yqq.json","needNewCode":1,"uin":0,"g_tk_new_20200303":5381,"g_tk":5381},"req_1":{"module":"music.musicsearch.HotkeyService","method":"GetHotkeyForQQMusicMobile","param":{"searchid":"31365759695277856","remoteplace":"txt.yqq.top","from":"yqqweb"}},"req_2":{"module":"music.paycenterapi.LoginStateVerificationApi","method":"GetChargeAccount","param":{"appid":"mlive"}},"req_3":{"module":"musicToplist.ToplistInfoServer","method":"GetAll","param":{}}} 参数1: 81
 [174] [fog_87] 调用结果: 116
 [175] [fog_88] 方法名: ƒ charCodeAt() { [native code] } 调用对象: {"comm":{"cv":4747474,"ct":24,"format":"json","inCharset":"utf-8","outCharset":"utf-8","notice":0,"platform":"yqq.json","needNewCode":1,"uin":0,"g_tk_new_20200303":5381,"g_tk":5381},"req_1":{"module":"music.musicsearch.HotkeyService","method":"GetHotkeyForQQMusicMobile","param":{"searchid":"31365759695277856","remoteplace":"txt.yqq.top","from":"yqqweb"}},"req_2":{"module":"music.paycenterapi.LoginStateVerificationApi","method":"GetChargeAccount","param":{"appid":"mlive"}},"req_3":{"module":"musicToplist.ToplistInfoServer","method":"GetAll","param":{}}} 参数1: 82
 [176] [fog_88] 调用结果: 102
 [177] [fog_89] 方法名: ƒ charCodeAt() { [native code] } 调用对象: {"comm":{"cv":4747474,"ct":24,"format":"json","inCharset":"utf-8","outCharset":"utf-8","notice":0,"platform":"yqq.json","needNewCode":1,"uin":0,"g_tk_new_20200303":5381,"g_tk":5381},"req_1":{"module":"music.musicsearch.HotkeyService","method":"GetHotkeyForQQMusicMobile","param":{"searchid":"31365759695277856","remoteplace":"txt.yqq.top","from":"yqqweb"}},"req_2":{"module":"music.paycenterapi.LoginStateVerificationApi","method":"GetChargeAccount","param":{"appid":"mlive"}},"req_3":{"module":"musicToplist.ToplistInfoServer","method":"GetAll","param":{}}} 参数1: 83
 [178] [fog_89] 调用结果: 45
 [179] [fog_90] 方法名: ƒ charCodeAt() { [native code] } 调用对象: {"comm":{"cv":4747474,"ct":24,"format":"json","inCharset":"utf-8","outCharset":"utf-8","notice":0,"platform":"yqq.json","needNewCode":1,"uin":0,"g_tk_new_20200303":5381,"g_tk":5381},"req_1":{"module":"music.musicsearch.HotkeyService","method":"GetHotkeyForQQMusicMobile","param":{"searchid":"31365759695277856","remoteplace":"txt.yqq.top","from":"yqqweb"}},"req_2":{"module":"music.paycenterapi.LoginStateVerificationApi","method":"GetChargeAccount","param":{"appid":"mlive"}},"req_3":{"module":"musicToplist.ToplistInfoServer","method":"GetAll","param":{}}} 参数1: 84
 [180] [fog_90] 调用结果: 56
 [181] [fog_91] 方法名: ƒ charCodeAt() { [native code] } 调用对象: {"comm":{"cv":4747474,"ct":24,"format":"json","inCharset":"utf-8","outCharset":"utf-8","notice":0,"platform":"yqq.json","needNewCode":1,"uin":0,"g_tk_new_20200303":5381,"g_tk":5381},"req_1":{"module":"music.musicsearch.HotkeyService","method":"GetHotkeyForQQMusicMobile","param":{"searchid":"31365759695277856","remoteplace":"txt.yqq.top","from":"yqqweb"}},"req_2":{"module":"music.paycenterapi.LoginStateVerificationApi","method":"GetChargeAccount","param":{"appid":"mlive"}},"req_3":{"module":"musicToplist.ToplistInfoServer","method":"GetAll","param":{}}} 参数1: 85
 [182] [fog_91] 调用结果: 34
 [183] [fog_92] 方法名: ƒ charCodeAt() { [native code] } 调用对象: {"comm":{"cv":4747474,"ct":24,"format":"json","inCharset":"utf-8","outCharset":"utf-8","notice":0,"platform":"yqq.json","needNewCode":1,"uin":0,"g_tk_new_20200303":5381,"g_tk":5381},"req_1":{"module":"music.musicsearch.HotkeyService","method":"GetHotkeyForQQMusicMobile","param":{"searchid":"31365759695277856","remoteplace":"txt.yqq.top","from":"yqqweb"}},"req_2":{"module":"music.paycenterapi.LoginStateVerificationApi","method":"GetChargeAccount","param":{"appid":"mlive"}},"req_3":{"module":"musicToplist.ToplistInfoServer","method":"GetAll","param":{}}} 参数1: 86
 [184] [fog_92] 调用结果: 44
 [185] [fog_93] 方法名: ƒ charCodeAt() { [native code] } 调用对象: {"comm":{"cv":4747474,"ct":24,"format":"json","inCharset":"utf-8","outCharset":"utf-8","notice":0,"platform":"yqq.json","needNewCode":1,"uin":0,"g_tk_new_20200303":5381,"g_tk":5381},"req_1":{"module":"music.musicsearch.HotkeyService","method":"GetHotkeyForQQMusicMobile","param":{"searchid":"31365759695277856","remoteplace":"txt.yqq.top","from":"yqqweb"}},"req_2":{"module":"music.paycenterapi.LoginStateVerificationApi","method":"GetChargeAccount","param":{"appid":"mlive"}},"req_3":{"module":"musicToplist.ToplistInfoServer","method":"GetAll","param":{}}} 参数1: 87
 [186] [fog_93] 调用结果: 34
 [187] [fog_94] 方法名: ƒ charCodeAt() { [native code] } 调用对象: {"comm":{"cv":4747474,"ct":24,"format":"json","inCharset":"utf-8","outCharset":"utf-8","notice":0,"platform":"yqq.json","needNewCode":1,"uin":0,"g_tk_new_20200303":5381,"g_tk":5381},"req_1":{"module":"music.musicsearch.HotkeyService","method":"GetHotkeyForQQMusicMobile","param":{"searchid":"31365759695277856","remoteplace":"txt.yqq.top","from":"yqqweb"}},"req_2":{"module":"music.paycenterapi.LoginStateVerificationApi","method":"GetChargeAccount","param":{"appid":"mlive"}},"req_3":{"module":"musicToplist.ToplistInfoServer","method":"GetAll","param":{}}} 参数1: 88
 [188] [fog_94] 调用结果: 110
 [189] [fog_95] 方法名: ƒ charCodeAt() { [native code] } 调用对象: {"comm":{"cv":4747474,"ct":24,"format":"json","inCharset":"utf-8","outCharset":"utf-8","notice":0,"platform":"yqq.json","needNewCode":1,"uin":0,"g_tk_new_20200303":5381,"g_tk":5381},"req_1":{"module":"music.musicsearch.HotkeyService","method":"GetHotkeyForQQMusicMobile","param":{"searchid":"31365759695277856","remoteplace":"txt.yqq.top","from":"yqqweb"}},"req_2":{"module":"music.paycenterapi.LoginStateVerificationApi","method":"GetChargeAccount","param":{"appid":"mlive"}},"req_3":{"module":"musicToplist.ToplistInfoServer","method":"GetAll","param":{}}} 参数1: 89
 [190] [fog_95] 调用结果: 111
 [191] [fog_96] 方法名: ƒ charCodeAt() { [native code] } 调用对象: {"comm":{"cv":4747474,"ct":24,"format":"json","inCharset":"utf-8","outCharset":"utf-8","notice":0,"platform":"yqq.json","needNewCode":1,"uin":0,"g_tk_new_20200303":5381,"g_tk":5381},"req_1":{"module":"music.musicsearch.HotkeyService","method":"GetHotkeyForQQMusicMobile","param":{"searchid":"31365759695277856","remoteplace":"txt.yqq.top","from":"yqqweb"}},"req_2":{"module":"music.paycenterapi.LoginStateVerificationApi","method":"GetChargeAccount","param":{"appid":"mlive"}},"req_3":{"module":"musicToplist.ToplistInfoServer","method":"GetAll","param":{}}} 参数1: 90
 [192] [fog_96] 调用结果: 116
 [193] [fog_97] 方法名: ƒ charCodeAt() { [native code] } 调用对象: {"comm":{"cv":4747474,"ct":24,"format":"json","inCharset":"utf-8","outCharset":"utf-8","notice":0,"platform":"yqq.json","needNewCode":1,"uin":0,"g_tk_new_20200303":5381,"g_tk":5381},"req_1":{"module":"music.musicsearch.HotkeyService","method":"GetHotkeyForQQMusicMobile","param":{"searchid":"31365759695277856","remoteplace":"txt.yqq.top","from":"yqqweb"}},"req_2":{"module":"music.paycenterapi.LoginStateVerificationApi","method":"GetChargeAccount","param":{"appid":"mlive"}},"req_3":{"module":"musicToplist.ToplistInfoServer","method":"GetAll","param":{}}} 参数1: 91
 [194] [fog_97] 调用结果: 105
 [195] [fog_98] 方法名: ƒ charCodeAt() { [native code] } 调用对象: {"comm":{"cv":4747474,"ct":24,"format":"json","inCharset":"utf-8","outCharset":"utf-8","notice":0,"platform":"yqq.json","needNewCode":1,"uin":0,"g_tk_new_20200303":5381,"g_tk":5381},"req_1":{"module":"music.musicsearch.HotkeyService","method":"GetHotkeyForQQMusicMobile","param":{"searchid":"31365759695277856","remoteplace":"txt.yqq.top","from":"yqqweb"}},"req_2":{"module":"music.paycenterapi.LoginStateVerificationApi","method":"GetChargeAccount","param":{"appid":"mlive"}},"req_3":{"module":"musicToplist.ToplistInfoServer","method":"GetAll","param":{}}} 参数1: 92
 [196] [fog_98] 调用结果: 99
 [197] [fog_99] 方法名: ƒ charCodeAt() { [native code] } 调用对象: {"comm":{"cv":4747474,"ct":24,"format":"json","inCharset":"utf-8","outCharset":"utf-8","notice":0,"platform":"yqq.json","needNewCode":1,"uin":0,"g_tk_new_20200303":5381,"g_tk":5381},"req_1":{"module":"music.musicsearch.HotkeyService","method":"GetHotkeyForQQMusicMobile","param":{"searchid":"31365759695277856","remoteplace":"txt.yqq.top","from":"yqqweb"}},"req_2":{"module":"music.paycenterapi.LoginStateVerificationApi","method":"GetChargeAccount","param":{"appid":"mlive"}},"req_3":{"module":"musicToplist.ToplistInfoServer","method":"GetAll","param":{}}} 参数1: 93
 [198] [fog_99] 调用结果: 101
 [199] [fog_100] 方法名: ƒ charCodeAt() { [native code] } 调用对象: {"comm":{"cv":4747474,"ct":24,"format":"json","inCharset":"utf-8","outCharset":"utf-8","notice":0,"platform":"yqq.json","needNewCode":1,"uin":0,"g_tk_new_20200303":5381,"g_tk":5381},"req_1":{"module":"music.musicsearch.HotkeyService","method":"GetHotkeyForQQMusicMobile","param":{"searchid":"31365759695277856","remoteplace":"txt.yqq.top","from":"yqqweb"}},"req_2":{"module":"music.paycenterapi.LoginStateVerificationApi","method":"GetChargeAccount","param":{"appid":"mlive"}},"req_3":{"module":"musicToplist.ToplistInfoServer","method":"GetAll","param":{}}} 参数1: 94
 [200] [fog_100] 调用结果: 34
 [201] [fog_101] 方法名: ƒ charCodeAt() { [native code] } 调用对象: {"comm":{"cv":4747474,"ct":24,"format":"json","inCharset":"utf-8","outCharset":"utf-8","notice":0,"platform":"yqq.json","needNewCode":1,"uin":0,"g_tk_new_20200303":5381,"g_tk":5381},"req_1":{"module":"music.musicsearch.HotkeyService","method":"GetHotkeyForQQMusicMobile","param":{"searchid":"31365759695277856","remoteplace":"txt.yqq.top","from":"yqqweb"}},"req_2":{"module":"music.paycenterapi.LoginStateVerificationApi","method":"GetChargeAccount","param":{"appid":"mlive"}},"req_3":{"module":"musicToplist.ToplistInfoServer","method":"GetAll","param":{}}} 参数1: 95
 [202] [fog_101] 调用结果: 58
 [203] [fog_102] 方法名: ƒ charCodeAt() { [native code] } 调用对象: {"comm":{"cv":4747474,"ct":24,"format":"json","inCharset":"utf-8","outCharset":"utf-8","notice":0,"platform":"yqq.json","needNewCode":1,"uin":0,"g_tk_new_20200303":5381,"g_tk":5381},"req_1":{"module":"music.musicsearch.HotkeyService","method":"GetHotkeyForQQMusicMobile","param":{"searchid":"31365759695277856","remoteplace":"txt.yqq.top","from":"yqqweb"}},"req_2":{"module":"music.paycenterapi.LoginStateVerificationApi","method":"GetChargeAccount","param":{"appid":"mlive"}},"req_3":{"module":"musicToplist.ToplistInfoServer","method":"GetAll","param":{}}} 参数1: 96
 [204] [fog_102] 调用结果: 48
 [205] [fog_103] 方法名: ƒ charCodeAt() { [native code] } 调用对象: {"comm":{"cv":4747474,"ct":24,"format":"json","inCharset":"utf-8","outCharset":"utf-8","notice":0,"platform":"yqq.json","needNewCode":1,"uin":0,"g_tk_new_20200303":5381,"g_tk":5381},"req_1":{"module":"music.musicsearch.HotkeyService","method":"GetHotkeyForQQMusicMobile","param":{"searchid":"31365759695277856","remoteplace":"txt.yqq.top","from":"yqqweb"}},"req_2":{"module":"music.paycenterapi.LoginStateVerificationApi","method":"GetChargeAccount","param":{"appid":"mlive"}},"req_3":{"module":"musicToplist.ToplistInfoServer","method":"GetAll","param":{}}} 参数1: 97
 [206] [fog_103] 调用结果: 44
 [207] [fog_104] 方法名: ƒ charCodeAt() { [native code] } 调用对象: {"comm":{"cv":4747474,"ct":24,"format":"json","inCharset":"utf-8","outCharset":"utf-8","notice":0,"platform":"yqq.json","needNewCode":1,"uin":0,"g_tk_new_20200303":5381,"g_tk":5381},"req_1":{"module":"music.musicsearch.HotkeyService","method":"GetHotkeyForQQMusicMobile","param":{"searchid":"31365759695277856","remoteplace":"txt.yqq.top","from":"yqqweb"}},"req_2":{"module":"music.paycenterapi.LoginStateVerificationApi","method":"GetChargeAccount","param":{"appid":"mlive"}},"req_3":{"module":"musicToplist.ToplistInfoServer","method":"GetAll","param":{}}} 参数1: 98
 [208] [fog_104] 调用结果: 34
 [209] [fog_105] 方法名: ƒ charCodeAt() { [native code] } 调用对象: {"comm":{"cv":4747474,"ct":24,"format":"json","inCharset":"utf-8","outCharset":"utf-8","notice":0,"platform":"yqq.json","needNewCode":1,"uin":0,"g_tk_new_20200303":5381,"g_tk":5381},"req_1":{"module":"music.musicsearch.HotkeyService","method":"GetHotkeyForQQMusicMobile","param":{"searchid":"31365759695277856","remoteplace":"txt.yqq.top","from":"yqqweb"}},"req_2":{"module":"music.paycenterapi.LoginStateVerificationApi","method":"GetChargeAccount","param":{"appid":"mlive"}},"req_3":{"module":"musicToplist.ToplistInfoServer","method":"GetAll","param":{}}} 参数1: 99
 [210] [fog_105] 调用结果: 112
 [211] [fog_106] 方法名: ƒ charCodeAt() { [native code] } 调用对象: {"comm":{"cv":4747474,"ct":24,"format":"json","inCharset":"utf-8","outCharset":"utf-8","notice":0,"platform":"yqq.json","needNewCode":1,"uin":0,"g_tk_new_20200303":5381,"g_tk":5381},"req_1":{"module":"music.musicsearch.HotkeyService","method":"GetHotkeyForQQMusicMobile","param":{"searchid":"31365759695277856","remoteplace":"txt.yqq.top","from":"yqqweb"}},"req_2":{"module":"music.paycenterapi.LoginStateVerificationApi","method":"GetChargeAccount","param":{"appid":"mlive"}},"req_3":{"module":"musicToplist.ToplistInfoServer","method":"GetAll","param":{}}} 参数1: 100
 [212] [fog_106] 调用结果: 108
 [213] [fog_107] 方法名: ƒ charCodeAt() { [native code] } 调用对象: {"comm":{"cv":4747474,"ct":24,"format":"json","inCharset":"utf-8","outCharset":"utf-8","notice":0,"platform":"yqq.json","needNewCode":1,"uin":0,"g_tk_new_20200303":5381,"g_tk":5381},"req_1":{"module":"music.musicsearch.HotkeyService","method":"GetHotkeyForQQMusicMobile","param":{"searchid":"31365759695277856","remoteplace":"txt.yqq.top","from":"yqqweb"}},"req_2":{"module":"music.paycenterapi.LoginStateVerificationApi","method":"GetChargeAccount","param":{"appid":"mlive"}},"req_3":{"module":"musicToplist.ToplistInfoServer","method":"GetAll","param":{}}} 参数1: 101
 [214] [fog_107] 调用结果: 97
 [215] [fog_108] 方法名: ƒ charCodeAt() { [native code] } 调用对象: {"comm":{"cv":4747474,"ct":24,"format":"json","inCharset":"utf-8","outCharset":"utf-8","notice":0,"platform":"yqq.json","needNewCode":1,"uin":0,"g_tk_new_20200303":5381,"g_tk":5381},"req_1":{"module":"music.musicsearch.HotkeyService","method":"GetHotkeyForQQMusicMobile","param":{"searchid":"31365759695277856","remoteplace":"txt.yqq.top","from":"yqqweb"}},"req_2":{"module":"music.paycenterapi.LoginStateVerificationApi","method":"GetChargeAccount","param":{"appid":"mlive"}},"req_3":{"module":"musicToplist.ToplistInfoServer","method":"GetAll","param":{}}} 参数1: 102
 [216] [fog_108] 调用结果: 116
 [217] [fog_109] 方法名: ƒ charCodeAt() { [native code] } 调用对象: {"comm":{"cv":4747474,"ct":24,"format":"json","inCharset":"utf-8","outCharset":"utf-8","notice":0,"platform":"yqq.json","needNewCode":1,"uin":0,"g_tk_new_20200303":5381,"g_tk":5381},"req_1":{"module":"music.musicsearch.HotkeyService","method":"GetHotkeyForQQMusicMobile","param":{"searchid":"31365759695277856","remoteplace":"txt.yqq.top","from":"yqqweb"}},"req_2":{"module":"music.paycenterapi.LoginStateVerificationApi","method":"GetChargeAccount","param":{"appid":"mlive"}},"req_3":{"module":"musicToplist.ToplistInfoServer","method":"GetAll","param":{}}} 参数1: 103
 [218] [fog_109] 调用结果: 102
 [219] [fog_110] 方法名: ƒ charCodeAt() { [native code] } 调用对象: {"comm":{"cv":4747474,"ct":24,"format":"json","inCharset":"utf-8","outCharset":"utf-8","notice":0,"platform":"yqq.json","needNewCode":1,"uin":0,"g_tk_new_20200303":5381,"g_tk":5381},"req_1":{"module":"music.musicsearch.HotkeyService","method":"GetHotkeyForQQMusicMobile","param":{"searchid":"31365759695277856","remoteplace":"txt.yqq.top","from":"yqqweb"}},"req_2":{"module":"music.paycenterapi.LoginStateVerificationApi","method":"GetChargeAccount","param":{"appid":"mlive"}},"req_3":{"module":"musicToplist.ToplistInfoServer","method":"GetAll","param":{}}} 参数1: 104
 [220] [fog_110] 调用结果: 111
 [221] [fog_111] 方法名: ƒ charCodeAt() { [native code] } 调用对象: {"comm":{"cv":4747474,"ct":24,"format":"json","inCharset":"utf-8","outCharset":"utf-8","notice":0,"platform":"yqq.json","needNewCode":1,"uin":0,"g_tk_new_20200303":5381,"g_tk":5381},"req_1":{"module":"music.musicsearch.HotkeyService","method":"GetHotkeyForQQMusicMobile","param":{"searchid":"31365759695277856","remoteplace":"txt.yqq.top","from":"yqqweb"}},"req_2":{"module":"music.paycenterapi.LoginStateVerificationApi","method":"GetChargeAccount","param":{"appid":"mlive"}},"req_3":{"module":"musicToplist.ToplistInfoServer","method":"GetAll","param":{}}} 参数1: 105
 [222] [fog_111] 调用结果: 114
 [223] [fog_112] 方法名:  调用对象: {"comm":{"cv":4747474,"ct":24,"format":"json","inCharset":"utf-8","outCharset":"utf-8","notice":0,"platform":"yqq.json","needNewCode":1,"uin":0,"g_tk_new_20200303":5381,"g_tk":5381},"req_1":{"module":"music.musicsearch.HotkeyService","method":"GetHotkeyForQQMusicMobile","param":{"searchid":"31365759695277856","remoteplace":"txt.yqq.top","from":"yqqweb"}},"req_2":{"module":"music.paycenterapi.LoginStateVerificationApi","method":"GetChargeAccount","param":{"appid":"mlive"}},"req_3":{"module":"musicToplist.ToplistInfoServer","method":"GetAll","param":{}}} 参数1: 106
 [224] [fog_112] 调用结果: 109
 [225] [fog_113] 方法名:  调用对象: {"comm":{"cv":4747474,"ct":24,"format":"json","inCharset":"utf-8","outCharset":"utf-8","notice":0,"platform":"yqq.json","needNewCode":1,"uin":0,"g_tk_new_20200303":5381,"g_tk":5381},"req_1":{"module":"music.musicsearch.HotkeyService","method":"GetHotkeyForQQMusicMobile","param":{"searchid":"31365759695277856","remoteplace":"txt.yqq.top","from":"yqqweb"}},"req_2":{"module":"music.paycenterapi.LoginStateVerificationApi","method":"GetChargeAccount","param":{"appid":"mlive"}},"req_3":{"module":"musicToplist.ToplistInfoServer","method":"GetAll","param":{}}} 参数1: 107
 [226] [fog_113] 调用结果: 34
 [227] [fog_114] 方法名:  调用对象: {"comm":{"cv":4747474,"ct":24,"format":"json","inCharset":"utf-8","outCharset":"utf-8","notice":0,"platform":"yqq.json","needNewCode":1,"uin":0,"g_tk_new_20200303":5381,"g_tk":5381},"req_1":{"module":"music.musicsearch.HotkeyService","method":"GetHotkeyForQQMusicMobile","param":{"searchid":"31365759695277856","remoteplace":"txt.yqq.top","from":"yqqweb"}},"req_2":{"module":"music.paycenterapi.LoginStateVerificationApi","method":"GetChargeAccount","param":{"appid":"mlive"}},"req_3":{"module":"musicToplist.ToplistInfoServer","method":"GetAll","param":{}}} 参数1: 108
 [228] [fog_114] 调用结果: 58
 [229] [fog_115] 方法名:  调用对象: {"comm":{"cv":4747474,"ct":24,"format":"json","inCharset":"utf-8","outCharset":"utf-8","notice":0,"platform":"yqq.json","needNewCode":1,"uin":0,"g_tk_new_20200303":5381,"g_tk":5381},"req_1":{"module":"music.musicsearch.HotkeyService","method":"GetHotkeyForQQMusicMobile","param":{"searchid":"31365759695277856","remoteplace":"txt.yqq.top","from":"yqqweb"}},"req_2":{"module":"music.paycenterapi.LoginStateVerificationApi","method":"GetChargeAccount","param":{"appid":"mlive"}},"req_3":{"module":"musicToplist.ToplistInfoServer","method":"GetAll","param":{}}} 参数1: 109
 [230] [fog_115] 调用结果: 34
 [231] [fog_116] 方法名: ƒ charCodeAt() { [native code] } 调用对象: {"comm":{"cv":4747474,"ct":24,"format":"json","inCharset":"utf-8","outCharset":"utf-8","notice":0,"platform":"yqq.json","needNewCode":1,"uin":0,"g_tk_new_20200303":5381,"g_tk":5381},"req_1":{"module":"music.musicsearch.HotkeyService","method":"GetHotkeyForQQMusicMobile","param":{"searchid":"31365759695277856","remoteplace":"txt.yqq.top","from":"yqqweb"}},"req_2":{"module":"music.paycenterapi.LoginStateVerificationApi","method":"GetChargeAccount","param":{"appid":"mlive"}},"req_3":{"module":"musicToplist.ToplistInfoServer","method":"GetAll","param":{}}} 参数1: 110
 [232] [fog_116] 调用结果: 121
 [233] [fog_117] 方法名: ƒ charCodeAt() { [native code] } 调用对象: {"comm":{"cv":4747474,"ct":24,"format":"json","inCharset":"utf-8","outCharset":"utf-8","notice":0,"platform":"yqq.json","needNewCode":1,"uin":0,"g_tk_new_20200303":5381,"g_tk":5381},"req_1":{"module":"music.musicsearch.HotkeyService","method":"GetHotkeyForQQMusicMobile","param":{"searchid":"31365759695277856","remoteplace":"txt.yqq.top","from":"yqqweb"}},"req_2":{"module":"music.paycenterapi.LoginStateVerificationApi","method":"GetChargeAccount","param":{"appid":"mlive"}},"req_3":{"module":"musicToplist.ToplistInfoServer","method":"GetAll","param":{}}} 参数1: 111
 [234] [fog_117] 调用结果: 113
 [235] [fog_118] 方法名: ƒ charCodeAt() { [native code] } 调用对象: {"comm":{"cv":4747474,"ct":24,"format":"json","inCharset":"utf-8","outCharset":"utf-8","notice":0,"platform":"yqq.json","needNewCode":1,"uin":0,"g_tk_new_20200303":5381,"g_tk":5381},"req_1":{"module":"music.musicsearch.HotkeyService","method":"GetHotkeyForQQMusicMobile","param":{"searchid":"31365759695277856","remoteplace":"txt.yqq.top","from":"yqqweb"}},"req_2":{"module":"music.paycenterapi.LoginStateVerificationApi","method":"GetChargeAccount","param":{"appid":"mlive"}},"req_3":{"module":"musicToplist.ToplistInfoServer","method":"GetAll","param":{}}} 参数1: 112
 [236] [fog_118] 调用结果: 113
 [237] [fog_119] 方法名: ƒ charCodeAt() { [native code] } 调用对象: {"comm":{"cv":4747474,"ct":24,"format":"json","inCharset":"utf-8","outCharset":"utf-8","notice":0,"platform":"yqq.json","needNewCode":1,"uin":0,"g_tk_new_20200303":5381,"g_tk":5381},"req_1":{"module":"music.musicsearch.HotkeyService","method":"GetHotkeyForQQMusicMobile","param":{"searchid":"31365759695277856","remoteplace":"txt.yqq.top","from":"yqqweb"}},"req_2":{"module":"music.paycenterapi.LoginStateVerificationApi","method":"GetChargeAccount","param":{"appid":"mlive"}},"req_3":{"module":"musicToplist.ToplistInfoServer","method":"GetAll","param":{}}} 参数1: 113
 [238] [fog_119] 调用结果: 46
 [239] [fog_120] 方法名: ƒ charCodeAt() { [native code] } 调用对象: {"comm":{"cv":4747474,"ct":24,"format":"json","inCharset":"utf-8","outCharset":"utf-8","notice":0,"platform":"yqq.json","needNewCode":1,"uin":0,"g_tk_new_20200303":5381,"g_tk":5381},"req_1":{"module":"music.musicsearch.HotkeyService","method":"GetHotkeyForQQMusicMobile","param":{"searchid":"31365759695277856","remoteplace":"txt.yqq.top","from":"yqqweb"}},"req_2":{"module":"music.paycenterapi.LoginStateVerificationApi","method":"GetChargeAccount","param":{"appid":"mlive"}},"req_3":{"module":"musicToplist.ToplistInfoServer","method":"GetAll","param":{}}} 参数1: 114
 [240] [fog_120] 调用结果: 106
 [241] [fog_121] 方法名: ƒ charCodeAt() { [native code] } 调用对象: {"comm":{"cv":4747474,"ct":24,"format":"json","inCharset":"utf-8","outCharset":"utf-8","notice":0,"platform":"yqq.json","needNewCode":1,"uin":0,"g_tk_new_20200303":5381,"g_tk":5381},"req_1":{"module":"music.musicsearch.HotkeyService","method":"GetHotkeyForQQMusicMobile","param":{"searchid":"31365759695277856","remoteplace":"txt.yqq.top","from":"yqqweb"}},"req_2":{"module":"music.paycenterapi.LoginStateVerificationApi","method":"GetChargeAccount","param":{"appid":"mlive"}},"req_3":{"module":"musicToplist.ToplistInfoServer","method":"GetAll","param":{}}} 参数1: 115
 [242] [fog_121] 调用结果: 115
 [243] [fog_122] 方法名: ƒ charCodeAt() { [native code] } 调用对象: {"comm":{"cv":4747474,"ct":24,"format":"json","inCharset":"utf-8","outCharset":"utf-8","notice":0,"platform":"yqq.json","needNewCode":1,"uin":0,"g_tk_new_20200303":5381,"g_tk":5381},"req_1":{"module":"music.musicsearch.HotkeyService","method":"GetHotkeyForQQMusicMobile","param":{"searchid":"31365759695277856","remoteplace":"txt.yqq.top","from":"yqqweb"}},"req_2":{"module":"music.paycenterapi.LoginStateVerificationApi","method":"GetChargeAccount","param":{"appid":"mlive"}},"req_3":{"module":"musicToplist.ToplistInfoServer","method":"GetAll","param":{}}} 参数1: 116
 [244] [fog_122] 调用结果: 111
 [245] [fog_123] 方法名: ƒ charCodeAt() { [native code] } 调用对象: {"comm":{"cv":4747474,"ct":24,"format":"json","inCharset":"utf-8","outCharset":"utf-8","notice":0,"platform":"yqq.json","needNewCode":1,"uin":0,"g_tk_new_20200303":5381,"g_tk":5381},"req_1":{"module":"music.musicsearch.HotkeyService","method":"GetHotkeyForQQMusicMobile","param":{"searchid":"31365759695277856","remoteplace":"txt.yqq.top","from":"yqqweb"}},"req_2":{"module":"music.paycenterapi.LoginStateVerificationApi","method":"GetChargeAccount","param":{"appid":"mlive"}},"req_3":{"module":"musicToplist.ToplistInfoServer","method":"GetAll","param":{}}} 参数1: 117
 [246] [fog_123] 调用结果: 110
 [247] [fog_124] 方法名: ƒ charCodeAt() { [native code] } 调用对象: {"comm":{"cv":4747474,"ct":24,"format":"json","inCharset":"utf-8","outCharset":"utf-8","notice":0,"platform":"yqq.json","needNewCode":1,"uin":0,"g_tk_new_20200303":5381,"g_tk":5381},"req_1":{"module":"music.musicsearch.HotkeyService","method":"GetHotkeyForQQMusicMobile","param":{"searchid":"31365759695277856","remoteplace":"txt.yqq.top","from":"yqqweb"}},"req_2":{"module":"music.paycenterapi.LoginStateVerificationApi","method":"GetChargeAccount","param":{"appid":"mlive"}},"req_3":{"module":"musicToplist.ToplistInfoServer","method":"GetAll","param":{}}} 参数1: 118
 [248] [fog_124] 调用结果: 34
 [249] [fog_125] 方法名: ƒ charCodeAt() { [native code] } 调用对象: {"comm":{"cv":4747474,"ct":24,"format":"json","inCharset":"utf-8","outCharset":"utf-8","notice":0,"platform":"yqq.json","needNewCode":1,"uin":0,"g_tk_new_20200303":5381,"g_tk":5381},"req_1":{"module":"music.musicsearch.HotkeyService","method":"GetHotkeyForQQMusicMobile","param":{"searchid":"31365759695277856","remoteplace":"txt.yqq.top","from":"yqqweb"}},"req_2":{"module":"music.paycenterapi.LoginStateVerificationApi","method":"GetChargeAccount","param":{"appid":"mlive"}},"req_3":{"module":"musicToplist.ToplistInfoServer","method":"GetAll","param":{}}} 参数1: 119
 [250] [fog_125] 调用结果: 44
 [251] [fog_126] 方法名: ƒ charCodeAt() { [native code] } 调用对象: {"comm":{"cv":4747474,"ct":24,"format":"json","inCharset":"utf-8","outCharset":"utf-8","notice":0,"platform":"yqq.json","needNewCode":1,"uin":0,"g_tk_new_20200303":5381,"g_tk":5381},"req_1":{"module":"music.musicsearch.HotkeyService","method":"GetHotkeyForQQMusicMobile","param":{"searchid":"31365759695277856","remoteplace":"txt.yqq.top","from":"yqqweb"}},"req_2":{"module":"music.paycenterapi.LoginStateVerificationApi","method":"GetChargeAccount","param":{"appid":"mlive"}},"req_3":{"module":"musicToplist.ToplistInfoServer","method":"GetAll","param":{}}} 参数1: 120
 [252] [fog_126] 调用结果: 34
 [253] [fog_127] 方法名: ƒ charCodeAt() { [native code] } 调用对象: {"comm":{"cv":4747474,"ct":24,"format":"json","inCharset":"utf-8","outCharset":"utf-8","notice":0,"platform":"yqq.json","needNewCode":1,"uin":0,"g_tk_new_20200303":5381,"g_tk":5381},"req_1":{"module":"music.musicsearch.HotkeyService","method":"GetHotkeyForQQMusicMobile","param":{"searchid":"31365759695277856","remoteplace":"txt.yqq.top","from":"yqqweb"}},"req_2":{"module":"music.paycenterapi.LoginStateVerificationApi","method":"GetChargeAccount","param":{"appid":"mlive"}},"req_3":{"module":"musicToplist.ToplistInfoServer","method":"GetAll","param":{}}} 参数1: 121
 [254] [fog_127] 调用结果: 110
 [255] [fog_128] 方法名: ƒ charCodeAt() { [native code] } 调用对象: {"comm":{"cv":4747474,"ct":24,"format":"json","inCharset":"utf-8","outCharset":"utf-8","notice":0,"platform":"yqq.json","needNewCode":1,"uin":0,"g_tk_new_20200303":5381,"g_tk":5381},"req_1":{"module":"music.musicsearch.HotkeyService","method":"GetHotkeyForQQMusicMobile","param":{"searchid":"31365759695277856","remoteplace":"txt.yqq.top","from":"yqqweb"}},"req_2":{"module":"music.paycenterapi.LoginStateVerificationApi","method":"GetChargeAccount","param":{"appid":"mlive"}},"req_3":{"module":"musicToplist.ToplistInfoServer","method":"GetAll","param":{}}} 参数1: 122
 [256] [fog_128] 调用结果: 101
 [257] [fog_129] 方法名: ƒ charCodeAt() { [native code] } 调用对象: {"comm":{"cv":4747474,"ct":24,"format":"json","inCharset":"utf-8","outCharset":"utf-8","notice":0,"platform":"yqq.json","needNewCode":1,"uin":0,"g_tk_new_20200303":5381,"g_tk":5381},"req_1":{"module":"music.musicsearch.HotkeyService","method":"GetHotkeyForQQMusicMobile","param":{"searchid":"31365759695277856","remoteplace":"txt.yqq.top","from":"yqqweb"}},"req_2":{"module":"music.paycenterapi.LoginStateVerificationApi","method":"GetChargeAccount","param":{"appid":"mlive"}},"req_3":{"module":"musicToplist.ToplistInfoServer","method":"GetAll","param":{}}} 参数1: 123
 [258] [fog_129] 调用结果: 101
 [259] [fog_130] 方法名: ƒ charCodeAt() { [native code] } 调用对象: {"comm":{"cv":4747474,"ct":24,"format":"json","inCharset":"utf-8","outCharset":"utf-8","notice":0,"platform":"yqq.json","needNewCode":1,"uin":0,"g_tk_new_20200303":5381,"g_tk":5381},"req_1":{"module":"music.musicsearch.HotkeyService","method":"GetHotkeyForQQMusicMobile","param":{"searchid":"31365759695277856","remoteplace":"txt.yqq.top","from":"yqqweb"}},"req_2":{"module":"music.paycenterapi.LoginStateVerificationApi","method":"GetChargeAccount","param":{"appid":"mlive"}},"req_3":{"module":"musicToplist.ToplistInfoServer","method":"GetAll","param":{}}} 参数1: 124
 [260] [fog_130] 调用结果: 100
 [261] [fog_131] 方法名: ƒ charCodeAt() { [native code] } 调用对象: {"comm":{"cv":4747474,"ct":24,"format":"json","inCharset":"utf-8","outCharset":"utf-8","notice":0,"platform":"yqq.json","needNewCode":1,"uin":0,"g_tk_new_20200303":5381,"g_tk":5381},"req_1":{"module":"music.musicsearch.HotkeyService","method":"GetHotkeyForQQMusicMobile","param":{"searchid":"31365759695277856","remoteplace":"txt.yqq.top","from":"yqqweb"}},"req_2":{"module":"music.paycenterapi.LoginStateVerificationApi","method":"GetChargeAccount","param":{"appid":"mlive"}},"req_3":{"module":"musicToplist.ToplistInfoServer","method":"GetAll","param":{}}} 参数1: 125
 [262] [fog_131] 调用结果: 78
 [263] [fog_132] 方法名: ƒ charCodeAt() { [native code] } 调用对象: {"comm":{"cv":4747474,"ct":24,"format":"json","inCharset":"utf-8","outCharset":"utf-8","notice":0,"platform":"yqq.json","needNewCode":1,"uin":0,"g_tk_new_20200303":5381,"g_tk":5381},"req_1":{"module":"music.musicsearch.HotkeyService","method":"GetHotkeyForQQMusicMobile","param":{"searchid":"31365759695277856","remoteplace":"txt.yqq.top","from":"yqqweb"}},"req_2":{"module":"music.paycenterapi.LoginStateVerificationApi","method":"GetChargeAccount","param":{"appid":"mlive"}},"req_3":{"module":"musicToplist.ToplistInfoServer","method":"GetAll","param":{}}} 参数1: 126
 [264] [fog_132] 调用结果: 101
 [265] [fog_133] 方法名: ƒ charCodeAt() { [native code] } 调用对象: {"comm":{"cv":4747474,"ct":24,"format":"json","inCharset":"utf-8","outCharset":"utf-8","notice":0,"platform":"yqq.json","needNewCode":1,"uin":0,"g_tk_new_20200303":5381,"g_tk":5381},"req_1":{"module":"music.musicsearch.HotkeyService","method":"GetHotkeyForQQMusicMobile","param":{"searchid":"31365759695277856","remoteplace":"txt.yqq.top","from":"yqqweb"}},"req_2":{"module":"music.paycenterapi.LoginStateVerificationApi","method":"GetChargeAccount","param":{"appid":"mlive"}},"req_3":{"module":"musicToplist.ToplistInfoServer","method":"GetAll","param":{}}} 参数1: 127
 [266] [fog_133] 调用结果: 119
 [267] [fog_134] 方法名: ƒ c() {
                        for (var l, f, h = [o, s, t, this, arguments, c, n, 0], d = void 0, p = e, g = []; ; )
                            try {
                                for (; ; )
     … 调用对象: c {blocks: Array(80), h0: 1927362981, h1: 178755998, h2: 1112222769, h3: -50613523, …} 参数无
 [268] [fog_134] 调用结果: undefined
 [269] [fog_135] 方法名: ƒ charCodeAt() { [native code] } 调用对象: {"comm":{"cv":4747474,"ct":24,"format":"json","inCharset":"utf-8","outCharset":"utf-8","notice":0,"platform":"yqq.json","needNewCode":1,"uin":0,"g_tk_new_20200303":5381,"g_tk":5381},"req_1":{"module":"music.musicsearch.HotkeyService","method":"GetHotkeyForQQMusicMobile","param":{"searchid":"31365759695277856","remoteplace":"txt.yqq.top","from":"yqqweb"}},"req_2":{"module":"music.paycenterapi.LoginStateVerificationApi","method":"GetChargeAccount","param":{"appid":"mlive"}},"req_3":{"module":"musicToplist.ToplistInfoServer","method":"GetAll","param":{}}} 参数1: 128
 [270] [fog_135] 调用结果: 67
 [271] [fog_136] 方法名: ƒ charCodeAt() { [native code] } 调用对象: {"comm":{"cv":4747474,"ct":24,"format":"json","inCharset":"utf-8","outCharset":"utf-8","notice":0,"platform":"yqq.json","needNewCode":1,"uin":0,"g_tk_new_20200303":5381,"g_tk":5381},"req_1":{"module":"music.musicsearch.HotkeyService","method":"GetHotkeyForQQMusicMobile","param":{"searchid":"31365759695277856","remoteplace":"txt.yqq.top","from":"yqqweb"}},"req_2":{"module":"music.paycenterapi.LoginStateVerificationApi","method":"GetChargeAccount","param":{"appid":"mlive"}},"req_3":{"module":"musicToplist.ToplistInfoServer","method":"GetAll","param":{}}} 参数1: 129
 [272] [fog_136] 调用结果: 111
 [273] [fog_137] 方法名: ƒ charCodeAt() { [native code] } 调用对象: {"comm":{"cv":4747474,"ct":24,"format":"json","inCharset":"utf-8","outCharset":"utf-8","notice":0,"platform":"yqq.json","needNewCode":1,"uin":0,"g_tk_new_20200303":5381,"g_tk":5381},"req_1":{"module":"music.musicsearch.HotkeyService","method":"GetHotkeyForQQMusicMobile","param":{"searchid":"31365759695277856","remoteplace":"txt.yqq.top","from":"yqqweb"}},"req_2":{"module":"music.paycenterapi.LoginStateVerificationApi","method":"GetChargeAccount","param":{"appid":"mlive"}},"req_3":{"module":"musicToplist.ToplistInfoServer","method":"GetAll","param":{}}} 参数1: 130
 [274] [fog_137] 调用结果: 100
 [275] [fog_138] 方法名: ƒ charCodeAt() { [native code] } 调用对象: {"comm":{"cv":4747474,"ct":24,"format":"json","inCharset":"utf-8","outCharset":"utf-8","notice":0,"platform":"yqq.json","needNewCode":1,"uin":0,"g_tk_new_20200303":5381,"g_tk":5381},"req_1":{"module":"music.musicsearch.HotkeyService","method":"GetHotkeyForQQMusicMobile","param":{"searchid":"31365759695277856","remoteplace":"txt.yqq.top","from":"yqqweb"}},"req_2":{"module":"music.paycenterapi.LoginStateVerificationApi","method":"GetChargeAccount","param":{"appid":"mlive"}},"req_3":{"module":"musicToplist.ToplistInfoServer","method":"GetAll","param":{}}} 参数1: 131
 [276] [fog_138] 调用结果: 101
 [277] [fog_139] 方法名: ƒ charCodeAt() { [native code] } 调用对象: {"comm":{"cv":4747474,"ct":24,"format":"json","inCharset":"utf-8","outCharset":"utf-8","notice":0,"platform":"yqq.json","needNewCode":1,"uin":0,"g_tk_new_20200303":5381,"g_tk":5381},"req_1":{"module":"music.musicsearch.HotkeyService","method":"GetHotkeyForQQMusicMobile","param":{"searchid":"31365759695277856","remoteplace":"txt.yqq.top","from":"yqqweb"}},"req_2":{"module":"music.paycenterapi.LoginStateVerificationApi","method":"GetChargeAccount","param":{"appid":"mlive"}},"req_3":{"module":"musicToplist.ToplistInfoServer","method":"GetAll","param":{}}} 参数1: 132
 [278] [fog_139] 调用结果: 34
 [279] [fog_140] 方法名: ƒ charCodeAt() { [native code] } 调用对象: {"comm":{"cv":4747474,"ct":24,"format":"json","inCharset":"utf-8","outCharset":"utf-8","notice":0,"platform":"yqq.json","needNewCode":1,"uin":0,"g_tk_new_20200303":5381,"g_tk":5381},"req_1":{"module":"music.musicsearch.HotkeyService","method":"GetHotkeyForQQMusicMobile","param":{"searchid":"31365759695277856","remoteplace":"txt.yqq.top","from":"yqqweb"}},"req_2":{"module":"music.paycenterapi.LoginStateVerificationApi","method":"GetChargeAccount","param":{"appid":"mlive"}},"req_3":{"module":"musicToplist.ToplistInfoServer","method":"GetAll","param":{}}} 参数1: 133
 [280] [fog_140] 调用结果: 58
 [281] [fog_141] 方法名: ƒ charCodeAt() { [native code] } 调用对象: {"comm":{"cv":4747474,"ct":24,"format":"json","inCharset":"utf-8","outCharset":"utf-8","notice":0,"platform":"yqq.json","needNewCode":1,"uin":0,"g_tk_new_20200303":5381,"g_tk":5381},"req_1":{"module":"music.musicsearch.HotkeyService","method":"GetHotkeyForQQMusicMobile","param":{"searchid":"31365759695277856","remoteplace":"txt.yqq.top","from":"yqqweb"}},"req_2":{"module":"music.paycenterapi.LoginStateVerificationApi","method":"GetChargeAccount","param":{"appid":"mlive"}},"req_3":{"module":"musicToplist.ToplistInfoServer","method":"GetAll","param":{}}} 参数1: 134
 [282] [fog_141] 调用结果: 49
 [283] [fog_142] 方法名: ƒ charCodeAt() { [native code] } 调用对象: {"comm":{"cv":4747474,"ct":24,"format":"json","inCharset":"utf-8","outCharset":"utf-8","notice":0,"platform":"yqq.json","needNewCode":1,"uin":0,"g_tk_new_20200303":5381,"g_tk":5381},"req_1":{"module":"music.musicsearch.HotkeyService","method":"GetHotkeyForQQMusicMobile","param":{"searchid":"31365759695277856","remoteplace":"txt.yqq.top","from":"yqqweb"}},"req_2":{"module":"music.paycenterapi.LoginStateVerificationApi","method":"GetChargeAccount","param":{"appid":"mlive"}},"req_3":{"module":"musicToplist.ToplistInfoServer","method":"GetAll","param":{}}} 参数1: 135
 [284] [fog_142] 调用结果: 44
 [285] [fog_143] 方法名: ƒ charCodeAt() { [native code] } 调用对象: {"comm":{"cv":4747474,"ct":24,"format":"json","inCharset":"utf-8","outCharset":"utf-8","notice":0,"platform":"yqq.json","needNewCode":1,"uin":0,"g_tk_new_20200303":5381,"g_tk":5381},"req_1":{"module":"music.musicsearch.HotkeyService","method":"GetHotkeyForQQMusicMobile","param":{"searchid":"31365759695277856","remoteplace":"txt.yqq.top","from":"yqqweb"}},"req_2":{"module":"music.paycenterapi.LoginStateVerificationApi","method":"GetChargeAccount","param":{"appid":"mlive"}},"req_3":{"module":"musicToplist.ToplistInfoServer","method":"GetAll","param":{}}} 参数1: 136
 [286] [fog_143] 调用结果: 34
 [287] [fog_144] 方法名: ƒ charCodeAt() { [native code] } 调用对象: {"comm":{"cv":4747474,"ct":24,"format":"json","inCharset":"utf-8","outCharset":"utf-8","notice":0,"platform":"yqq.json","needNewCode":1,"uin":0,"g_tk_new_20200303":5381,"g_tk":5381},"req_1":{"module":"music.musicsearch.HotkeyService","method":"GetHotkeyForQQMusicMobile","param":{"searchid":"31365759695277856","remoteplace":"txt.yqq.top","from":"yqqweb"}},"req_2":{"module":"music.paycenterapi.LoginStateVerificationApi","method":"GetChargeAccount","param":{"appid":"mlive"}},"req_3":{"module":"musicToplist.ToplistInfoServer","method":"GetAll","param":{}}} 参数1: 137
 [288] [fog_144] 调用结果: 117
 [289] [fog_145] 方法名: ƒ charCodeAt() { [native code] } 调用对象: {"comm":{"cv":4747474,"ct":24,"format":"json","inCharset":"utf-8","outCharset":"utf-8","notice":0,"platform":"yqq.json","needNewCode":1,"uin":0,"g_tk_new_20200303":5381,"g_tk":5381},"req_1":{"module":"music.musicsearch.HotkeyService","method":"GetHotkeyForQQMusicMobile","param":{"searchid":"31365759695277856","remoteplace":"txt.yqq.top","from":"yqqweb"}},"req_2":{"module":"music.paycenterapi.LoginStateVerificationApi","method":"GetChargeAccount","param":{"appid":"mlive"}},"req_3":{"module":"musicToplist.ToplistInfoServer","method":"GetAll","param":{}}} 参数1: 138
 [290] [fog_145] 调用结果: 105
 [291] [fog_146] 方法名: ƒ charCodeAt() { [native code] } 调用对象: {"comm":{"cv":4747474,"ct":24,"format":"json","inCharset":"utf-8","outCharset":"utf-8","notice":0,"platform":"yqq.json","needNewCode":1,"uin":0,"g_tk_new_20200303":5381,"g_tk":5381},"req_1":{"module":"music.musicsearch.HotkeyService","method":"GetHotkeyForQQMusicMobile","param":{"searchid":"31365759695277856","remoteplace":"txt.yqq.top","from":"yqqweb"}},"req_2":{"module":"music.paycenterapi.LoginStateVerificationApi","method":"GetChargeAccount","param":{"appid":"mlive"}},"req_3":{"module":"musicToplist.ToplistInfoServer","method":"GetAll","param":{}}} 参数1: 139
 [292] [fog_146] 调用结果: 110
 [293] [fog_147] 方法名: ƒ charCodeAt() { [native code] } 调用对象: {"comm":{"cv":4747474,"ct":24,"format":"json","inCharset":"utf-8","outCharset":"utf-8","notice":0,"platform":"yqq.json","needNewCode":1,"uin":0,"g_tk_new_20200303":5381,"g_tk":5381},"req_1":{"module":"music.musicsearch.HotkeyService","method":"GetHotkeyForQQMusicMobile","param":{"searchid":"31365759695277856","remoteplace":"txt.yqq.top","from":"yqqweb"}},"req_2":{"module":"music.paycenterapi.LoginStateVerificationApi","method":"GetChargeAccount","param":{"appid":"mlive"}},"req_3":{"module":"musicToplist.ToplistInfoServer","method":"GetAll","param":{}}} 参数1: 140
 [294] [fog_147] 调用结果: 34
 [295] [fog_148] 方法名: ƒ charCodeAt() { [native code] } 调用对象: {"comm":{"cv":4747474,"ct":24,"format":"json","inCharset":"utf-8","outCharset":"utf-8","notice":0,"platform":"yqq.json","needNewCode":1,"uin":0,"g_tk_new_20200303":5381,"g_tk":5381},"req_1":{"module":"music.musicsearch.HotkeyService","method":"GetHotkeyForQQMusicMobile","param":{"searchid":"31365759695277856","remoteplace":"txt.yqq.top","from":"yqqweb"}},"req_2":{"module":"music.paycenterapi.LoginStateVerificationApi","method":"GetChargeAccount","param":{"appid":"mlive"}},"req_3":{"module":"musicToplist.ToplistInfoServer","method":"GetAll","param":{}}} 参数1: 141
 [296] [fog_148] 调用结果: 58
 [297] [fog_149] 方法名: ƒ charCodeAt() { [native code] } 调用对象: {"comm":{"cv":4747474,"ct":24,"format":"json","inCharset":"utf-8","outCharset":"utf-8","notice":0,"platform":"yqq.json","needNewCode":1,"uin":0,"g_tk_new_20200303":5381,"g_tk":5381},"req_1":{"module":"music.musicsearch.HotkeyService","method":"GetHotkeyForQQMusicMobile","param":{"searchid":"31365759695277856","remoteplace":"txt.yqq.top","from":"yqqweb"}},"req_2":{"module":"music.paycenterapi.LoginStateVerificationApi","method":"GetChargeAccount","param":{"appid":"mlive"}},"req_3":{"module":"musicToplist.ToplistInfoServer","method":"GetAll","param":{}}} 参数1: 142
 [298] [fog_149] 调用结果: 48
 [299] [fog_150] 方法名: ƒ charCodeAt() { [native code] } 调用对象: {"comm":{"cv":4747474,"ct":24,"format":"json","inCharset":"utf-8","outCharset":"utf-8","notice":0,"platform":"yqq.json","needNewCode":1,"uin":0,"g_tk_new_20200303":5381,"g_tk":5381},"req_1":{"module":"music.musicsearch.HotkeyService","method":"GetHotkeyForQQMusicMobile","param":{"searchid":"31365759695277856","remoteplace":"txt.yqq.top","from":"yqqweb"}},"req_2":{"module":"music.paycenterapi.LoginStateVerificationApi","method":"GetChargeAccount","param":{"appid":"mlive"}},"req_3":{"module":"musicToplist.ToplistInfoServer","method":"GetAll","param":{}}} 参数1: 143
 [300] [fog_150] 调用结果: 44
 [301] [fog_151] 方法名: ƒ charCodeAt() { [native code] } 调用对象: {"comm":{"cv":4747474,"ct":24,"format":"json","inCharset":"utf-8","outCharset":"utf-8","notice":0,"platform":"yqq.json","needNewCode":1,"uin":0,"g_tk_new_20200303":5381,"g_tk":5381},"req_1":{"module":"music.musicsearch.HotkeyService","method":"GetHotkeyForQQMusicMobile","param":{"searchid":"31365759695277856","remoteplace":"txt.yqq.top","from":"yqqweb"}},"req_2":{"module":"music.paycenterapi.LoginStateVerificationApi","method":"GetChargeAccount","param":{"appid":"mlive"}},"req_3":{"module":"musicToplist.ToplistInfoServer","method":"GetAll","param":{}}} 参数1: 144
 [302] [fog_151] 调用结果: 34
 [303] [fog_152] 方法名: ƒ charCodeAt() { [native code] } 调用对象: {"comm":{"cv":4747474,"ct":24,"format":"json","inCharset":"utf-8","outCharset":"utf-8","notice":0,"platform":"yqq.json","needNewCode":1,"uin":0,"g_tk_new_20200303":5381,"g_tk":5381},"req_1":{"module":"music.musicsearch.HotkeyService","method":"GetHotkeyForQQMusicMobile","param":{"searchid":"31365759695277856","remoteplace":"txt.yqq.top","from":"yqqweb"}},"req_2":{"module":"music.paycenterapi.LoginStateVerificationApi","method":"GetChargeAccount","param":{"appid":"mlive"}},"req_3":{"module":"musicToplist.ToplistInfoServer","method":"GetAll","param":{}}} 参数1: 145
 [304] [fog_152] 调用结果: 103
 [305] [fog_153] 方法名: ƒ charCodeAt() { [native code] } 调用对象: {"comm":{"cv":4747474,"ct":24,"format":"json","inCharset":"utf-8","outCharset":"utf-8","notice":0,"platform":"yqq.json","needNewCode":1,"uin":0,"g_tk_new_20200303":5381,"g_tk":5381},"req_1":{"module":"music.musicsearch.HotkeyService","method":"GetHotkeyForQQMusicMobile","param":{"searchid":"31365759695277856","remoteplace":"txt.yqq.top","from":"yqqweb"}},"req_2":{"module":"music.paycenterapi.LoginStateVerificationApi","method":"GetChargeAccount","param":{"appid":"mlive"}},"req_3":{"module":"musicToplist.ToplistInfoServer","method":"GetAll","param":{}}} 参数1: 146
 [306] [fog_153] 调用结果: 95
 [307] [fog_154] 方法名: ƒ charCodeAt() { [native code] } 调用对象: {"comm":{"cv":4747474,"ct":24,"format":"json","inCharset":"utf-8","outCharset":"utf-8","notice":0,"platform":"yqq.json","needNewCode":1,"uin":0,"g_tk_new_20200303":5381,"g_tk":5381},"req_1":{"module":"music.musicsearch.HotkeyService","method":"GetHotkeyForQQMusicMobile","param":{"searchid":"31365759695277856","remoteplace":"txt.yqq.top","from":"yqqweb"}},"req_2":{"module":"music.paycenterapi.LoginStateVerificationApi","method":"GetChargeAccount","param":{"appid":"mlive"}},"req_3":{"module":"musicToplist.ToplistInfoServer","method":"GetAll","param":{}}} 参数1: 147
 [308] [fog_154] 调用结果: 116
 [309] [fog_155] 方法名: ƒ charCodeAt() { [native code] } 调用对象: {"comm":{"cv":4747474,"ct":24,"format":"json","inCharset":"utf-8","outCharset":"utf-8","notice":0,"platform":"yqq.json","needNewCode":1,"uin":0,"g_tk_new_20200303":5381,"g_tk":5381},"req_1":{"module":"music.musicsearch.HotkeyService","method":"GetHotkeyForQQMusicMobile","param":{"searchid":"31365759695277856","remoteplace":"txt.yqq.top","from":"yqqweb"}},"req_2":{"module":"music.paycenterapi.LoginStateVerificationApi","method":"GetChargeAccount","param":{"appid":"mlive"}},"req_3":{"module":"musicToplist.ToplistInfoServer","method":"GetAll","param":{}}} 参数1: 148
 [310] [fog_155] 调用结果: 107
 [311] [fog_156] 方法名: ƒ charCodeAt() { [native code] } 调用对象: {"comm":{"cv":4747474,"ct":24,"format":"json","inCharset":"utf-8","outCharset":"utf-8","notice":0,"platform":"yqq.json","needNewCode":1,"uin":0,"g_tk_new_20200303":5381,"g_tk":5381},"req_1":{"module":"music.musicsearch.HotkeyService","method":"GetHotkeyForQQMusicMobile","param":{"searchid":"31365759695277856","remoteplace":"txt.yqq.top","from":"yqqweb"}},"req_2":{"module":"music.paycenterapi.LoginStateVerificationApi","method":"GetChargeAccount","param":{"appid":"mlive"}},"req_3":{"module":"musicToplist.ToplistInfoServer","method":"GetAll","param":{}}} 参数1: 149
 [312] [fog_156] 调用结果: 95
 [313] [fog_157] 方法名: ƒ charCodeAt() { [native code] } 调用对象: {"comm":{"cv":4747474,"ct":24,"format":"json","inCharset":"utf-8","outCharset":"utf-8","notice":0,"platform":"yqq.json","needNewCode":1,"uin":0,"g_tk_new_20200303":5381,"g_tk":5381},"req_1":{"module":"music.musicsearch.HotkeyService","method":"GetHotkeyForQQMusicMobile","param":{"searchid":"31365759695277856","remoteplace":"txt.yqq.top","from":"yqqweb"}},"req_2":{"module":"music.paycenterapi.LoginStateVerificationApi","method":"GetChargeAccount","param":{"appid":"mlive"}},"req_3":{"module":"musicToplist.ToplistInfoServer","method":"GetAll","param":{}}} 参数1: 150
 [314] [fog_157] 调用结果: 110
 [315] [fog_158] 方法名: ƒ charCodeAt() { [native code] } 调用对象: {"comm":{"cv":4747474,"ct":24,"format":"json","inCharset":"utf-8","outCharset":"utf-8","notice":0,"platform":"yqq.json","needNewCode":1,"uin":0,"g_tk_new_20200303":5381,"g_tk":5381},"req_1":{"module":"music.musicsearch.HotkeyService","method":"GetHotkeyForQQMusicMobile","param":{"searchid":"31365759695277856","remoteplace":"txt.yqq.top","from":"yqqweb"}},"req_2":{"module":"music.paycenterapi.LoginStateVerificationApi","method":"GetChargeAccount","param":{"appid":"mlive"}},"req_3":{"module":"musicToplist.ToplistInfoServer","method":"GetAll","param":{}}} 参数1: 151
 [316] [fog_158] 调用结果: 101
 [317] [fog_159] 方法名: ƒ charCodeAt() { [native code] } 调用对象: {"comm":{"cv":4747474,"ct":24,"format":"json","inCharset":"utf-8","outCharset":"utf-8","notice":0,"platform":"yqq.json","needNewCode":1,"uin":0,"g_tk_new_20200303":5381,"g_tk":5381},"req_1":{"module":"music.musicsearch.HotkeyService","method":"GetHotkeyForQQMusicMobile","param":{"searchid":"31365759695277856","remoteplace":"txt.yqq.top","from":"yqqweb"}},"req_2":{"module":"music.paycenterapi.LoginStateVerificationApi","method":"GetChargeAccount","param":{"appid":"mlive"}},"req_3":{"module":"musicToplist.ToplistInfoServer","method":"GetAll","param":{}}} 参数1: 152
 [318] [fog_159] 调用结果: 119
 [319] [fog_160] 方法名: ƒ charCodeAt() { [native code] } 调用对象: {"comm":{"cv":4747474,"ct":24,"format":"json","inCharset":"utf-8","outCharset":"utf-8","notice":0,"platform":"yqq.json","needNewCode":1,"uin":0,"g_tk_new_20200303":5381,"g_tk":5381},"req_1":{"module":"music.musicsearch.HotkeyService","method":"GetHotkeyForQQMusicMobile","param":{"searchid":"31365759695277856","remoteplace":"txt.yqq.top","from":"yqqweb"}},"req_2":{"module":"music.paycenterapi.LoginStateVerificationApi","method":"GetChargeAccount","param":{"appid":"mlive"}},"req_3":{"module":"musicToplist.ToplistInfoServer","method":"GetAll","param":{}}} 参数1: 153
 [320] [fog_160] 调用结果: 95
 [321] [fog_161] 方法名: ƒ charCodeAt() { [native code] } 调用对象: {"comm":{"cv":4747474,"ct":24,"format":"json","inCharset":"utf-8","outCharset":"utf-8","notice":0,"platform":"yqq.json","needNewCode":1,"uin":0,"g_tk_new_20200303":5381,"g_tk":5381},"req_1":{"module":"music.musicsearch.HotkeyService","method":"GetHotkeyForQQMusicMobile","param":{"searchid":"31365759695277856","remoteplace":"txt.yqq.top","from":"yqqweb"}},"req_2":{"module":"music.paycenterapi.LoginStateVerificationApi","method":"GetChargeAccount","param":{"appid":"mlive"}},"req_3":{"module":"musicToplist.ToplistInfoServer","method":"GetAll","param":{}}} 参数1: 154
 [322] [fog_161] 调用结果: 50
 [323] [fog_162] 方法名: ƒ charCodeAt() { [native code] } 调用对象: {"comm":{"cv":4747474,"ct":24,"format":"json","inCharset":"utf-8","outCharset":"utf-8","notice":0,"platform":"yqq.json","needNewCode":1,"uin":0,"g_tk_new_20200303":5381,"g_tk":5381},"req_1":{"module":"music.musicsearch.HotkeyService","method":"GetHotkeyForQQMusicMobile","param":{"searchid":"31365759695277856","remoteplace":"txt.yqq.top","from":"yqqweb"}},"req_2":{"module":"music.paycenterapi.LoginStateVerificationApi","method":"GetChargeAccount","param":{"appid":"mlive"}},"req_3":{"module":"musicToplist.ToplistInfoServer","method":"GetAll","param":{}}} 参数1: 155
 [324] [fog_162] 调用结果: 48
 [325] [fog_163] 方法名: ƒ charCodeAt() { [native code] } 调用对象: {"comm":{"cv":4747474,"ct":24,"format":"json","inCharset":"utf-8","outCharset":"utf-8","notice":0,"platform":"yqq.json","needNewCode":1,"uin":0,"g_tk_new_20200303":5381,"g_tk":5381},"req_1":{"module":"music.musicsearch.HotkeyService","method":"GetHotkeyForQQMusicMobile","param":{"searchid":"31365759695277856","remoteplace":"txt.yqq.top","from":"yqqweb"}},"req_2":{"module":"music.paycenterapi.LoginStateVerificationApi","method":"GetChargeAccount","param":{"appid":"mlive"}},"req_3":{"module":"musicToplist.ToplistInfoServer","method":"GetAll","param":{}}} 参数1: 156
 [326] [fog_163] 调用结果: 50
 [327] [fog_164] 方法名: ƒ charCodeAt() { [native code] } 调用对象: {"comm":{"cv":4747474,"ct":24,"format":"json","inCharset":"utf-8","outCharset":"utf-8","notice":0,"platform":"yqq.json","needNewCode":1,"uin":0,"g_tk_new_20200303":5381,"g_tk":5381},"req_1":{"module":"music.musicsearch.HotkeyService","method":"GetHotkeyForQQMusicMobile","param":{"searchid":"31365759695277856","remoteplace":"txt.yqq.top","from":"yqqweb"}},"req_2":{"module":"music.paycenterapi.LoginStateVerificationApi","method":"GetChargeAccount","param":{"appid":"mlive"}},"req_3":{"module":"musicToplist.ToplistInfoServer","method":"GetAll","param":{}}} 参数1: 157
 [328] [fog_164] 调用结果: 48
 [329] [fog_165] 方法名: ƒ charCodeAt() { [native code] } 调用对象: {"comm":{"cv":4747474,"ct":24,"format":"json","inCharset":"utf-8","outCharset":"utf-8","notice":0,"platform":"yqq.json","needNewCode":1,"uin":0,"g_tk_new_20200303":5381,"g_tk":5381},"req_1":{"module":"music.musicsearch.HotkeyService","method":"GetHotkeyForQQMusicMobile","param":{"searchid":"31365759695277856","remoteplace":"txt.yqq.top","from":"yqqweb"}},"req_2":{"module":"music.paycenterapi.LoginStateVerificationApi","method":"GetChargeAccount","param":{"appid":"mlive"}},"req_3":{"module":"musicToplist.ToplistInfoServer","method":"GetAll","param":{}}} 参数1: 158
 [330] [fog_165] 调用结果: 48
 [331] [fog_166] 方法名: ƒ charCodeAt() { [native code] } 调用对象: {"comm":{"cv":4747474,"ct":24,"format":"json","inCharset":"utf-8","outCharset":"utf-8","notice":0,"platform":"yqq.json","needNewCode":1,"uin":0,"g_tk_new_20200303":5381,"g_tk":5381},"req_1":{"module":"music.musicsearch.HotkeyService","method":"GetHotkeyForQQMusicMobile","param":{"searchid":"31365759695277856","remoteplace":"txt.yqq.top","from":"yqqweb"}},"req_2":{"module":"music.paycenterapi.LoginStateVerificationApi","method":"GetChargeAccount","param":{"appid":"mlive"}},"req_3":{"module":"musicToplist.ToplistInfoServer","method":"GetAll","param":{}}} 参数1: 159
 [332] [fog_166] 调用结果: 51
 [333] [fog_167] 方法名: ƒ charCodeAt() { [native code] } 调用对象: {"comm":{"cv":4747474,"ct":24,"format":"json","inCharset":"utf-8","outCharset":"utf-8","notice":0,"platform":"yqq.json","needNewCode":1,"uin":0,"g_tk_new_20200303":5381,"g_tk":5381},"req_1":{"module":"music.musicsearch.HotkeyService","method":"GetHotkeyForQQMusicMobile","param":{"searchid":"31365759695277856","remoteplace":"txt.yqq.top","from":"yqqweb"}},"req_2":{"module":"music.paycenterapi.LoginStateVerificationApi","method":"GetChargeAccount","param":{"appid":"mlive"}},"req_3":{"module":"musicToplist.ToplistInfoServer","method":"GetAll","param":{}}} 参数1: 160
 [334] [fog_167] 调用结果: 48
 [335] [fog_168] 方法名: ƒ charCodeAt() { [native code] } 调用对象: {"comm":{"cv":4747474,"ct":24,"format":"json","inCharset":"utf-8","outCharset":"utf-8","notice":0,"platform":"yqq.json","needNewCode":1,"uin":0,"g_tk_new_20200303":5381,"g_tk":5381},"req_1":{"module":"music.musicsearch.HotkeyService","method":"GetHotkeyForQQMusicMobile","param":{"searchid":"31365759695277856","remoteplace":"txt.yqq.top","from":"yqqweb"}},"req_2":{"module":"music.paycenterapi.LoginStateVerificationApi","method":"GetChargeAccount","param":{"appid":"mlive"}},"req_3":{"module":"musicToplist.ToplistInfoServer","method":"GetAll","param":{}}} 参数1: 161
 [336] [fog_168] 调用结果: 51
 [337] [fog_169] 方法名: ƒ charCodeAt() { [native code] } 调用对象: {"comm":{"cv":4747474,"ct":24,"format":"json","inCharset":"utf-8","outCharset":"utf-8","notice":0,"platform":"yqq.json","needNewCode":1,"uin":0,"g_tk_new_20200303":5381,"g_tk":5381},"req_1":{"module":"music.musicsearch.HotkeyService","method":"GetHotkeyForQQMusicMobile","param":{"searchid":"31365759695277856","remoteplace":"txt.yqq.top","from":"yqqweb"}},"req_2":{"module":"music.paycenterapi.LoginStateVerificationApi","method":"GetChargeAccount","param":{"appid":"mlive"}},"req_3":{"module":"musicToplist.ToplistInfoServer","method":"GetAll","param":{}}} 参数1: 162
 [338] [fog_169] 调用结果: 34
 [339] [fog_170] 方法名: ƒ charCodeAt() { [native code] } 调用对象: {"comm":{"cv":4747474,"ct":24,"format":"json","inCharset":"utf-8","outCharset":"utf-8","notice":0,"platform":"yqq.json","needNewCode":1,"uin":0,"g_tk_new_20200303":5381,"g_tk":5381},"req_1":{"module":"music.musicsearch.HotkeyService","method":"GetHotkeyForQQMusicMobile","param":{"searchid":"31365759695277856","remoteplace":"txt.yqq.top","from":"yqqweb"}},"req_2":{"module":"music.paycenterapi.LoginStateVerificationApi","method":"GetChargeAccount","param":{"appid":"mlive"}},"req_3":{"module":"musicToplist.ToplistInfoServer","method":"GetAll","param":{}}} 参数1: 163
 [340] [fog_170] 调用结果: 58
 [341] [fog_171] 方法名: ƒ charCodeAt() { [native code] } 调用对象: {"comm":{"cv":4747474,"ct":24,"format":"json","inCharset":"utf-8","outCharset":"utf-8","notice":0,"platform":"yqq.json","needNewCode":1,"uin":0,"g_tk_new_20200303":5381,"g_tk":5381},"req_1":{"module":"music.musicsearch.HotkeyService","method":"GetHotkeyForQQMusicMobile","param":{"searchid":"31365759695277856","remoteplace":"txt.yqq.top","from":"yqqweb"}},"req_2":{"module":"music.paycenterapi.LoginStateVerificationApi","method":"GetChargeAccount","param":{"appid":"mlive"}},"req_3":{"module":"musicToplist.ToplistInfoServer","method":"GetAll","param":{}}} 参数1: 164
 [342] [fog_171] 调用结果: 53
 [343] [fog_172] 方法名: ƒ charCodeAt() { [native code] } 调用对象: {"comm":{"cv":4747474,"ct":24,"format":"json","inCharset":"utf-8","outCharset":"utf-8","notice":0,"platform":"yqq.json","needNewCode":1,"uin":0,"g_tk_new_20200303":5381,"g_tk":5381},"req_1":{"module":"music.musicsearch.HotkeyService","method":"GetHotkeyForQQMusicMobile","param":{"searchid":"31365759695277856","remoteplace":"txt.yqq.top","from":"yqqweb"}},"req_2":{"module":"music.paycenterapi.LoginStateVerificationApi","method":"GetChargeAccount","param":{"appid":"mlive"}},"req_3":{"module":"musicToplist.ToplistInfoServer","method":"GetAll","param":{}}} 参数1: 165
 [344] [fog_172] 调用结果: 51
 [345] [fog_173] 方法名: ƒ charCodeAt() { [native code] } 调用对象: {"comm":{"cv":4747474,"ct":24,"format":"json","inCharset":"utf-8","outCharset":"utf-8","notice":0,"platform":"yqq.json","needNewCode":1,"uin":0,"g_tk_new_20200303":5381,"g_tk":5381},"req_1":{"module":"music.musicsearch.HotkeyService","method":"GetHotkeyForQQMusicMobile","param":{"searchid":"31365759695277856","remoteplace":"txt.yqq.top","from":"yqqweb"}},"req_2":{"module":"music.paycenterapi.LoginStateVerificationApi","method":"GetChargeAccount","param":{"appid":"mlive"}},"req_3":{"module":"musicToplist.ToplistInfoServer","method":"GetAll","param":{}}} 参数1: 166
 [346] [fog_173] 调用结果: 56
 [347] [fog_174] 方法名: ƒ charCodeAt() { [native code] } 调用对象: {"comm":{"cv":4747474,"ct":24,"format":"json","inCharset":"utf-8","outCharset":"utf-8","notice":0,"platform":"yqq.json","needNewCode":1,"uin":0,"g_tk_new_20200303":5381,"g_tk":5381},"req_1":{"module":"music.musicsearch.HotkeyService","method":"GetHotkeyForQQMusicMobile","param":{"searchid":"31365759695277856","remoteplace":"txt.yqq.top","from":"yqqweb"}},"req_2":{"module":"music.paycenterapi.LoginStateVerificationApi","method":"GetChargeAccount","param":{"appid":"mlive"}},"req_3":{"module":"musicToplist.ToplistInfoServer","method":"GetAll","param":{}}} 参数1: 167
 [348] [fog_174] 调用结果: 49
 [349] [fog_175] 方法名: ƒ charCodeAt() { [native code] } 调用对象: {"comm":{"cv":4747474,"ct":24,"format":"json","inCharset":"utf-8","outCharset":"utf-8","notice":0,"platform":"yqq.json","needNewCode":1,"uin":0,"g_tk_new_20200303":5381,"g_tk":5381},"req_1":{"module":"music.musicsearch.HotkeyService","method":"GetHotkeyForQQMusicMobile","param":{"searchid":"31365759695277856","remoteplace":"txt.yqq.top","from":"yqqweb"}},"req_2":{"module":"music.paycenterapi.LoginStateVerificationApi","method":"GetChargeAccount","param":{"appid":"mlive"}},"req_3":{"module":"musicToplist.ToplistInfoServer","method":"GetAll","param":{}}} 参数1: 168
 [350] [fog_175] 调用结果: 44
 [351] [fog_176] 方法名: ƒ charCodeAt() { [native code] } 调用对象: {"comm":{"cv":4747474,"ct":24,"format":"json","inCharset":"utf-8","outCharset":"utf-8","notice":0,"platform":"yqq.json","needNewCode":1,"uin":0,"g_tk_new_20200303":5381,"g_tk":5381},"req_1":{"module":"music.musicsearch.HotkeyService","method":"GetHotkeyForQQMusicMobile","param":{"searchid":"31365759695277856","remoteplace":"txt.yqq.top","from":"yqqweb"}},"req_2":{"module":"music.paycenterapi.LoginStateVerificationApi","method":"GetChargeAccount","param":{"appid":"mlive"}},"req_3":{"module":"musicToplist.ToplistInfoServer","method":"GetAll","param":{}}} 参数1: 169
 [352] [fog_176] 调用结果: 34
 [353] [fog_177] 方法名: ƒ charCodeAt() { [native code] } 调用对象: {"comm":{"cv":4747474,"ct":24,"format":"json","inCharset":"utf-8","outCharset":"utf-8","notice":0,"platform":"yqq.json","needNewCode":1,"uin":0,"g_tk_new_20200303":5381,"g_tk":5381},"req_1":{"module":"music.musicsearch.HotkeyService","method":"GetHotkeyForQQMusicMobile","param":{"searchid":"31365759695277856","remoteplace":"txt.yqq.top","from":"yqqweb"}},"req_2":{"module":"music.paycenterapi.LoginStateVerificationApi","method":"GetChargeAccount","param":{"appid":"mlive"}},"req_3":{"module":"musicToplist.ToplistInfoServer","method":"GetAll","param":{}}} 参数1: 170
 [354] [fog_177] 调用结果: 103
 [355] [fog_178] 方法名: ƒ charCodeAt() { [native code] } 调用对象: {"comm":{"cv":4747474,"ct":24,"format":"json","inCharset":"utf-8","outCharset":"utf-8","notice":0,"platform":"yqq.json","needNewCode":1,"uin":0,"g_tk_new_20200303":5381,"g_tk":5381},"req_1":{"module":"music.musicsearch.HotkeyService","method":"GetHotkeyForQQMusicMobile","param":{"searchid":"31365759695277856","remoteplace":"txt.yqq.top","from":"yqqweb"}},"req_2":{"module":"music.paycenterapi.LoginStateVerificationApi","method":"GetChargeAccount","param":{"appid":"mlive"}},"req_3":{"module":"musicToplist.ToplistInfoServer","method":"GetAll","param":{}}} 参数1: 171
 [356] [fog_178] 调用结果: 95
 [357] [fog_179] 方法名: ƒ charCodeAt() { [native code] } 调用对象: {"comm":{"cv":4747474,"ct":24,"format":"json","inCharset":"utf-8","outCharset":"utf-8","notice":0,"platform":"yqq.json","needNewCode":1,"uin":0,"g_tk_new_20200303":5381,"g_tk":5381},"req_1":{"module":"music.musicsearch.HotkeyService","method":"GetHotkeyForQQMusicMobile","param":{"searchid":"31365759695277856","remoteplace":"txt.yqq.top","from":"yqqweb"}},"req_2":{"module":"music.paycenterapi.LoginStateVerificationApi","method":"GetChargeAccount","param":{"appid":"mlive"}},"req_3":{"module":"musicToplist.ToplistInfoServer","method":"GetAll","param":{}}} 参数1: 172
 [358] [fog_179] 调用结果: 116
 [359] [fog_180] 方法名: ƒ charCodeAt() { [native code] } 调用对象: {"comm":{"cv":4747474,"ct":24,"format":"json","inCharset":"utf-8","outCharset":"utf-8","notice":0,"platform":"yqq.json","needNewCode":1,"uin":0,"g_tk_new_20200303":5381,"g_tk":5381},"req_1":{"module":"music.musicsearch.HotkeyService","method":"GetHotkeyForQQMusicMobile","param":{"searchid":"31365759695277856","remoteplace":"txt.yqq.top","from":"yqqweb"}},"req_2":{"module":"music.paycenterapi.LoginStateVerificationApi","method":"GetChargeAccount","param":{"appid":"mlive"}},"req_3":{"module":"musicToplist.ToplistInfoServer","method":"GetAll","param":{}}} 参数1: 173
 [360] [fog_180] 调用结果: 107
 [361] [fog_181] 方法名: ƒ charCodeAt() { [native code] } 调用对象: {"comm":{"cv":4747474,"ct":24,"format":"json","inCharset":"utf-8","outCharset":"utf-8","notice":0,"platform":"yqq.json","needNewCode":1,"uin":0,"g_tk_new_20200303":5381,"g_tk":5381},"req_1":{"module":"music.musicsearch.HotkeyService","method":"GetHotkeyForQQMusicMobile","param":{"searchid":"31365759695277856","remoteplace":"txt.yqq.top","from":"yqqweb"}},"req_2":{"module":"music.paycenterapi.LoginStateVerificationApi","method":"GetChargeAccount","param":{"appid":"mlive"}},"req_3":{"module":"musicToplist.ToplistInfoServer","method":"GetAll","param":{}}} 参数1: 174
 [362] [fog_181] 调用结果: 34
 [363] [fog_182] 方法名: ƒ charCodeAt() { [native code] } 调用对象: {"comm":{"cv":4747474,"ct":24,"format":"json","inCharset":"utf-8","outCharset":"utf-8","notice":0,"platform":"yqq.json","needNewCode":1,"uin":0,"g_tk_new_20200303":5381,"g_tk":5381},"req_1":{"module":"music.musicsearch.HotkeyService","method":"GetHotkeyForQQMusicMobile","param":{"searchid":"31365759695277856","remoteplace":"txt.yqq.top","from":"yqqweb"}},"req_2":{"module":"music.paycenterapi.LoginStateVerificationApi","method":"GetChargeAccount","param":{"appid":"mlive"}},"req_3":{"module":"musicToplist.ToplistInfoServer","method":"GetAll","param":{}}} 参数1: 175
 [364] [fog_182] 调用结果: 58
 [365] [fog_183] 方法名: ƒ charCodeAt() { [native code] } 调用对象: {"comm":{"cv":4747474,"ct":24,"format":"json","inCharset":"utf-8","outCharset":"utf-8","notice":0,"platform":"yqq.json","needNewCode":1,"uin":0,"g_tk_new_20200303":5381,"g_tk":5381},"req_1":{"module":"music.musicsearch.HotkeyService","method":"GetHotkeyForQQMusicMobile","param":{"searchid":"31365759695277856","remoteplace":"txt.yqq.top","from":"yqqweb"}},"req_2":{"module":"music.paycenterapi.LoginStateVerificationApi","method":"GetChargeAccount","param":{"appid":"mlive"}},"req_3":{"module":"musicToplist.ToplistInfoServer","method":"GetAll","param":{}}} 参数1: 176
 [366] [fog_183] 调用结果: 53
 [367] [fog_184] 方法名: ƒ charCodeAt() { [native code] } 调用对象: {"comm":{"cv":4747474,"ct":24,"format":"json","inCharset":"utf-8","outCharset":"utf-8","notice":0,"platform":"yqq.json","needNewCode":1,"uin":0,"g_tk_new_20200303":5381,"g_tk":5381},"req_1":{"module":"music.musicsearch.HotkeyService","method":"GetHotkeyForQQMusicMobile","param":{"searchid":"31365759695277856","remoteplace":"txt.yqq.top","from":"yqqweb"}},"req_2":{"module":"music.paycenterapi.LoginStateVerificationApi","method":"GetChargeAccount","param":{"appid":"mlive"}},"req_3":{"module":"musicToplist.ToplistInfoServer","method":"GetAll","param":{}}} 参数1: 177
 [368] [fog_184] 调用结果: 51
 [369] [fog_185] 方法名: ƒ charCodeAt() { [native code] } 调用对象: {"comm":{"cv":4747474,"ct":24,"format":"json","inCharset":"utf-8","outCharset":"utf-8","notice":0,"platform":"yqq.json","needNewCode":1,"uin":0,"g_tk_new_20200303":5381,"g_tk":5381},"req_1":{"module":"music.musicsearch.HotkeyService","method":"GetHotkeyForQQMusicMobile","param":{"searchid":"31365759695277856","remoteplace":"txt.yqq.top","from":"yqqweb"}},"req_2":{"module":"music.paycenterapi.LoginStateVerificationApi","method":"GetChargeAccount","param":{"appid":"mlive"}},"req_3":{"module":"musicToplist.ToplistInfoServer","method":"GetAll","param":{}}} 参数1: 178
 [370] [fog_185] 调用结果: 56
 [371] [fog_186] 方法名: ƒ charCodeAt() { [native code] } 调用对象: {"comm":{"cv":4747474,"ct":24,"format":"json","inCharset":"utf-8","outCharset":"utf-8","notice":0,"platform":"yqq.json","needNewCode":1,"uin":0,"g_tk_new_20200303":5381,"g_tk":5381},"req_1":{"module":"music.musicsearch.HotkeyService","method":"GetHotkeyForQQMusicMobile","param":{"searchid":"31365759695277856","remoteplace":"txt.yqq.top","from":"yqqweb"}},"req_2":{"module":"music.paycenterapi.LoginStateVerificationApi","method":"GetChargeAccount","param":{"appid":"mlive"}},"req_3":{"module":"musicToplist.ToplistInfoServer","method":"GetAll","param":{}}} 参数1: 179
 [372] [fog_186] 调用结果: 49
 [373] [fog_187] 方法名: ƒ charCodeAt() { [native code] } 调用对象: {"comm":{"cv":4747474,"ct":24,"format":"json","inCharset":"utf-8","outCharset":"utf-8","notice":0,"platform":"yqq.json","needNewCode":1,"uin":0,"g_tk_new_20200303":5381,"g_tk":5381},"req_1":{"module":"music.musicsearch.HotkeyService","method":"GetHotkeyForQQMusicMobile","param":{"searchid":"31365759695277856","remoteplace":"txt.yqq.top","from":"yqqweb"}},"req_2":{"module":"music.paycenterapi.LoginStateVerificationApi","method":"GetChargeAccount","param":{"appid":"mlive"}},"req_3":{"module":"musicToplist.ToplistInfoServer","method":"GetAll","param":{}}} 参数1: 180
 [374] [fog_187] 调用结果: 125
 [375] [fog_188] 方法名: ƒ charCodeAt() { [native code] } 调用对象: {"comm":{"cv":4747474,"ct":24,"format":"json","inCharset":"utf-8","outCharset":"utf-8","notice":0,"platform":"yqq.json","needNewCode":1,"uin":0,"g_tk_new_20200303":5381,"g_tk":5381},"req_1":{"module":"music.musicsearch.HotkeyService","method":"GetHotkeyForQQMusicMobile","param":{"searchid":"31365759695277856","remoteplace":"txt.yqq.top","from":"yqqweb"}},"req_2":{"module":"music.paycenterapi.LoginStateVerificationApi","method":"GetChargeAccount","param":{"appid":"mlive"}},"req_3":{"module":"musicToplist.ToplistInfoServer","method":"GetAll","param":{}}} 参数1: 181
 [376] [fog_188] 调用结果: 44
 [377] [fog_189] 方法名: ƒ charCodeAt() { [native code] } 调用对象: {"comm":{"cv":4747474,"ct":24,"format":"json","inCharset":"utf-8","outCharset":"utf-8","notice":0,"platform":"yqq.json","needNewCode":1,"uin":0,"g_tk_new_20200303":5381,"g_tk":5381},"req_1":{"module":"music.musicsearch.HotkeyService","method":"GetHotkeyForQQMusicMobile","param":{"searchid":"31365759695277856","remoteplace":"txt.yqq.top","from":"yqqweb"}},"req_2":{"module":"music.paycenterapi.LoginStateVerificationApi","method":"GetChargeAccount","param":{"appid":"mlive"}},"req_3":{"module":"musicToplist.ToplistInfoServer","method":"GetAll","param":{}}} 参数1: 182
 [378] [fog_189] 调用结果: 34
 [379] [fog_190] 方法名: ƒ charCodeAt() { [native code] } 调用对象: {"comm":{"cv":4747474,"ct":24,"format":"json","inCharset":"utf-8","outCharset":"utf-8","notice":0,"platform":"yqq.json","needNewCode":1,"uin":0,"g_tk_new_20200303":5381,"g_tk":5381},"req_1":{"module":"music.musicsearch.HotkeyService","method":"GetHotkeyForQQMusicMobile","param":{"searchid":"31365759695277856","remoteplace":"txt.yqq.top","from":"yqqweb"}},"req_2":{"module":"music.paycenterapi.LoginStateVerificationApi","method":"GetChargeAccount","param":{"appid":"mlive"}},"req_3":{"module":"musicToplist.ToplistInfoServer","method":"GetAll","param":{}}} 参数1: 183
 [380] [fog_190] 调用结果: 114
 [381] [fog_191] 方法名: ƒ charCodeAt() { [native code] } 调用对象: {"comm":{"cv":4747474,"ct":24,"format":"json","inCharset":"utf-8","outCharset":"utf-8","notice":0,"platform":"yqq.json","needNewCode":1,"uin":0,"g_tk_new_20200303":5381,"g_tk":5381},"req_1":{"module":"music.musicsearch.HotkeyService","method":"GetHotkeyForQQMusicMobile","param":{"searchid":"31365759695277856","remoteplace":"txt.yqq.top","from":"yqqweb"}},"req_2":{"module":"music.paycenterapi.LoginStateVerificationApi","method":"GetChargeAccount","param":{"appid":"mlive"}},"req_3":{"module":"musicToplist.ToplistInfoServer","method":"GetAll","param":{}}} 参数1: 184
 [382] [fog_191] 调用结果: 101
 [383] [fog_192] 方法名: ƒ charCodeAt() { [native code] } 调用对象: {"comm":{"cv":4747474,"ct":24,"format":"json","inCharset":"utf-8","outCharset":"utf-8","notice":0,"platform":"yqq.json","needNewCode":1,"uin":0,"g_tk_new_20200303":5381,"g_tk":5381},"req_1":{"module":"music.musicsearch.HotkeyService","method":"GetHotkeyForQQMusicMobile","param":{"searchid":"31365759695277856","remoteplace":"txt.yqq.top","from":"yqqweb"}},"req_2":{"module":"music.paycenterapi.LoginStateVerificationApi","method":"GetChargeAccount","param":{"appid":"mlive"}},"req_3":{"module":"musicToplist.ToplistInfoServer","method":"GetAll","param":{}}} 参数1: 185
 [384] [fog_192] 调用结果: 113
 [385] [fog_193] 方法名: ƒ charCodeAt() { [native code] } 调用对象: {"comm":{"cv":4747474,"ct":24,"format":"json","inCharset":"utf-8","outCharset":"utf-8","notice":0,"platform":"yqq.json","needNewCode":1,"uin":0,"g_tk_new_20200303":5381,"g_tk":5381},"req_1":{"module":"music.musicsearch.HotkeyService","method":"GetHotkeyForQQMusicMobile","param":{"searchid":"31365759695277856","remoteplace":"txt.yqq.top","from":"yqqweb"}},"req_2":{"module":"music.paycenterapi.LoginStateVerificationApi","method":"GetChargeAccount","param":{"appid":"mlive"}},"req_3":{"module":"musicToplist.ToplistInfoServer","method":"GetAll","param":{}}} 参数1: 186
 [386] [fog_193] 调用结果: 95
 [387] [fog_194] 方法名:  调用对象: {"comm":{"cv":4747474,"ct":24,"format":"json","inCharset":"utf-8","outCharset":"utf-8","notice":0,"platform":"yqq.json","needNewCode":1,"uin":0,"g_tk_new_20200303":5381,"g_tk":5381},"req_1":{"module":"music.musicsearch.HotkeyService","method":"GetHotkeyForQQMusicMobile","param":{"searchid":"31365759695277856","remoteplace":"txt.yqq.top","from":"yqqweb"}},"req_2":{"module":"music.paycenterapi.LoginStateVerificationApi","method":"GetChargeAccount","param":{"appid":"mlive"}},"req_3":{"module":"musicToplist.ToplistInfoServer","method":"GetAll","param":{}}} 参数1: 187
 [388] [fog_194] 调用结果: 49
 [389] [fog_195] 方法名:  调用对象: {"comm":{"cv":4747474,"ct":24,"format":"json","inCharset":"utf-8","outCharset":"utf-8","notice":0,"platform":"yqq.json","needNewCode":1,"uin":0,"g_tk_new_20200303":5381,"g_tk":5381},"req_1":{"module":"music.musicsearch.HotkeyService","method":"GetHotkeyForQQMusicMobile","param":{"searchid":"31365759695277856","remoteplace":"txt.yqq.top","from":"yqqweb"}},"req_2":{"module":"music.paycenterapi.LoginStateVerificationApi","method":"GetChargeAccount","param":{"appid":"mlive"}},"req_3":{"module":"musicToplist.ToplistInfoServer","method":"GetAll","param":{}}} 参数1: 188
 [390] [fog_195] 调用结果: 34
 [391] [fog_196] 方法名:  调用对象: {"comm":{"cv":4747474,"ct":24,"format":"json","inCharset":"utf-8","outCharset":"utf-8","notice":0,"platform":"yqq.json","needNewCode":1,"uin":0,"g_tk_new_20200303":5381,"g_tk":5381},"req_1":{"module":"music.musicsearch.HotkeyService","method":"GetHotkeyForQQMusicMobile","param":{"searchid":"31365759695277856","remoteplace":"txt.yqq.top","from":"yqqweb"}},"req_2":{"module":"music.paycenterapi.LoginStateVerificationApi","method":"GetChargeAccount","param":{"appid":"mlive"}},"req_3":{"module":"musicToplist.ToplistInfoServer","method":"GetAll","param":{}}} 参数1: 189
 [392] [fog_196] 调用结果: 58
 [393] [fog_197] 方法名: ƒ charCodeAt() { [native code] } 调用对象: {"comm":{"cv":4747474,"ct":24,"format":"json","inCharset":"utf-8","outCharset":"utf-8","notice":0,"platform":"yqq.json","needNewCode":1,"uin":0,"g_tk_new_20200303":5381,"g_tk":5381},"req_1":{"module":"music.musicsearch.HotkeyService","method":"GetHotkeyForQQMusicMobile","param":{"searchid":"31365759695277856","remoteplace":"txt.yqq.top","from":"yqqweb"}},"req_2":{"module":"music.paycenterapi.LoginStateVerificationApi","method":"GetChargeAccount","param":{"appid":"mlive"}},"req_3":{"module":"musicToplist.ToplistInfoServer","method":"GetAll","param":{}}} 参数1: 190
 [394] [fog_197] 调用结果: 123
 [395] [fog_198] 方法名: ƒ charCodeAt() { [native code] } 调用对象: {"comm":{"cv":4747474,"ct":24,"format":"json","inCharset":"utf-8","outCharset":"utf-8","notice":0,"platform":"yqq.json","needNewCode":1,"uin":0,"g_tk_new_20200303":5381,"g_tk":5381},"req_1":{"module":"music.musicsearch.HotkeyService","method":"GetHotkeyForQQMusicMobile","param":{"searchid":"31365759695277856","remoteplace":"txt.yqq.top","from":"yqqweb"}},"req_2":{"module":"music.paycenterapi.LoginStateVerificationApi","method":"GetChargeAccount","param":{"appid":"mlive"}},"req_3":{"module":"musicToplist.ToplistInfoServer","method":"GetAll","param":{}}} 参数1: 191
 [396] [fog_198] 调用结果: 34
 [397] [fog_199] 方法名: ƒ c() {
                        for (var l, f, h = [o, s, t, this, arguments, c, n, 0], d = void 0, p = e, g = []; ; )
                            try {
                                for (; ; )
     … 调用对象: c {blocks: Array(80), h0: -708991786, h1: -1956415996, h2: -2067410824, h3: 1782292495, …} 参数无
 [398] [fog_199] 调用结果: undefined
 [399] [fog_200] 方法名: ƒ charCodeAt() { [native code] } 调用对象: {"comm":{"cv":4747474,"ct":24,"format":"json","inCharset":"utf-8","outCharset":"utf-8","notice":0,"platform":"yqq.json","needNewCode":1,"uin":0,"g_tk_new_20200303":5381,"g_tk":5381},"req_1":{"module":"music.musicsearch.HotkeyService","method":"GetHotkeyForQQMusicMobile","param":{"searchid":"31365759695277856","remoteplace":"txt.yqq.top","from":"yqqweb"}},"req_2":{"module":"music.paycenterapi.LoginStateVerificationApi","method":"GetChargeAccount","param":{"appid":"mlive"}},"req_3":{"module":"musicToplist.ToplistInfoServer","method":"GetAll","param":{}}} 参数1: 192
 [400] [fog_200] 调用结果: 109
 [401] [fog_201] 方法名: ƒ charCodeAt() { [native code] } 调用对象: {"comm":{"cv":4747474,"ct":24,"format":"json","inCharset":"utf-8","outCharset":"utf-8","notice":0,"platform":"yqq.json","needNewCode":1,"uin":0,"g_tk_new_20200303":5381,"g_tk":5381},"req_1":{"module":"music.musicsearch.HotkeyService","method":"GetHotkeyForQQMusicMobile","param":{"searchid":"31365759695277856","remoteplace":"txt.yqq.top","from":"yqqweb"}},"req_2":{"module":"music.paycenterapi.LoginStateVerificationApi","method":"GetChargeAccount","param":{"appid":"mlive"}},"req_3":{"module":"musicToplist.ToplistInfoServer","method":"GetAll","param":{}}} 参数1: 193
 [402] [fog_201] 调用结果: 111
 [403] [fog_202] 方法名: ƒ charCodeAt() { [native code] } 调用对象: {"comm":{"cv":4747474,"ct":24,"format":"json","inCharset":"utf-8","outCharset":"utf-8","notice":0,"platform":"yqq.json","needNewCode":1,"uin":0,"g_tk_new_20200303":5381,"g_tk":5381},"req_1":{"module":"music.musicsearch.HotkeyService","method":"GetHotkeyForQQMusicMobile","param":{"searchid":"31365759695277856","remoteplace":"txt.yqq.top","from":"yqqweb"}},"req_2":{"module":"music.paycenterapi.LoginStateVerificationApi","method":"GetChargeAccount","param":{"appid":"mlive"}},"req_3":{"module":"musicToplist.ToplistInfoServer","method":"GetAll","param":{}}} 参数1: 194
 [404] [fog_202] 调用结果: 100
 [405] [fog_203] 方法名: ƒ charCodeAt() { [native code] } 调用对象: {"comm":{"cv":4747474,"ct":24,"format":"json","inCharset":"utf-8","outCharset":"utf-8","notice":0,"platform":"yqq.json","needNewCode":1,"uin":0,"g_tk_new_20200303":5381,"g_tk":5381},"req_1":{"module":"music.musicsearch.HotkeyService","method":"GetHotkeyForQQMusicMobile","param":{"searchid":"31365759695277856","remoteplace":"txt.yqq.top","from":"yqqweb"}},"req_2":{"module":"music.paycenterapi.LoginStateVerificationApi","method":"GetChargeAccount","param":{"appid":"mlive"}},"req_3":{"module":"musicToplist.ToplistInfoServer","method":"GetAll","param":{}}} 参数1: 195
 [406] [fog_203] 调用结果: 117
 [407] [fog_204] 方法名: ƒ charCodeAt() { [native code] } 调用对象: {"comm":{"cv":4747474,"ct":24,"format":"json","inCharset":"utf-8","outCharset":"utf-8","notice":0,"platform":"yqq.json","needNewCode":1,"uin":0,"g_tk_new_20200303":5381,"g_tk":5381},"req_1":{"module":"music.musicsearch.HotkeyService","method":"GetHotkeyForQQMusicMobile","param":{"searchid":"31365759695277856","remoteplace":"txt.yqq.top","from":"yqqweb"}},"req_2":{"module":"music.paycenterapi.LoginStateVerificationApi","method":"GetChargeAccount","param":{"appid":"mlive"}},"req_3":{"module":"musicToplist.ToplistInfoServer","method":"GetAll","param":{}}} 参数1: 196
 [408] [fog_204] 调用结果: 108
 [409] [fog_205] 方法名: ƒ charCodeAt() { [native code] } 调用对象: {"comm":{"cv":4747474,"ct":24,"format":"json","inCharset":"utf-8","outCharset":"utf-8","notice":0,"platform":"yqq.json","needNewCode":1,"uin":0,"g_tk_new_20200303":5381,"g_tk":5381},"req_1":{"module":"music.musicsearch.HotkeyService","method":"GetHotkeyForQQMusicMobile","param":{"searchid":"31365759695277856","remoteplace":"txt.yqq.top","from":"yqqweb"}},"req_2":{"module":"music.paycenterapi.LoginStateVerificationApi","method":"GetChargeAccount","param":{"appid":"mlive"}},"req_3":{"module":"musicToplist.ToplistInfoServer","method":"GetAll","param":{}}} 参数1: 197
 [410] [fog_205] 调用结果: 101
 [411] [fog_206] 方法名: ƒ charCodeAt() { [native code] } 调用对象: {"comm":{"cv":4747474,"ct":24,"format":"json","inCharset":"utf-8","outCharset":"utf-8","notice":0,"platform":"yqq.json","needNewCode":1,"uin":0,"g_tk_new_20200303":5381,"g_tk":5381},"req_1":{"module":"music.musicsearch.HotkeyService","method":"GetHotkeyForQQMusicMobile","param":{"searchid":"31365759695277856","remoteplace":"txt.yqq.top","from":"yqqweb"}},"req_2":{"module":"music.paycenterapi.LoginStateVerificationApi","method":"GetChargeAccount","param":{"appid":"mlive"}},"req_3":{"module":"musicToplist.ToplistInfoServer","method":"GetAll","param":{}}} 参数1: 198
 [412] [fog_206] 调用结果: 34
 [413] [fog_207] 方法名: ƒ charCodeAt() { [native code] } 调用对象: {"comm":{"cv":4747474,"ct":24,"format":"json","inCharset":"utf-8","outCharset":"utf-8","notice":0,"platform":"yqq.json","needNewCode":1,"uin":0,"g_tk_new_20200303":5381,"g_tk":5381},"req_1":{"module":"music.musicsearch.HotkeyService","method":"GetHotkeyForQQMusicMobile","param":{"searchid":"31365759695277856","remoteplace":"txt.yqq.top","from":"yqqweb"}},"req_2":{"module":"music.paycenterapi.LoginStateVerificationApi","method":"GetChargeAccount","param":{"appid":"mlive"}},"req_3":{"module":"musicToplist.ToplistInfoServer","method":"GetAll","param":{}}} 参数1: 199
 [414] [fog_207] 调用结果: 58
 [415] [fog_208] 方法名: ƒ charCodeAt() { [native code] } 调用对象: {"comm":{"cv":4747474,"ct":24,"format":"json","inCharset":"utf-8","outCharset":"utf-8","notice":0,"platform":"yqq.json","needNewCode":1,"uin":0,"g_tk_new_20200303":5381,"g_tk":5381},"req_1":{"module":"music.musicsearch.HotkeyService","method":"GetHotkeyForQQMusicMobile","param":{"searchid":"31365759695277856","remoteplace":"txt.yqq.top","from":"yqqweb"}},"req_2":{"module":"music.paycenterapi.LoginStateVerificationApi","method":"GetChargeAccount","param":{"appid":"mlive"}},"req_3":{"module":"musicToplist.ToplistInfoServer","method":"GetAll","param":{}}} 参数1: 200
 [416] [fog_208] 调用结果: 34
 [417] [fog_209] 方法名: ƒ charCodeAt() { [native code] } 调用对象: {"comm":{"cv":4747474,"ct":24,"format":"json","inCharset":"utf-8","outCharset":"utf-8","notice":0,"platform":"yqq.json","needNewCode":1,"uin":0,"g_tk_new_20200303":5381,"g_tk":5381},"req_1":{"module":"music.musicsearch.HotkeyService","method":"GetHotkeyForQQMusicMobile","param":{"searchid":"31365759695277856","remoteplace":"txt.yqq.top","from":"yqqweb"}},"req_2":{"module":"music.paycenterapi.LoginStateVerificationApi","method":"GetChargeAccount","param":{"appid":"mlive"}},"req_3":{"module":"musicToplist.ToplistInfoServer","method":"GetAll","param":{}}} 参数1: 201
 [418] [fog_209] 调用结果: 109
 [419] [fog_210] 方法名: ƒ charCodeAt() { [native code] } 调用对象: {"comm":{"cv":4747474,"ct":24,"format":"json","inCharset":"utf-8","outCharset":"utf-8","notice":0,"platform":"yqq.json","needNewCode":1,"uin":0,"g_tk_new_20200303":5381,"g_tk":5381},"req_1":{"module":"music.musicsearch.HotkeyService","method":"GetHotkeyForQQMusicMobile","param":{"searchid":"31365759695277856","remoteplace":"txt.yqq.top","from":"yqqweb"}},"req_2":{"module":"music.paycenterapi.LoginStateVerificationApi","method":"GetChargeAccount","param":{"appid":"mlive"}},"req_3":{"module":"musicToplist.ToplistInfoServer","method":"GetAll","param":{}}} 参数1: 202
 [420] [fog_210] 调用结果: 117
 [421] [fog_211] 方法名: ƒ charCodeAt() { [native code] } 调用对象: {"comm":{"cv":4747474,"ct":24,"format":"json","inCharset":"utf-8","outCharset":"utf-8","notice":0,"platform":"yqq.json","needNewCode":1,"uin":0,"g_tk_new_20200303":5381,"g_tk":5381},"req_1":{"module":"music.musicsearch.HotkeyService","method":"GetHotkeyForQQMusicMobile","param":{"searchid":"31365759695277856","remoteplace":"txt.yqq.top","from":"yqqweb"}},"req_2":{"module":"music.paycenterapi.LoginStateVerificationApi","method":"GetChargeAccount","param":{"appid":"mlive"}},"req_3":{"module":"musicToplist.ToplistInfoServer","method":"GetAll","param":{}}} 参数1: 203
 [422] [fog_211] 调用结果: 115
 [423] [fog_212] 方法名: ƒ charCodeAt() { [native code] } 调用对象: {"comm":{"cv":4747474,"ct":24,"format":"json","inCharset":"utf-8","outCharset":"utf-8","notice":0,"platform":"yqq.json","needNewCode":1,"uin":0,"g_tk_new_20200303":5381,"g_tk":5381},"req_1":{"module":"music.musicsearch.HotkeyService","method":"GetHotkeyForQQMusicMobile","param":{"searchid":"31365759695277856","remoteplace":"txt.yqq.top","from":"yqqweb"}},"req_2":{"module":"music.paycenterapi.LoginStateVerificationApi","method":"GetChargeAccount","param":{"appid":"mlive"}},"req_3":{"module":"musicToplist.ToplistInfoServer","method":"GetAll","param":{}}} 参数1: 204
 [424] [fog_212] 调用结果: 105
 [425] [fog_213] 方法名: ƒ charCodeAt() { [native code] } 调用对象: {"comm":{"cv":4747474,"ct":24,"format":"json","inCharset":"utf-8","outCharset":"utf-8","notice":0,"platform":"yqq.json","needNewCode":1,"uin":0,"g_tk_new_20200303":5381,"g_tk":5381},"req_1":{"module":"music.musicsearch.HotkeyService","method":"GetHotkeyForQQMusicMobile","param":{"searchid":"31365759695277856","remoteplace":"txt.yqq.top","from":"yqqweb"}},"req_2":{"module":"music.paycenterapi.LoginStateVerificationApi","method":"GetChargeAccount","param":{"appid":"mlive"}},"req_3":{"module":"musicToplist.ToplistInfoServer","method":"GetAll","param":{}}} 参数1: 205
 [426] [fog_213] 调用结果: 99
 [427] [fog_214] 方法名: ƒ charCodeAt() { [native code] } 调用对象: {"comm":{"cv":4747474,"ct":24,"format":"json","inCharset":"utf-8","outCharset":"utf-8","notice":0,"platform":"yqq.json","needNewCode":1,"uin":0,"g_tk_new_20200303":5381,"g_tk":5381},"req_1":{"module":"music.musicsearch.HotkeyService","method":"GetHotkeyForQQMusicMobile","param":{"searchid":"31365759695277856","remoteplace":"txt.yqq.top","from":"yqqweb"}},"req_2":{"module":"music.paycenterapi.LoginStateVerificationApi","method":"GetChargeAccount","param":{"appid":"mlive"}},"req_3":{"module":"musicToplist.ToplistInfoServer","method":"GetAll","param":{}}} 参数1: 206
 [428] [fog_214] 调用结果: 46
 [429] [fog_215] 方法名: ƒ charCodeAt() { [native code] } 调用对象: {"comm":{"cv":4747474,"ct":24,"format":"json","inCharset":"utf-8","outCharset":"utf-8","notice":0,"platform":"yqq.json","needNewCode":1,"uin":0,"g_tk_new_20200303":5381,"g_tk":5381},"req_1":{"module":"music.musicsearch.HotkeyService","method":"GetHotkeyForQQMusicMobile","param":{"searchid":"31365759695277856","remoteplace":"txt.yqq.top","from":"yqqweb"}},"req_2":{"module":"music.paycenterapi.LoginStateVerificationApi","method":"GetChargeAccount","param":{"appid":"mlive"}},"req_3":{"module":"musicToplist.ToplistInfoServer","method":"GetAll","param":{}}} 参数1: 207
 [430] [fog_215] 调用结果: 109
 [431] [fog_216] 方法名: ƒ charCodeAt() { [native code] } 调用对象: {"comm":{"cv":4747474,"ct":24,"format":"json","inCharset":"utf-8","outCharset":"utf-8","notice":0,"platform":"yqq.json","needNewCode":1,"uin":0,"g_tk_new_20200303":5381,"g_tk":5381},"req_1":{"module":"music.musicsearch.HotkeyService","method":"GetHotkeyForQQMusicMobile","param":{"searchid":"31365759695277856","remoteplace":"txt.yqq.top","from":"yqqweb"}},"req_2":{"module":"music.paycenterapi.LoginStateVerificationApi","method":"GetChargeAccount","param":{"appid":"mlive"}},"req_3":{"module":"musicToplist.ToplistInfoServer","method":"GetAll","param":{}}} 参数1: 208
 [432] [fog_216] 调用结果: 117
 [433] [fog_217] 方法名: ƒ charCodeAt() { [native code] } 调用对象: {"comm":{"cv":4747474,"ct":24,"format":"json","inCharset":"utf-8","outCharset":"utf-8","notice":0,"platform":"yqq.json","needNewCode":1,"uin":0,"g_tk_new_20200303":5381,"g_tk":5381},"req_1":{"module":"music.musicsearch.HotkeyService","method":"GetHotkeyForQQMusicMobile","param":{"searchid":"31365759695277856","remoteplace":"txt.yqq.top","from":"yqqweb"}},"req_2":{"module":"music.paycenterapi.LoginStateVerificationApi","method":"GetChargeAccount","param":{"appid":"mlive"}},"req_3":{"module":"musicToplist.ToplistInfoServer","method":"GetAll","param":{}}} 参数1: 209
 [434] [fog_217] 调用结果: 115
 [435] [fog_218] 方法名: ƒ charCodeAt() { [native code] } 调用对象: {"comm":{"cv":4747474,"ct":24,"format":"json","inCharset":"utf-8","outCharset":"utf-8","notice":0,"platform":"yqq.json","needNewCode":1,"uin":0,"g_tk_new_20200303":5381,"g_tk":5381},"req_1":{"module":"music.musicsearch.HotkeyService","method":"GetHotkeyForQQMusicMobile","param":{"searchid":"31365759695277856","remoteplace":"txt.yqq.top","from":"yqqweb"}},"req_2":{"module":"music.paycenterapi.LoginStateVerificationApi","method":"GetChargeAccount","param":{"appid":"mlive"}},"req_3":{"module":"musicToplist.ToplistInfoServer","method":"GetAll","param":{}}} 参数1: 210
 [436] [fog_218] 调用结果: 105
 [437] [fog_219] 方法名: ƒ charCodeAt() { [native code] } 调用对象: {"comm":{"cv":4747474,"ct":24,"format":"json","inCharset":"utf-8","outCharset":"utf-8","notice":0,"platform":"yqq.json","needNewCode":1,"uin":0,"g_tk_new_20200303":5381,"g_tk":5381},"req_1":{"module":"music.musicsearch.HotkeyService","method":"GetHotkeyForQQMusicMobile","param":{"searchid":"31365759695277856","remoteplace":"txt.yqq.top","from":"yqqweb"}},"req_2":{"module":"music.paycenterapi.LoginStateVerificationApi","method":"GetChargeAccount","param":{"appid":"mlive"}},"req_3":{"module":"musicToplist.ToplistInfoServer","method":"GetAll","param":{}}} 参数1: 211
 [438] [fog_219] 调用结果: 99
 [439] [fog_220] 方法名: ƒ charCodeAt() { [native code] } 调用对象: {"comm":{"cv":4747474,"ct":24,"format":"json","inCharset":"utf-8","outCharset":"utf-8","notice":0,"platform":"yqq.json","needNewCode":1,"uin":0,"g_tk_new_20200303":5381,"g_tk":5381},"req_1":{"module":"music.musicsearch.HotkeyService","method":"GetHotkeyForQQMusicMobile","param":{"searchid":"31365759695277856","remoteplace":"txt.yqq.top","from":"yqqweb"}},"req_2":{"module":"music.paycenterapi.LoginStateVerificationApi","method":"GetChargeAccount","param":{"appid":"mlive"}},"req_3":{"module":"musicToplist.ToplistInfoServer","method":"GetAll","param":{}}} 参数1: 212
 [440] [fog_220] 调用结果: 115
 [441] [fog_221] 方法名: ƒ charCodeAt() { [native code] } 调用对象: {"comm":{"cv":4747474,"ct":24,"format":"json","inCharset":"utf-8","outCharset":"utf-8","notice":0,"platform":"yqq.json","needNewCode":1,"uin":0,"g_tk_new_20200303":5381,"g_tk":5381},"req_1":{"module":"music.musicsearch.HotkeyService","method":"GetHotkeyForQQMusicMobile","param":{"searchid":"31365759695277856","remoteplace":"txt.yqq.top","from":"yqqweb"}},"req_2":{"module":"music.paycenterapi.LoginStateVerificationApi","method":"GetChargeAccount","param":{"appid":"mlive"}},"req_3":{"module":"musicToplist.ToplistInfoServer","method":"GetAll","param":{}}} 参数1: 213
 [442] [fog_221] 调用结果: 101
 [443] [fog_222] 方法名: ƒ charCodeAt() { [native code] } 调用对象: {"comm":{"cv":4747474,"ct":24,"format":"json","inCharset":"utf-8","outCharset":"utf-8","notice":0,"platform":"yqq.json","needNewCode":1,"uin":0,"g_tk_new_20200303":5381,"g_tk":5381},"req_1":{"module":"music.musicsearch.HotkeyService","method":"GetHotkeyForQQMusicMobile","param":{"searchid":"31365759695277856","remoteplace":"txt.yqq.top","from":"yqqweb"}},"req_2":{"module":"music.paycenterapi.LoginStateVerificationApi","method":"GetChargeAccount","param":{"appid":"mlive"}},"req_3":{"module":"musicToplist.ToplistInfoServer","method":"GetAll","param":{}}} 参数1: 214
 [444] [fog_222] 调用结果: 97
 [445] [fog_223] 方法名: ƒ charCodeAt() { [native code] } 调用对象: {"comm":{"cv":4747474,"ct":24,"format":"json","inCharset":"utf-8","outCharset":"utf-8","notice":0,"platform":"yqq.json","needNewCode":1,"uin":0,"g_tk_new_20200303":5381,"g_tk":5381},"req_1":{"module":"music.musicsearch.HotkeyService","method":"GetHotkeyForQQMusicMobile","param":{"searchid":"31365759695277856","remoteplace":"txt.yqq.top","from":"yqqweb"}},"req_2":{"module":"music.paycenterapi.LoginStateVerificationApi","method":"GetChargeAccount","param":{"appid":"mlive"}},"req_3":{"module":"musicToplist.ToplistInfoServer","method":"GetAll","param":{}}} 参数1: 215
 [446] [fog_223] 调用结果: 114
 [447] [fog_224] 方法名: ƒ charCodeAt() { [native code] } 调用对象: {"comm":{"cv":4747474,"ct":24,"format":"json","inCharset":"utf-8","outCharset":"utf-8","notice":0,"platform":"yqq.json","needNewCode":1,"uin":0,"g_tk_new_20200303":5381,"g_tk":5381},"req_1":{"module":"music.musicsearch.HotkeyService","method":"GetHotkeyForQQMusicMobile","param":{"searchid":"31365759695277856","remoteplace":"txt.yqq.top","from":"yqqweb"}},"req_2":{"module":"music.paycenterapi.LoginStateVerificationApi","method":"GetChargeAccount","param":{"appid":"mlive"}},"req_3":{"module":"musicToplist.ToplistInfoServer","method":"GetAll","param":{}}} 参数1: 216
 [448] [fog_224] 调用结果: 99
 [449] [fog_225] 方法名: ƒ charCodeAt() { [native code] } 调用对象: {"comm":{"cv":4747474,"ct":24,"format":"json","inCharset":"utf-8","outCharset":"utf-8","notice":0,"platform":"yqq.json","needNewCode":1,"uin":0,"g_tk_new_20200303":5381,"g_tk":5381},"req_1":{"module":"music.musicsearch.HotkeyService","method":"GetHotkeyForQQMusicMobile","param":{"searchid":"31365759695277856","remoteplace":"txt.yqq.top","from":"yqqweb"}},"req_2":{"module":"music.paycenterapi.LoginStateVerificationApi","method":"GetChargeAccount","param":{"appid":"mlive"}},"req_3":{"module":"musicToplist.ToplistInfoServer","method":"GetAll","param":{}}} 参数1: 217
 [450] [fog_225] 调用结果: 104
 [451] [fog_226] 方法名: ƒ charCodeAt() { [native code] } 调用对象: {"comm":{"cv":4747474,"ct":24,"format":"json","inCharset":"utf-8","outCharset":"utf-8","notice":0,"platform":"yqq.json","needNewCode":1,"uin":0,"g_tk_new_20200303":5381,"g_tk":5381},"req_1":{"module":"music.musicsearch.HotkeyService","method":"GetHotkeyForQQMusicMobile","param":{"searchid":"31365759695277856","remoteplace":"txt.yqq.top","from":"yqqweb"}},"req_2":{"module":"music.paycenterapi.LoginStateVerificationApi","method":"GetChargeAccount","param":{"appid":"mlive"}},"req_3":{"module":"musicToplist.ToplistInfoServer","method":"GetAll","param":{}}} 参数1: 218
 [452] [fog_226] 调用结果: 46
 [453] [fog_227] 方法名: ƒ charCodeAt() { [native code] } 调用对象: {"comm":{"cv":4747474,"ct":24,"format":"json","inCharset":"utf-8","outCharset":"utf-8","notice":0,"platform":"yqq.json","needNewCode":1,"uin":0,"g_tk_new_20200303":5381,"g_tk":5381},"req_1":{"module":"music.musicsearch.HotkeyService","method":"GetHotkeyForQQMusicMobile","param":{"searchid":"31365759695277856","remoteplace":"txt.yqq.top","from":"yqqweb"}},"req_2":{"module":"music.paycenterapi.LoginStateVerificationApi","method":"GetChargeAccount","param":{"appid":"mlive"}},"req_3":{"module":"musicToplist.ToplistInfoServer","method":"GetAll","param":{}}} 参数1: 219
 [454] [fog_227] 调用结果: 72
 [455] [fog_228] 方法名: ƒ charCodeAt() { [native code] } 调用对象: {"comm":{"cv":4747474,"ct":24,"format":"json","inCharset":"utf-8","outCharset":"utf-8","notice":0,"platform":"yqq.json","needNewCode":1,"uin":0,"g_tk_new_20200303":5381,"g_tk":5381},"req_1":{"module":"music.musicsearch.HotkeyService","method":"GetHotkeyForQQMusicMobile","param":{"searchid":"31365759695277856","remoteplace":"txt.yqq.top","from":"yqqweb"}},"req_2":{"module":"music.paycenterapi.LoginStateVerificationApi","method":"GetChargeAccount","param":{"appid":"mlive"}},"req_3":{"module":"musicToplist.ToplistInfoServer","method":"GetAll","param":{}}} 参数1: 220
 [456] [fog_228] 调用结果: 111
 [457] [fog_229] 方法名: ƒ charCodeAt() { [native code] } 调用对象: {"comm":{"cv":4747474,"ct":24,"format":"json","inCharset":"utf-8","outCharset":"utf-8","notice":0,"platform":"yqq.json","needNewCode":1,"uin":0,"g_tk_new_20200303":5381,"g_tk":5381},"req_1":{"module":"music.musicsearch.HotkeyService","method":"GetHotkeyForQQMusicMobile","param":{"searchid":"31365759695277856","remoteplace":"txt.yqq.top","from":"yqqweb"}},"req_2":{"module":"music.paycenterapi.LoginStateVerificationApi","method":"GetChargeAccount","param":{"appid":"mlive"}},"req_3":{"module":"musicToplist.ToplistInfoServer","method":"GetAll","param":{}}} 参数1: 221
 [458] [fog_229] 调用结果: 116
 [459] [fog_230] 方法名: ƒ charCodeAt() { [native code] } 调用对象: {"comm":{"cv":4747474,"ct":24,"format":"json","inCharset":"utf-8","outCharset":"utf-8","notice":0,"platform":"yqq.json","needNewCode":1,"uin":0,"g_tk_new_20200303":5381,"g_tk":5381},"req_1":{"module":"music.musicsearch.HotkeyService","method":"GetHotkeyForQQMusicMobile","param":{"searchid":"31365759695277856","remoteplace":"txt.yqq.top","from":"yqqweb"}},"req_2":{"module":"music.paycenterapi.LoginStateVerificationApi","method":"GetChargeAccount","param":{"appid":"mlive"}},"req_3":{"module":"musicToplist.ToplistInfoServer","method":"GetAll","param":{}}} 参数1: 222
 [460] [fog_230] 调用结果: 107
 [461] [fog_231] 方法名: ƒ charCodeAt() { [native code] } 调用对象: {"comm":{"cv":4747474,"ct":24,"format":"json","inCharset":"utf-8","outCharset":"utf-8","notice":0,"platform":"yqq.json","needNewCode":1,"uin":0,"g_tk_new_20200303":5381,"g_tk":5381},"req_1":{"module":"music.musicsearch.HotkeyService","method":"GetHotkeyForQQMusicMobile","param":{"searchid":"31365759695277856","remoteplace":"txt.yqq.top","from":"yqqweb"}},"req_2":{"module":"music.paycenterapi.LoginStateVerificationApi","method":"GetChargeAccount","param":{"appid":"mlive"}},"req_3":{"module":"musicToplist.ToplistInfoServer","method":"GetAll","param":{}}} 参数1: 223
 [462] [fog_231] 调用结果: 101
 [463] [fog_232] 方法名: ƒ charCodeAt() { [native code] } 调用对象: {"comm":{"cv":4747474,"ct":24,"format":"json","inCharset":"utf-8","outCharset":"utf-8","notice":0,"platform":"yqq.json","needNewCode":1,"uin":0,"g_tk_new_20200303":5381,"g_tk":5381},"req_1":{"module":"music.musicsearch.HotkeyService","method":"GetHotkeyForQQMusicMobile","param":{"searchid":"31365759695277856","remoteplace":"txt.yqq.top","from":"yqqweb"}},"req_2":{"module":"music.paycenterapi.LoginStateVerificationApi","method":"GetChargeAccount","param":{"appid":"mlive"}},"req_3":{"module":"musicToplist.ToplistInfoServer","method":"GetAll","param":{}}} 参数1: 224
 [464] [fog_232] 调用结果: 121
 [465] [fog_233] 方法名: ƒ charCodeAt() { [native code] } 调用对象: {"comm":{"cv":4747474,"ct":24,"format":"json","inCharset":"utf-8","outCharset":"utf-8","notice":0,"platform":"yqq.json","needNewCode":1,"uin":0,"g_tk_new_20200303":5381,"g_tk":5381},"req_1":{"module":"music.musicsearch.HotkeyService","method":"GetHotkeyForQQMusicMobile","param":{"searchid":"31365759695277856","remoteplace":"txt.yqq.top","from":"yqqweb"}},"req_2":{"module":"music.paycenterapi.LoginStateVerificationApi","method":"GetChargeAccount","param":{"appid":"mlive"}},"req_3":{"module":"musicToplist.ToplistInfoServer","method":"GetAll","param":{}}} 参数1: 225
 [466] [fog_233] 调用结果: 83
 [467] [fog_234] 方法名: ƒ charCodeAt() { [native code] } 调用对象: {"comm":{"cv":4747474,"ct":24,"format":"json","inCharset":"utf-8","outCharset":"utf-8","notice":0,"platform":"yqq.json","needNewCode":1,"uin":0,"g_tk_new_20200303":5381,"g_tk":5381},"req_1":{"module":"music.musicsearch.HotkeyService","method":"GetHotkeyForQQMusicMobile","param":{"searchid":"31365759695277856","remoteplace":"txt.yqq.top","from":"yqqweb"}},"req_2":{"module":"music.paycenterapi.LoginStateVerificationApi","method":"GetChargeAccount","param":{"appid":"mlive"}},"req_3":{"module":"musicToplist.ToplistInfoServer","method":"GetAll","param":{}}} 参数1: 226
 [468] [fog_234] 调用结果: 101
 [469] [fog_235] 方法名: ƒ charCodeAt() { [native code] } 调用对象: {"comm":{"cv":4747474,"ct":24,"format":"json","inCharset":"utf-8","outCharset":"utf-8","notice":0,"platform":"yqq.json","needNewCode":1,"uin":0,"g_tk_new_20200303":5381,"g_tk":5381},"req_1":{"module":"music.musicsearch.HotkeyService","method":"GetHotkeyForQQMusicMobile","param":{"searchid":"31365759695277856","remoteplace":"txt.yqq.top","from":"yqqweb"}},"req_2":{"module":"music.paycenterapi.LoginStateVerificationApi","method":"GetChargeAccount","param":{"appid":"mlive"}},"req_3":{"module":"musicToplist.ToplistInfoServer","method":"GetAll","param":{}}} 参数1: 227
 [470] [fog_235] 调用结果: 114
 [471] [fog_236] 方法名: ƒ charCodeAt() { [native code] } 调用对象: {"comm":{"cv":4747474,"ct":24,"format":"json","inCharset":"utf-8","outCharset":"utf-8","notice":0,"platform":"yqq.json","needNewCode":1,"uin":0,"g_tk_new_20200303":5381,"g_tk":5381},"req_1":{"module":"music.musicsearch.HotkeyService","method":"GetHotkeyForQQMusicMobile","param":{"searchid":"31365759695277856","remoteplace":"txt.yqq.top","from":"yqqweb"}},"req_2":{"module":"music.paycenterapi.LoginStateVerificationApi","method":"GetChargeAccount","param":{"appid":"mlive"}},"req_3":{"module":"musicToplist.ToplistInfoServer","method":"GetAll","param":{}}} 参数1: 228
 [472] [fog_236] 调用结果: 118
 [473] [fog_237] 方法名: ƒ charCodeAt() { [native code] } 调用对象: {"comm":{"cv":4747474,"ct":24,"format":"json","inCharset":"utf-8","outCharset":"utf-8","notice":0,"platform":"yqq.json","needNewCode":1,"uin":0,"g_tk_new_20200303":5381,"g_tk":5381},"req_1":{"module":"music.musicsearch.HotkeyService","method":"GetHotkeyForQQMusicMobile","param":{"searchid":"31365759695277856","remoteplace":"txt.yqq.top","from":"yqqweb"}},"req_2":{"module":"music.paycenterapi.LoginStateVerificationApi","method":"GetChargeAccount","param":{"appid":"mlive"}},"req_3":{"module":"musicToplist.ToplistInfoServer","method":"GetAll","param":{}}} 参数1: 229
 [474] [fog_237] 调用结果: 105
 [475] [fog_238] 方法名: ƒ charCodeAt() { [native code] } 调用对象: {"comm":{"cv":4747474,"ct":24,"format":"json","inCharset":"utf-8","outCharset":"utf-8","notice":0,"platform":"yqq.json","needNewCode":1,"uin":0,"g_tk_new_20200303":5381,"g_tk":5381},"req_1":{"module":"music.musicsearch.HotkeyService","method":"GetHotkeyForQQMusicMobile","param":{"searchid":"31365759695277856","remoteplace":"txt.yqq.top","from":"yqqweb"}},"req_2":{"module":"music.paycenterapi.LoginStateVerificationApi","method":"GetChargeAccount","param":{"appid":"mlive"}},"req_3":{"module":"musicToplist.ToplistInfoServer","method":"GetAll","param":{}}} 参数1: 230
 [476] [fog_238] 调用结果: 99
 [477] [fog_239] 方法名: ƒ charCodeAt() { [native code] } 调用对象: {"comm":{"cv":4747474,"ct":24,"format":"json","inCharset":"utf-8","outCharset":"utf-8","notice":0,"platform":"yqq.json","needNewCode":1,"uin":0,"g_tk_new_20200303":5381,"g_tk":5381},"req_1":{"module":"music.musicsearch.HotkeyService","method":"GetHotkeyForQQMusicMobile","param":{"searchid":"31365759695277856","remoteplace":"txt.yqq.top","from":"yqqweb"}},"req_2":{"module":"music.paycenterapi.LoginStateVerificationApi","method":"GetChargeAccount","param":{"appid":"mlive"}},"req_3":{"module":"musicToplist.ToplistInfoServer","method":"GetAll","param":{}}} 参数1: 231
 [478] [fog_239] 调用结果: 101
 [479] [fog_240] 方法名: ƒ charCodeAt() { [native code] } 调用对象: {"comm":{"cv":4747474,"ct":24,"format":"json","inCharset":"utf-8","outCharset":"utf-8","notice":0,"platform":"yqq.json","needNewCode":1,"uin":0,"g_tk_new_20200303":5381,"g_tk":5381},"req_1":{"module":"music.musicsearch.HotkeyService","method":"GetHotkeyForQQMusicMobile","param":{"searchid":"31365759695277856","remoteplace":"txt.yqq.top","from":"yqqweb"}},"req_2":{"module":"music.paycenterapi.LoginStateVerificationApi","method":"GetChargeAccount","param":{"appid":"mlive"}},"req_3":{"module":"musicToplist.ToplistInfoServer","method":"GetAll","param":{}}} 参数1: 232
 [480] [fog_240] 调用结果: 34
 [481] [fog_241] 方法名: ƒ charCodeAt() { [native code] } 调用对象: {"comm":{"cv":4747474,"ct":24,"format":"json","inCharset":"utf-8","outCharset":"utf-8","notice":0,"platform":"yqq.json","needNewCode":1,"uin":0,"g_tk_new_20200303":5381,"g_tk":5381},"req_1":{"module":"music.musicsearch.HotkeyService","method":"GetHotkeyForQQMusicMobile","param":{"searchid":"31365759695277856","remoteplace":"txt.yqq.top","from":"yqqweb"}},"req_2":{"module":"music.paycenterapi.LoginStateVerificationApi","method":"GetChargeAccount","param":{"appid":"mlive"}},"req_3":{"module":"musicToplist.ToplistInfoServer","method":"GetAll","param":{}}} 参数1: 233
 [482] [fog_241] 调用结果: 44
 [483] [fog_242] 方法名: ƒ charCodeAt() { [native code] } 调用对象: {"comm":{"cv":4747474,"ct":24,"format":"json","inCharset":"utf-8","outCharset":"utf-8","notice":0,"platform":"yqq.json","needNewCode":1,"uin":0,"g_tk_new_20200303":5381,"g_tk":5381},"req_1":{"module":"music.musicsearch.HotkeyService","method":"GetHotkeyForQQMusicMobile","param":{"searchid":"31365759695277856","remoteplace":"txt.yqq.top","from":"yqqweb"}},"req_2":{"module":"music.paycenterapi.LoginStateVerificationApi","method":"GetChargeAccount","param":{"appid":"mlive"}},"req_3":{"module":"musicToplist.ToplistInfoServer","method":"GetAll","param":{}}} 参数1: 234
 [484] [fog_242] 调用结果: 34
 [485] [fog_243] 方法名:  调用对象: {"comm":{"cv":4747474,"ct":24,"format":"json","inCharset":"utf-8","outCharset":"utf-8","notice":0,"platform":"yqq.json","needNewCode":1,"uin":0,"g_tk_new_20200303":5381,"g_tk":5381},"req_1":{"module":"music.musicsearch.HotkeyService","method":"GetHotkeyForQQMusicMobile","param":{"searchid":"31365759695277856","remoteplace":"txt.yqq.top","from":"yqqweb"}},"req_2":{"module":"music.paycenterapi.LoginStateVerificationApi","method":"GetChargeAccount","param":{"appid":"mlive"}},"req_3":{"module":"musicToplist.ToplistInfoServer","method":"GetAll","param":{}}} 参数1: 235
 [486] [fog_243] 调用结果: 109
 [487] [fog_244] 方法名:  调用对象: {"comm":{"cv":4747474,"ct":24,"format":"json","inCharset":"utf-8","outCharset":"utf-8","notice":0,"platform":"yqq.json","needNewCode":1,"uin":0,"g_tk_new_20200303":5381,"g_tk":5381},"req_1":{"module":"music.musicsearch.HotkeyService","method":"GetHotkeyForQQMusicMobile","param":{"searchid":"31365759695277856","remoteplace":"txt.yqq.top","from":"yqqweb"}},"req_2":{"module":"music.paycenterapi.LoginStateVerificationApi","method":"GetChargeAccount","param":{"appid":"mlive"}},"req_3":{"module":"musicToplist.ToplistInfoServer","method":"GetAll","param":{}}} 参数1: 236
 [488] [fog_244] 调用结果: 101
 [489] [fog_245] 方法名:  调用对象: {"comm":{"cv":4747474,"ct":24,"format":"json","inCharset":"utf-8","outCharset":"utf-8","notice":0,"platform":"yqq.json","needNewCode":1,"uin":0,"g_tk_new_20200303":5381,"g_tk":5381},"req_1":{"module":"music.musicsearch.HotkeyService","method":"GetHotkeyForQQMusicMobile","param":{"searchid":"31365759695277856","remoteplace":"txt.yqq.top","from":"yqqweb"}},"req_2":{"module":"music.paycenterapi.LoginStateVerificationApi","method":"GetChargeAccount","param":{"appid":"mlive"}},"req_3":{"module":"musicToplist.ToplistInfoServer","method":"GetAll","param":{}}} 参数1: 237
 [490] [fog_245] 调用结果: 116
 [491] [fog_246] 方法名:  调用对象: {"comm":{"cv":4747474,"ct":24,"format":"json","inCharset":"utf-8","outCharset":"utf-8","notice":0,"platform":"yqq.json","needNewCode":1,"uin":0,"g_tk_new_20200303":5381,"g_tk":5381},"req_1":{"module":"music.musicsearch.HotkeyService","method":"GetHotkeyForQQMusicMobile","param":{"searchid":"31365759695277856","remoteplace":"txt.yqq.top","from":"yqqweb"}},"req_2":{"module":"music.paycenterapi.LoginStateVerificationApi","method":"GetChargeAccount","param":{"appid":"mlive"}},"req_3":{"module":"musicToplist.ToplistInfoServer","method":"GetAll","param":{}}} 参数1: 238
 [492] [fog_246] 调用结果: 104
 [493] [fog_247] 方法名:  调用对象: {"comm":{"cv":4747474,"ct":24,"format":"json","inCharset":"utf-8","outCharset":"utf-8","notice":0,"platform":"yqq.json","needNewCode":1,"uin":0,"g_tk_new_20200303":5381,"g_tk":5381},"req_1":{"module":"music.musicsearch.HotkeyService","method":"GetHotkeyForQQMusicMobile","param":{"searchid":"31365759695277856","remoteplace":"txt.yqq.top","from":"yqqweb"}},"req_2":{"module":"music.paycenterapi.LoginStateVerificationApi","method":"GetChargeAccount","param":{"appid":"mlive"}},"req_3":{"module":"musicToplist.ToplistInfoServer","method":"GetAll","param":{}}} 参数1: 239
 [494] [fog_247] 调用结果: 111
 [495] [fog_248] 方法名:  调用对象: {"comm":{"cv":4747474,"ct":24,"format":"json","inCharset":"utf-8","outCharset":"utf-8","notice":0,"platform":"yqq.json","needNewCode":1,"uin":0,"g_tk_new_20200303":5381,"g_tk":5381},"req_1":{"module":"music.musicsearch.HotkeyService","method":"GetHotkeyForQQMusicMobile","param":{"searchid":"31365759695277856","remoteplace":"txt.yqq.top","from":"yqqweb"}},"req_2":{"module":"music.paycenterapi.LoginStateVerificationApi","method":"GetChargeAccount","param":{"appid":"mlive"}},"req_3":{"module":"musicToplist.ToplistInfoServer","method":"GetAll","param":{}}} 参数1: 240
 [496] [fog_248] 调用结果: 100
 [497] [fog_249] 方法名:  调用对象: {"comm":{"cv":4747474,"ct":24,"format":"json","inCharset":"utf-8","outCharset":"utf-8","notice":0,"platform":"yqq.json","needNewCode":1,"uin":0,"g_tk_new_20200303":5381,"g_tk":5381},"req_1":{"module":"music.musicsearch.HotkeyService","method":"GetHotkeyForQQMusicMobile","param":{"searchid":"31365759695277856","remoteplace":"txt.yqq.top","from":"yqqweb"}},"req_2":{"module":"music.paycenterapi.LoginStateVerificationApi","method":"GetChargeAccount","param":{"appid":"mlive"}},"req_3":{"module":"musicToplist.ToplistInfoServer","method":"GetAll","param":{}}} 参数1: 241
 [498] [fog_249] 调用结果: 34
 [499] [fog_250] 方法名:  调用对象: {"comm":{"cv":4747474,"ct":24,"format":"json","inCharset":"utf-8","outCharset":"utf-8","notice":0,"platform":"yqq.json","needNewCode":1,"uin":0,"g_tk_new_20200303":5381,"g_tk":5381},"req_1":{"module":"music.musicsearch.HotkeyService","method":"GetHotkeyForQQMusicMobile","param":{"searchid":"31365759695277856","remoteplace":"txt.yqq.top","from":"yqqweb"}},"req_2":{"module":"music.paycenterapi.LoginStateVerificationApi","method":"GetChargeAccount","param":{"appid":"mlive"}},"req_3":{"module":"musicToplist.ToplistInfoServer","method":"GetAll","param":{}}} 参数1: 242
 [500] [fog_250] 调用结果: 58
 [501] [fog_251] 方法名:  调用对象: {"comm":{"cv":4747474,"ct":24,"format":"json","inCharset":"utf-8","outCharset":"utf-8","notice":0,"platform":"yqq.json","needNewCode":1,"uin":0,"g_tk_new_20200303":5381,"g_tk":5381},"req_1":{"module":"music.musicsearch.HotkeyService","method":"GetHotkeyForQQMusicMobile","param":{"searchid":"31365759695277856","remoteplace":"txt.yqq.top","from":"yqqweb"}},"req_2":{"module":"music.paycenterapi.LoginStateVerificationApi","method":"GetChargeAccount","param":{"appid":"mlive"}},"req_3":{"module":"musicToplist.ToplistInfoServer","method":"GetAll","param":{}}} 参数1: 243
 [502] [fog_251] 调用结果: 34
 [503] [fog_252] 方法名:  调用对象: {"comm":{"cv":4747474,"ct":24,"format":"json","inCharset":"utf-8","outCharset":"utf-8","notice":0,"platform":"yqq.json","needNewCode":1,"uin":0,"g_tk_new_20200303":5381,"g_tk":5381},"req_1":{"module":"music.musicsearch.HotkeyService","method":"GetHotkeyForQQMusicMobile","param":{"searchid":"31365759695277856","remoteplace":"txt.yqq.top","from":"yqqweb"}},"req_2":{"module":"music.paycenterapi.LoginStateVerificationApi","method":"GetChargeAccount","param":{"appid":"mlive"}},"req_3":{"module":"musicToplist.ToplistInfoServer","method":"GetAll","param":{}}} 参数1: 244
 [504] [fog_252] 调用结果: 71
 [505] [fog_253] 方法名:  调用对象: {"comm":{"cv":4747474,"ct":24,"format":"json","inCharset":"utf-8","outCharset":"utf-8","notice":0,"platform":"yqq.json","needNewCode":1,"uin":0,"g_tk_new_20200303":5381,"g_tk":5381},"req_1":{"module":"music.musicsearch.HotkeyService","method":"GetHotkeyForQQMusicMobile","param":{"searchid":"31365759695277856","remoteplace":"txt.yqq.top","from":"yqqweb"}},"req_2":{"module":"music.paycenterapi.LoginStateVerificationApi","method":"GetChargeAccount","param":{"appid":"mlive"}},"req_3":{"module":"musicToplist.ToplistInfoServer","method":"GetAll","param":{}}} 参数1: 245
 [506] [fog_253] 调用结果: 101
 [507] [fog_254] 方法名:  调用对象: {"comm":{"cv":4747474,"ct":24,"format":"json","inCharset":"utf-8","outCharset":"utf-8","notice":0,"platform":"yqq.json","needNewCode":1,"uin":0,"g_tk_new_20200303":5381,"g_tk":5381},"req_1":{"module":"music.musicsearch.HotkeyService","method":"GetHotkeyForQQMusicMobile","param":{"searchid":"31365759695277856","remoteplace":"txt.yqq.top","from":"yqqweb"}},"req_2":{"module":"music.paycenterapi.LoginStateVerificationApi","method":"GetChargeAccount","param":{"appid":"mlive"}},"req_3":{"module":"musicToplist.ToplistInfoServer","method":"GetAll","param":{}}} 参数1: 246
 [508] [fog_254] 调用结果: 116
 [509] [fog_255] 方法名:  调用对象: {"comm":{"cv":4747474,"ct":24,"format":"json","inCharset":"utf-8","outCharset":"utf-8","notice":0,"platform":"yqq.json","needNewCode":1,"uin":0,"g_tk_new_20200303":5381,"g_tk":5381},"req_1":{"module":"music.musicsearch.HotkeyService","method":"GetHotkeyForQQMusicMobile","param":{"searchid":"31365759695277856","remoteplace":"txt.yqq.top","from":"yqqweb"}},"req_2":{"module":"music.paycenterapi.LoginStateVerificationApi","method":"GetChargeAccount","param":{"appid":"mlive"}},"req_3":{"module":"musicToplist.ToplistInfoServer","method":"GetAll","param":{}}} 参数1: 247
 [510] [fog_255] 调用结果: 72
 [511] [fog_256] 方法名:  调用对象: {"comm":{"cv":4747474,"ct":24,"format":"json","inCharset":"utf-8","outCharset":"utf-8","notice":0,"platform":"yqq.json","needNewCode":1,"uin":0,"g_tk_new_20200303":5381,"g_tk":5381},"req_1":{"module":"music.musicsearch.HotkeyService","method":"GetHotkeyForQQMusicMobile","param":{"searchid":"31365759695277856","remoteplace":"txt.yqq.top","from":"yqqweb"}},"req_2":{"module":"music.paycenterapi.LoginStateVerificationApi","method":"GetChargeAccount","param":{"appid":"mlive"}},"req_3":{"module":"musicToplist.ToplistInfoServer","method":"GetAll","param":{}}} 参数1: 248
 [512] [fog_256] 调用结果: 111
 [513] [fog_257] 方法名:  调用对象: {"comm":{"cv":4747474,"ct":24,"format":"json","inCharset":"utf-8","outCharset":"utf-8","notice":0,"platform":"yqq.json","needNewCode":1,"uin":0,"g_tk_new_20200303":5381,"g_tk":5381},"req_1":{"module":"music.musicsearch.HotkeyService","method":"GetHotkeyForQQMusicMobile","param":{"searchid":"31365759695277856","remoteplace":"txt.yqq.top","from":"yqqweb"}},"req_2":{"module":"music.paycenterapi.LoginStateVerificationApi","method":"GetChargeAccount","param":{"appid":"mlive"}},"req_3":{"module":"musicToplist.ToplistInfoServer","method":"GetAll","param":{}}} 参数1: 249
 [514] [fog_257] 调用结果: 116
 [515] [fog_258] 方法名:  调用对象: {"comm":{"cv":4747474,"ct":24,"format":"json","inCharset":"utf-8","outCharset":"utf-8","notice":0,"platform":"yqq.json","needNewCode":1,"uin":0,"g_tk_new_20200303":5381,"g_tk":5381},"req_1":{"module":"music.musicsearch.HotkeyService","method":"GetHotkeyForQQMusicMobile","param":{"searchid":"31365759695277856","remoteplace":"txt.yqq.top","from":"yqqweb"}},"req_2":{"module":"music.paycenterapi.LoginStateVerificationApi","method":"GetChargeAccount","param":{"appid":"mlive"}},"req_3":{"module":"musicToplist.ToplistInfoServer","method":"GetAll","param":{}}} 参数1: 250
 [516] [fog_258] 调用结果: 107
 [517] [fog_259] 方法名:  调用对象: {"comm":{"cv":4747474,"ct":24,"format":"json","inCharset":"utf-8","outCharset":"utf-8","notice":0,"platform":"yqq.json","needNewCode":1,"uin":0,"g_tk_new_20200303":5381,"g_tk":5381},"req_1":{"module":"music.musicsearch.HotkeyService","method":"GetHotkeyForQQMusicMobile","param":{"searchid":"31365759695277856","remoteplace":"txt.yqq.top","from":"yqqweb"}},"req_2":{"module":"music.paycenterapi.LoginStateVerificationApi","method":"GetChargeAccount","param":{"appid":"mlive"}},"req_3":{"module":"musicToplist.ToplistInfoServer","method":"GetAll","param":{}}} 参数1: 251
 [518] [fog_259] 调用结果: 101
 [519] [fog_260] 方法名:  调用对象: {"comm":{"cv":4747474,"ct":24,"format":"json","inCharset":"utf-8","outCharset":"utf-8","notice":0,"platform":"yqq.json","needNewCode":1,"uin":0,"g_tk_new_20200303":5381,"g_tk":5381},"req_1":{"module":"music.musicsearch.HotkeyService","method":"GetHotkeyForQQMusicMobile","param":{"searchid":"31365759695277856","remoteplace":"txt.yqq.top","from":"yqqweb"}},"req_2":{"module":"music.paycenterapi.LoginStateVerificationApi","method":"GetChargeAccount","param":{"appid":"mlive"}},"req_3":{"module":"musicToplist.ToplistInfoServer","method":"GetAll","param":{}}} 参数1: 252
 [520] [fog_260] 调用结果: 121
 [521] [fog_261] 方法名:  调用对象: {"comm":{"cv":4747474,"ct":24,"format":"json","inCharset":"utf-8","outCharset":"utf-8","notice":0,"platform":"yqq.json","needNewCode":1,"uin":0,"g_tk_new_20200303":5381,"g_tk":5381},"req_1":{"module":"music.musicsearch.HotkeyService","method":"GetHotkeyForQQMusicMobile","param":{"searchid":"31365759695277856","remoteplace":"txt.yqq.top","from":"yqqweb"}},"req_2":{"module":"music.paycenterapi.LoginStateVerificationApi","method":"GetChargeAccount","param":{"appid":"mlive"}},"req_3":{"module":"musicToplist.ToplistInfoServer","method":"GetAll","param":{}}} 参数1: 253
 [522] [fog_261] 调用结果: 70
 [523] [fog_262] 方法名:  调用对象: {"comm":{"cv":4747474,"ct":24,"format":"json","inCharset":"utf-8","outCharset":"utf-8","notice":0,"platform":"yqq.json","needNewCode":1,"uin":0,"g_tk_new_20200303":5381,"g_tk":5381},"req_1":{"module":"music.musicsearch.HotkeyService","method":"GetHotkeyForQQMusicMobile","param":{"searchid":"31365759695277856","remoteplace":"txt.yqq.top","from":"yqqweb"}},"req_2":{"module":"music.paycenterapi.LoginStateVerificationApi","method":"GetChargeAccount","param":{"appid":"mlive"}},"req_3":{"module":"musicToplist.ToplistInfoServer","method":"GetAll","param":{}}} 参数1: 254
 [524] [fog_262] 调用结果: 111
 [525] [fog_263] 方法名:  调用对象: {"comm":{"cv":4747474,"ct":24,"format":"json","inCharset":"utf-8","outCharset":"utf-8","notice":0,"platform":"yqq.json","needNewCode":1,"uin":0,"g_tk_new_20200303":5381,"g_tk":5381},"req_1":{"module":"music.musicsearch.HotkeyService","method":"GetHotkeyForQQMusicMobile","param":{"searchid":"31365759695277856","remoteplace":"txt.yqq.top","from":"yqqweb"}},"req_2":{"module":"music.paycenterapi.LoginStateVerificationApi","method":"GetChargeAccount","param":{"appid":"mlive"}},"req_3":{"module":"musicToplist.ToplistInfoServer","method":"GetAll","param":{}}} 参数1: 255
 [526] [fog_263] 调用结果: 114
 [527] [fog_264] 方法名:  调用对象: c {blocks: Array(80), h0: 1883527210, h1: 515211930, h2: 46108816, h3: 1492330054, …} 参数无
 [528] [fog_264] 调用结果: undefined
 [529] [fog_265] 方法名:  调用对象: {"comm":{"cv":4747474,"ct":24,"format":"json","inCharset":"utf-8","outCharset":"utf-8","notice":0,"platform":"yqq.json","needNewCode":1,"uin":0,"g_tk_new_20200303":5381,"g_tk":5381},"req_1":{"module":"music.musicsearch.HotkeyService","method":"GetHotkeyForQQMusicMobile","param":{"searchid":"31365759695277856","remoteplace":"txt.yqq.top","from":"yqqweb"}},"req_2":{"module":"music.paycenterapi.LoginStateVerificationApi","method":"GetChargeAccount","param":{"appid":"mlive"}},"req_3":{"module":"musicToplist.ToplistInfoServer","method":"GetAll","param":{}}} 参数1: 256
 [530] [fog_265] 调用结果: 81
 [531] [fog_266] 方法名:  调用对象: {"comm":{"cv":4747474,"ct":24,"format":"json","inCharset":"utf-8","outCharset":"utf-8","notice":0,"platform":"yqq.json","needNewCode":1,"uin":0,"g_tk_new_20200303":5381,"g_tk":5381},"req_1":{"module":"music.musicsearch.HotkeyService","method":"GetHotkeyForQQMusicMobile","param":{"searchid":"31365759695277856","remoteplace":"txt.yqq.top","from":"yqqweb"}},"req_2":{"module":"music.paycenterapi.LoginStateVerificationApi","method":"GetChargeAccount","param":{"appid":"mlive"}},"req_3":{"module":"musicToplist.ToplistInfoServer","method":"GetAll","param":{}}} 参数1: 257
 [532] [fog_266] 调用结果: 81
 [533] [fog_267] 方法名:  调用对象: {"comm":{"cv":4747474,"ct":24,"format":"json","inCharset":"utf-8","outCharset":"utf-8","notice":0,"platform":"yqq.json","needNewCode":1,"uin":0,"g_tk_new_20200303":5381,"g_tk":5381},"req_1":{"module":"music.musicsearch.HotkeyService","method":"GetHotkeyForQQMusicMobile","param":{"searchid":"31365759695277856","remoteplace":"txt.yqq.top","from":"yqqweb"}},"req_2":{"module":"music.paycenterapi.LoginStateVerificationApi","method":"GetChargeAccount","param":{"appid":"mlive"}},"req_3":{"module":"musicToplist.ToplistInfoServer","method":"GetAll","param":{}}} 参数1: 258
 [534] [fog_267] 调用结果: 77
 [535] [fog_268] 方法名:  调用对象: {"comm":{"cv":4747474,"ct":24,"format":"json","inCharset":"utf-8","outCharset":"utf-8","notice":0,"platform":"yqq.json","needNewCode":1,"uin":0,"g_tk_new_20200303":5381,"g_tk":5381},"req_1":{"module":"music.musicsearch.HotkeyService","method":"GetHotkeyForQQMusicMobile","param":{"searchid":"31365759695277856","remoteplace":"txt.yqq.top","from":"yqqweb"}},"req_2":{"module":"music.paycenterapi.LoginStateVerificationApi","method":"GetChargeAccount","param":{"appid":"mlive"}},"req_3":{"module":"musicToplist.ToplistInfoServer","method":"GetAll","param":{}}} 参数1: 259
 [536] [fog_268] 调用结果: 117
 [537] [fog_269] 方法名:  调用对象: {"comm":{"cv":4747474,"ct":24,"format":"json","inCharset":"utf-8","outCharset":"utf-8","notice":0,"platform":"yqq.json","needNewCode":1,"uin":0,"g_tk_new_20200303":5381,"g_tk":5381},"req_1":{"module":"music.musicsearch.HotkeyService","method":"GetHotkeyForQQMusicMobile","param":{"searchid":"31365759695277856","remoteplace":"txt.yqq.top","from":"yqqweb"}},"req_2":{"module":"music.paycenterapi.LoginStateVerificationApi","method":"GetChargeAccount","param":{"appid":"mlive"}},"req_3":{"module":"musicToplist.ToplistInfoServer","method":"GetAll","param":{}}} 参数1: 260
 [538] [fog_269] 调用结果: 115
 [539] [fog_270] 方法名:  调用对象: {"comm":{"cv":4747474,"ct":24,"format":"json","inCharset":"utf-8","outCharset":"utf-8","notice":0,"platform":"yqq.json","needNewCode":1,"uin":0,"g_tk_new_20200303":5381,"g_tk":5381},"req_1":{"module":"music.musicsearch.HotkeyService","method":"GetHotkeyForQQMusicMobile","param":{"searchid":"31365759695277856","remoteplace":"txt.yqq.top","from":"yqqweb"}},"req_2":{"module":"music.paycenterapi.LoginStateVerificationApi","method":"GetChargeAccount","param":{"appid":"mlive"}},"req_3":{"module":"musicToplist.ToplistInfoServer","method":"GetAll","param":{}}} 参数1: 261
 [540] [fog_270] 调用结果: 105
 [541] [fog_271] 方法名:  调用对象: {"comm":{"cv":4747474,"ct":24,"format":"json","inCharset":"utf-8","outCharset":"utf-8","notice":0,"platform":"yqq.json","needNewCode":1,"uin":0,"g_tk_new_20200303":5381,"g_tk":5381},"req_1":{"module":"music.musicsearch.HotkeyService","method":"GetHotkeyForQQMusicMobile","param":{"searchid":"31365759695277856","remoteplace":"txt.yqq.top","from":"yqqweb"}},"req_2":{"module":"music.paycenterapi.LoginStateVerificationApi","method":"GetChargeAccount","param":{"appid":"mlive"}},"req_3":{"module":"musicToplist.ToplistInfoServer","method":"GetAll","param":{}}} 参数1: 262
 [542] [fog_271] 调用结果: 99
 [543] [fog_272] 方法名:  调用对象: {"comm":{"cv":4747474,"ct":24,"format":"json","inCharset":"utf-8","outCharset":"utf-8","notice":0,"platform":"yqq.json","needNewCode":1,"uin":0,"g_tk_new_20200303":5381,"g_tk":5381},"req_1":{"module":"music.musicsearch.HotkeyService","method":"GetHotkeyForQQMusicMobile","param":{"searchid":"31365759695277856","remoteplace":"txt.yqq.top","from":"yqqweb"}},"req_2":{"module":"music.paycenterapi.LoginStateVerificationApi","method":"GetChargeAccount","param":{"appid":"mlive"}},"req_3":{"module":"musicToplist.ToplistInfoServer","method":"GetAll","param":{}}} 参数1: 263
 [544] [fog_272] 调用结果: 77
 [545] [fog_273] 方法名:  调用对象: {"comm":{"cv":4747474,"ct":24,"format":"json","inCharset":"utf-8","outCharset":"utf-8","notice":0,"platform":"yqq.json","needNewCode":1,"uin":0,"g_tk_new_20200303":5381,"g_tk":5381},"req_1":{"module":"music.musicsearch.HotkeyService","method":"GetHotkeyForQQMusicMobile","param":{"searchid":"31365759695277856","remoteplace":"txt.yqq.top","from":"yqqweb"}},"req_2":{"module":"music.paycenterapi.LoginStateVerificationApi","method":"GetChargeAccount","param":{"appid":"mlive"}},"req_3":{"module":"musicToplist.ToplistInfoServer","method":"GetAll","param":{}}} 参数1: 264
 [546] [fog_273] 调用结果: 111
 [547] [fog_274] 方法名:  调用对象: {"comm":{"cv":4747474,"ct":24,"format":"json","inCharset":"utf-8","outCharset":"utf-8","notice":0,"platform":"yqq.json","needNewCode":1,"uin":0,"g_tk_new_20200303":5381,"g_tk":5381},"req_1":{"module":"music.musicsearch.HotkeyService","method":"GetHotkeyForQQMusicMobile","param":{"searchid":"31365759695277856","remoteplace":"txt.yqq.top","from":"yqqweb"}},"req_2":{"module":"music.paycenterapi.LoginStateVerificationApi","method":"GetChargeAccount","param":{"appid":"mlive"}},"req_3":{"module":"musicToplist.ToplistInfoServer","method":"GetAll","param":{}}} 参数1: 265
 [548] [fog_274] 调用结果: 98
 [549] [fog_275] 方法名:  调用对象: {"comm":{"cv":4747474,"ct":24,"format":"json","inCharset":"utf-8","outCharset":"utf-8","notice":0,"platform":"yqq.json","needNewCode":1,"uin":0,"g_tk_new_20200303":5381,"g_tk":5381},"req_1":{"module":"music.musicsearch.HotkeyService","method":"GetHotkeyForQQMusicMobile","param":{"searchid":"31365759695277856","remoteplace":"txt.yqq.top","from":"yqqweb"}},"req_2":{"module":"music.paycenterapi.LoginStateVerificationApi","method":"GetChargeAccount","param":{"appid":"mlive"}},"req_3":{"module":"musicToplist.ToplistInfoServer","method":"GetAll","param":{}}} 参数1: 266
 [550] [fog_275] 调用结果: 105
 [551] [fog_276] 方法名: ƒ charCodeAt() { [native code] } 调用对象: {"comm":{"cv":4747474,"ct":24,"format":"json","inCharset":"utf-8","outCharset":"utf-8","notice":0,"platform":"yqq.json","needNewCode":1,"uin":0,"g_tk_new_20200303":5381,"g_tk":5381},"req_1":{"module":"music.musicsearch.HotkeyService","method":"GetHotkeyForQQMusicMobile","param":{"searchid":"31365759695277856","remoteplace":"txt.yqq.top","from":"yqqweb"}},"req_2":{"module":"music.paycenterapi.LoginStateVerificationApi","method":"GetChargeAccount","param":{"appid":"mlive"}},"req_3":{"module":"musicToplist.ToplistInfoServer","method":"GetAll","param":{}}} 参数1: 267
 [552] [fog_276] 调用结果: 108
 [553] [fog_277] 方法名: ƒ charCodeAt() { [native code] } 调用对象: {"comm":{"cv":4747474,"ct":24,"format":"json","inCharset":"utf-8","outCharset":"utf-8","notice":0,"platform":"yqq.json","needNewCode":1,"uin":0,"g_tk_new_20200303":5381,"g_tk":5381},"req_1":{"module":"music.musicsearch.HotkeyService","method":"GetHotkeyForQQMusicMobile","param":{"searchid":"31365759695277856","remoteplace":"txt.yqq.top","from":"yqqweb"}},"req_2":{"module":"music.paycenterapi.LoginStateVerificationApi","method":"GetChargeAccount","param":{"appid":"mlive"}},"req_3":{"module":"musicToplist.ToplistInfoServer","method":"GetAll","param":{}}} 参数1: 268
 [554] [fog_277] 调用结果: 101
 [555] [fog_278] 方法名: ƒ charCodeAt() { [native code] } 调用对象: {"comm":{"cv":4747474,"ct":24,"format":"json","inCharset":"utf-8","outCharset":"utf-8","notice":0,"platform":"yqq.json","needNewCode":1,"uin":0,"g_tk_new_20200303":5381,"g_tk":5381},"req_1":{"module":"music.musicsearch.HotkeyService","method":"GetHotkeyForQQMusicMobile","param":{"searchid":"31365759695277856","remoteplace":"txt.yqq.top","from":"yqqweb"}},"req_2":{"module":"music.paycenterapi.LoginStateVerificationApi","method":"GetChargeAccount","param":{"appid":"mlive"}},"req_3":{"module":"musicToplist.ToplistInfoServer","method":"GetAll","param":{}}} 参数1: 269
 [556] [fog_278] 调用结果: 34
 [557] [fog_279] 方法名: ƒ charCodeAt() { [native code] } 调用对象: {"comm":{"cv":4747474,"ct":24,"format":"json","inCharset":"utf-8","outCharset":"utf-8","notice":0,"platform":"yqq.json","needNewCode":1,"uin":0,"g_tk_new_20200303":5381,"g_tk":5381},"req_1":{"module":"music.musicsearch.HotkeyService","method":"GetHotkeyForQQMusicMobile","param":{"searchid":"31365759695277856","remoteplace":"txt.yqq.top","from":"yqqweb"}},"req_2":{"module":"music.paycenterapi.LoginStateVerificationApi","method":"GetChargeAccount","param":{"appid":"mlive"}},"req_3":{"module":"musicToplist.ToplistInfoServer","method":"GetAll","param":{}}} 参数1: 270
 [558] [fog_279] 调用结果: 44
 [559] [fog_280] 方法名: ƒ charCodeAt() { [native code] } 调用对象: {"comm":{"cv":4747474,"ct":24,"format":"json","inCharset":"utf-8","outCharset":"utf-8","notice":0,"platform":"yqq.json","needNewCode":1,"uin":0,"g_tk_new_20200303":5381,"g_tk":5381},"req_1":{"module":"music.musicsearch.HotkeyService","method":"GetHotkeyForQQMusicMobile","param":{"searchid":"31365759695277856","remoteplace":"txt.yqq.top","from":"yqqweb"}},"req_2":{"module":"music.paycenterapi.LoginStateVerificationApi","method":"GetChargeAccount","param":{"appid":"mlive"}},"req_3":{"module":"musicToplist.ToplistInfoServer","method":"GetAll","param":{}}} 参数1: 271
 [560] [fog_280] 调用结果: 34
 [561] [fog_281] 方法名: ƒ charCodeAt() { [native code] } 调用对象: {"comm":{"cv":4747474,"ct":24,"format":"json","inCharset":"utf-8","outCharset":"utf-8","notice":0,"platform":"yqq.json","needNewCode":1,"uin":0,"g_tk_new_20200303":5381,"g_tk":5381},"req_1":{"module":"music.musicsearch.HotkeyService","method":"GetHotkeyForQQMusicMobile","param":{"searchid":"31365759695277856","remoteplace":"txt.yqq.top","from":"yqqweb"}},"req_2":{"module":"music.paycenterapi.LoginStateVerificationApi","method":"GetChargeAccount","param":{"appid":"mlive"}},"req_3":{"module":"musicToplist.ToplistInfoServer","method":"GetAll","param":{}}} 参数1: 272
 [562] [fog_281] 调用结果: 112
 [563] [fog_282] 方法名: ƒ charCodeAt() { [native code] } 调用对象: {"comm":{"cv":4747474,"ct":24,"format":"json","inCharset":"utf-8","outCharset":"utf-8","notice":0,"platform":"yqq.json","needNewCode":1,"uin":0,"g_tk_new_20200303":5381,"g_tk":5381},"req_1":{"module":"music.musicsearch.HotkeyService","method":"GetHotkeyForQQMusicMobile","param":{"searchid":"31365759695277856","remoteplace":"txt.yqq.top","from":"yqqweb"}},"req_2":{"module":"music.paycenterapi.LoginStateVerificationApi","method":"GetChargeAccount","param":{"appid":"mlive"}},"req_3":{"module":"musicToplist.ToplistInfoServer","method":"GetAll","param":{}}} 参数1: 273
 [564] [fog_282] 调用结果: 97
 [565] [fog_283] 方法名: ƒ charCodeAt() { [native code] } 调用对象: {"comm":{"cv":4747474,"ct":24,"format":"json","inCharset":"utf-8","outCharset":"utf-8","notice":0,"platform":"yqq.json","needNewCode":1,"uin":0,"g_tk_new_20200303":5381,"g_tk":5381},"req_1":{"module":"music.musicsearch.HotkeyService","method":"GetHotkeyForQQMusicMobile","param":{"searchid":"31365759695277856","remoteplace":"txt.yqq.top","from":"yqqweb"}},"req_2":{"module":"music.paycenterapi.LoginStateVerificationApi","method":"GetChargeAccount","param":{"appid":"mlive"}},"req_3":{"module":"musicToplist.ToplistInfoServer","method":"GetAll","param":{}}} 参数1: 274
 [566] [fog_283] 调用结果: 114
 [567] [fog_284] 方法名: ƒ charCodeAt() { [native code] } 调用对象: {"comm":{"cv":4747474,"ct":24,"format":"json","inCharset":"utf-8","outCharset":"utf-8","notice":0,"platform":"yqq.json","needNewCode":1,"uin":0,"g_tk_new_20200303":5381,"g_tk":5381},"req_1":{"module":"music.musicsearch.HotkeyService","method":"GetHotkeyForQQMusicMobile","param":{"searchid":"31365759695277856","remoteplace":"txt.yqq.top","from":"yqqweb"}},"req_2":{"module":"music.paycenterapi.LoginStateVerificationApi","method":"GetChargeAccount","param":{"appid":"mlive"}},"req_3":{"module":"musicToplist.ToplistInfoServer","method":"GetAll","param":{}}} 参数1: 275
 [568] [fog_284] 调用结果: 97
 [569] [fog_285] 方法名: ƒ charCodeAt() { [native code] } 调用对象: {"comm":{"cv":4747474,"ct":24,"format":"json","inCharset":"utf-8","outCharset":"utf-8","notice":0,"platform":"yqq.json","needNewCode":1,"uin":0,"g_tk_new_20200303":5381,"g_tk":5381},"req_1":{"module":"music.musicsearch.HotkeyService","method":"GetHotkeyForQQMusicMobile","param":{"searchid":"31365759695277856","remoteplace":"txt.yqq.top","from":"yqqweb"}},"req_2":{"module":"music.paycenterapi.LoginStateVerificationApi","method":"GetChargeAccount","param":{"appid":"mlive"}},"req_3":{"module":"musicToplist.ToplistInfoServer","method":"GetAll","param":{}}} 参数1: 276
 [570] [fog_285] 调用结果: 109
 [571] [fog_286] 方法名: ƒ charCodeAt() { [native code] } 调用对象: {"comm":{"cv":4747474,"ct":24,"format":"json","inCharset":"utf-8","outCharset":"utf-8","notice":0,"platform":"yqq.json","needNewCode":1,"uin":0,"g_tk_new_20200303":5381,"g_tk":5381},"req_1":{"module":"music.musicsearch.HotkeyService","method":"GetHotkeyForQQMusicMobile","param":{"searchid":"31365759695277856","remoteplace":"txt.yqq.top","from":"yqqweb"}},"req_2":{"module":"music.paycenterapi.LoginStateVerificationApi","method":"GetChargeAccount","param":{"appid":"mlive"}},"req_3":{"module":"musicToplist.ToplistInfoServer","method":"GetAll","param":{}}} 参数1: 277
 [572] [fog_286] 调用结果: 34
 [573] [fog_287] 方法名: ƒ charCodeAt() { [native code] } 调用对象: {"comm":{"cv":4747474,"ct":24,"format":"json","inCharset":"utf-8","outCharset":"utf-8","notice":0,"platform":"yqq.json","needNewCode":1,"uin":0,"g_tk_new_20200303":5381,"g_tk":5381},"req_1":{"module":"music.musicsearch.HotkeyService","method":"GetHotkeyForQQMusicMobile","param":{"searchid":"31365759695277856","remoteplace":"txt.yqq.top","from":"yqqweb"}},"req_2":{"module":"music.paycenterapi.LoginStateVerificationApi","method":"GetChargeAccount","param":{"appid":"mlive"}},"req_3":{"module":"musicToplist.ToplistInfoServer","method":"GetAll","param":{}}} 参数1: 278
 [574] [fog_287] 调用结果: 58
 [575] [fog_288] 方法名:  调用对象: {"comm":{"cv":4747474,"ct":24,"format":"json","inCharset":"utf-8","outCharset":"utf-8","notice":0,"platform":"yqq.json","needNewCode":1,"uin":0,"g_tk_new_20200303":5381,"g_tk":5381},"req_1":{"module":"music.musicsearch.HotkeyService","method":"GetHotkeyForQQMusicMobile","param":{"searchid":"31365759695277856","remoteplace":"txt.yqq.top","from":"yqqweb"}},"req_2":{"module":"music.paycenterapi.LoginStateVerificationApi","method":"GetChargeAccount","param":{"appid":"mlive"}},"req_3":{"module":"musicToplist.ToplistInfoServer","method":"GetAll","param":{}}} 参数1: 279
 [576] [fog_288] 调用结果: 123
 [577] [fog_289] 方法名:  调用对象: {"comm":{"cv":4747474,"ct":24,"format":"json","inCharset":"utf-8","outCharset":"utf-8","notice":0,"platform":"yqq.json","needNewCode":1,"uin":0,"g_tk_new_20200303":5381,"g_tk":5381},"req_1":{"module":"music.musicsearch.HotkeyService","method":"GetHotkeyForQQMusicMobile","param":{"searchid":"31365759695277856","remoteplace":"txt.yqq.top","from":"yqqweb"}},"req_2":{"module":"music.paycenterapi.LoginStateVerificationApi","method":"GetChargeAccount","param":{"appid":"mlive"}},"req_3":{"module":"musicToplist.ToplistInfoServer","method":"GetAll","param":{}}} 参数1: 280
 [578] [fog_289] 调用结果: 34
 [579] [fog_290] 方法名:  调用对象: {"comm":{"cv":4747474,"ct":24,"format":"json","inCharset":"utf-8","outCharset":"utf-8","notice":0,"platform":"yqq.json","needNewCode":1,"uin":0,"g_tk_new_20200303":5381,"g_tk":5381},"req_1":{"module":"music.musicsearch.HotkeyService","method":"GetHotkeyForQQMusicMobile","param":{"searchid":"31365759695277856","remoteplace":"txt.yqq.top","from":"yqqweb"}},"req_2":{"module":"music.paycenterapi.LoginStateVerificationApi","method":"GetChargeAccount","param":{"appid":"mlive"}},"req_3":{"module":"musicToplist.ToplistInfoServer","method":"GetAll","param":{}}} 参数1: 281
 [580] [fog_290] 调用结果: 115
 [581] [fog_291] 方法名:  调用对象: {"comm":{"cv":4747474,"ct":24,"format":"json","inCharset":"utf-8","outCharset":"utf-8","notice":0,"platform":"yqq.json","needNewCode":1,"uin":0,"g_tk_new_20200303":5381,"g_tk":5381},"req_1":{"module":"music.musicsearch.HotkeyService","method":"GetHotkeyForQQMusicMobile","param":{"searchid":"31365759695277856","remoteplace":"txt.yqq.top","from":"yqqweb"}},"req_2":{"module":"music.paycenterapi.LoginStateVerificationApi","method":"GetChargeAccount","param":{"appid":"mlive"}},"req_3":{"module":"musicToplist.ToplistInfoServer","method":"GetAll","param":{}}} 参数1: 282
 [582] [fog_291] 调用结果: 101
 [583] [fog_292] 方法名:  调用对象: {"comm":{"cv":4747474,"ct":24,"format":"json","inCharset":"utf-8","outCharset":"utf-8","notice":0,"platform":"yqq.json","needNewCode":1,"uin":0,"g_tk_new_20200303":5381,"g_tk":5381},"req_1":{"module":"music.musicsearch.HotkeyService","method":"GetHotkeyForQQMusicMobile","param":{"searchid":"31365759695277856","remoteplace":"txt.yqq.top","from":"yqqweb"}},"req_2":{"module":"music.paycenterapi.LoginStateVerificationApi","method":"GetChargeAccount","param":{"appid":"mlive"}},"req_3":{"module":"musicToplist.ToplistInfoServer","method":"GetAll","param":{}}} 参数1: 283
 [584] [fog_292] 调用结果: 97
 [585] [fog_293] 方法名:  调用对象: {"comm":{"cv":4747474,"ct":24,"format":"json","inCharset":"utf-8","outCharset":"utf-8","notice":0,"platform":"yqq.json","needNewCode":1,"uin":0,"g_tk_new_20200303":5381,"g_tk":5381},"req_1":{"module":"music.musicsearch.HotkeyService","method":"GetHotkeyForQQMusicMobile","param":{"searchid":"31365759695277856","remoteplace":"txt.yqq.top","from":"yqqweb"}},"req_2":{"module":"music.paycenterapi.LoginStateVerificationApi","method":"GetChargeAccount","param":{"appid":"mlive"}},"req_3":{"module":"musicToplist.ToplistInfoServer","method":"GetAll","param":{}}} 参数1: 284
 [586] [fog_293] 调用结果: 114
 [587] [fog_294] 方法名:  调用对象: {"comm":{"cv":4747474,"ct":24,"format":"json","inCharset":"utf-8","outCharset":"utf-8","notice":0,"platform":"yqq.json","needNewCode":1,"uin":0,"g_tk_new_20200303":5381,"g_tk":5381},"req_1":{"module":"music.musicsearch.HotkeyService","method":"GetHotkeyForQQMusicMobile","param":{"searchid":"31365759695277856","remoteplace":"txt.yqq.top","from":"yqqweb"}},"req_2":{"module":"music.paycenterapi.LoginStateVerificationApi","method":"GetChargeAccount","param":{"appid":"mlive"}},"req_3":{"module":"musicToplist.ToplistInfoServer","method":"GetAll","param":{}}} 参数1: 285
 [588] [fog_294] 调用结果: 99
 [589] [fog_295] 方法名:  调用对象: {"comm":{"cv":4747474,"ct":24,"format":"json","inCharset":"utf-8","outCharset":"utf-8","notice":0,"platform":"yqq.json","needNewCode":1,"uin":0,"g_tk_new_20200303":5381,"g_tk":5381},"req_1":{"module":"music.musicsearch.HotkeyService","method":"GetHotkeyForQQMusicMobile","param":{"searchid":"31365759695277856","remoteplace":"txt.yqq.top","from":"yqqweb"}},"req_2":{"module":"music.paycenterapi.LoginStateVerificationApi","method":"GetChargeAccount","param":{"appid":"mlive"}},"req_3":{"module":"musicToplist.ToplistInfoServer","method":"GetAll","param":{}}} 参数1: 286
 [590] [fog_295] 调用结果: 104
 [591] [fog_296] 方法名:  调用对象: {"comm":{"cv":4747474,"ct":24,"format":"json","inCharset":"utf-8","outCharset":"utf-8","notice":0,"platform":"yqq.json","needNewCode":1,"uin":0,"g_tk_new_20200303":5381,"g_tk":5381},"req_1":{"module":"music.musicsearch.HotkeyService","method":"GetHotkeyForQQMusicMobile","param":{"searchid":"31365759695277856","remoteplace":"txt.yqq.top","from":"yqqweb"}},"req_2":{"module":"music.paycenterapi.LoginStateVerificationApi","method":"GetChargeAccount","param":{"appid":"mlive"}},"req_3":{"module":"musicToplist.ToplistInfoServer","method":"GetAll","param":{}}} 参数1: 287
 [592] [fog_296] 调用结果: 105
 [593] [fog_297] 方法名:  调用对象: {"comm":{"cv":4747474,"ct":24,"format":"json","inCharset":"utf-8","outCharset":"utf-8","notice":0,"platform":"yqq.json","needNewCode":1,"uin":0,"g_tk_new_20200303":5381,"g_tk":5381},"req_1":{"module":"music.musicsearch.HotkeyService","method":"GetHotkeyForQQMusicMobile","param":{"searchid":"31365759695277856","remoteplace":"txt.yqq.top","from":"yqqweb"}},"req_2":{"module":"music.paycenterapi.LoginStateVerificationApi","method":"GetChargeAccount","param":{"appid":"mlive"}},"req_3":{"module":"musicToplist.ToplistInfoServer","method":"GetAll","param":{}}} 参数1: 288
 [594] [fog_297] 调用结果: 100
 [595] [fog_298] 方法名:  调用对象: {"comm":{"cv":4747474,"ct":24,"format":"json","inCharset":"utf-8","outCharset":"utf-8","notice":0,"platform":"yqq.json","needNewCode":1,"uin":0,"g_tk_new_20200303":5381,"g_tk":5381},"req_1":{"module":"music.musicsearch.HotkeyService","method":"GetHotkeyForQQMusicMobile","param":{"searchid":"31365759695277856","remoteplace":"txt.yqq.top","from":"yqqweb"}},"req_2":{"module":"music.paycenterapi.LoginStateVerificationApi","method":"GetChargeAccount","param":{"appid":"mlive"}},"req_3":{"module":"musicToplist.ToplistInfoServer","method":"GetAll","param":{}}} 参数1: 289
 [596] [fog_298] 调用结果: 34
 [597] [fog_299] 方法名:  调用对象: {"comm":{"cv":4747474,"ct":24,"format":"json","inCharset":"utf-8","outCharset":"utf-8","notice":0,"platform":"yqq.json","needNewCode":1,"uin":0,"g_tk_new_20200303":5381,"g_tk":5381},"req_1":{"module":"music.musicsearch.HotkeyService","method":"GetHotkeyForQQMusicMobile","param":{"searchid":"31365759695277856","remoteplace":"txt.yqq.top","from":"yqqweb"}},"req_2":{"module":"music.paycenterapi.LoginStateVerificationApi","method":"GetChargeAccount","param":{"appid":"mlive"}},"req_3":{"module":"musicToplist.ToplistInfoServer","method":"GetAll","param":{}}} 参数1: 290
 [598] [fog_299] 调用结果: 58
 [599] [fog_300] 方法名:  调用对象: {"comm":{"cv":4747474,"ct":24,"format":"json","inCharset":"utf-8","outCharset":"utf-8","notice":0,"platform":"yqq.json","needNewCode":1,"uin":0,"g_tk_new_20200303":5381,"g_tk":5381},"req_1":{"module":"music.musicsearch.HotkeyService","method":"GetHotkeyForQQMusicMobile","param":{"searchid":"31365759695277856","remoteplace":"txt.yqq.top","from":"yqqweb"}},"req_2":{"module":"music.paycenterapi.LoginStateVerificationApi","method":"GetChargeAccount","param":{"appid":"mlive"}},"req_3":{"module":"musicToplist.ToplistInfoServer","method":"GetAll","param":{}}} 参数1: 291
 [600] [fog_300] 调用结果: 34
 [601] [fog_301] 方法名:  调用对象: {"comm":{"cv":4747474,"ct":24,"format":"json","inCharset":"utf-8","outCharset":"utf-8","notice":0,"platform":"yqq.json","needNewCode":1,"uin":0,"g_tk_new_20200303":5381,"g_tk":5381},"req_1":{"module":"music.musicsearch.HotkeyService","method":"GetHotkeyForQQMusicMobile","param":{"searchid":"31365759695277856","remoteplace":"txt.yqq.top","from":"yqqweb"}},"req_2":{"module":"music.paycenterapi.LoginStateVerificationApi","method":"GetChargeAccount","param":{"appid":"mlive"}},"req_3":{"module":"musicToplist.ToplistInfoServer","method":"GetAll","param":{}}} 参数1: 292
 [602] [fog_301] 调用结果: 51
 [603] [fog_302] 方法名: ƒ charCodeAt() { [native code] } 调用对象: {"comm":{"cv":4747474,"ct":24,"format":"json","inCharset":"utf-8","outCharset":"utf-8","notice":0,"platform":"yqq.json","needNewCode":1,"uin":0,"g_tk_new_20200303":5381,"g_tk":5381},"req_1":{"module":"music.musicsearch.HotkeyService","method":"GetHotkeyForQQMusicMobile","param":{"searchid":"31365759695277856","remoteplace":"txt.yqq.top","from":"yqqweb"}},"req_2":{"module":"music.paycenterapi.LoginStateVerificationApi","method":"GetChargeAccount","param":{"appid":"mlive"}},"req_3":{"module":"musicToplist.ToplistInfoServer","method":"GetAll","param":{}}} 参数1: 293
 [604] [fog_302] 调用结果: 49
 [605] [fog_303] 方法名: ƒ charCodeAt() { [native code] } 调用对象: {"comm":{"cv":4747474,"ct":24,"format":"json","inCharset":"utf-8","outCharset":"utf-8","notice":0,"platform":"yqq.json","needNewCode":1,"uin":0,"g_tk_new_20200303":5381,"g_tk":5381},"req_1":{"module":"music.musicsearch.HotkeyService","method":"GetHotkeyForQQMusicMobile","param":{"searchid":"31365759695277856","remoteplace":"txt.yqq.top","from":"yqqweb"}},"req_2":{"module":"music.paycenterapi.LoginStateVerificationApi","method":"GetChargeAccount","param":{"appid":"mlive"}},"req_3":{"module":"musicToplist.ToplistInfoServer","method":"GetAll","param":{}}} 参数1: 294
 [606] [fog_303] 调用结果: 51
 [607] [fog_304] 方法名: ƒ charCodeAt() { [native code] } 调用对象: {"comm":{"cv":4747474,"ct":24,"format":"json","inCharset":"utf-8","outCharset":"utf-8","notice":0,"platform":"yqq.json","needNewCode":1,"uin":0,"g_tk_new_20200303":5381,"g_tk":5381},"req_1":{"module":"music.musicsearch.HotkeyService","method":"GetHotkeyForQQMusicMobile","param":{"searchid":"31365759695277856","remoteplace":"txt.yqq.top","from":"yqqweb"}},"req_2":{"module":"music.paycenterapi.LoginStateVerificationApi","method":"GetChargeAccount","param":{"appid":"mlive"}},"req_3":{"module":"musicToplist.ToplistInfoServer","method":"GetAll","param":{}}} 参数1: 295
 [608] [fog_304] 调用结果: 54
 [609] [fog_305] 方法名: ƒ charCodeAt() { [native code] } 调用对象: {"comm":{"cv":4747474,"ct":24,"format":"json","inCharset":"utf-8","outCharset":"utf-8","notice":0,"platform":"yqq.json","needNewCode":1,"uin":0,"g_tk_new_20200303":5381,"g_tk":5381},"req_1":{"module":"music.musicsearch.HotkeyService","method":"GetHotkeyForQQMusicMobile","param":{"searchid":"31365759695277856","remoteplace":"txt.yqq.top","from":"yqqweb"}},"req_2":{"module":"music.paycenterapi.LoginStateVerificationApi","method":"GetChargeAccount","param":{"appid":"mlive"}},"req_3":{"module":"musicToplist.ToplistInfoServer","method":"GetAll","param":{}}} 参数1: 296
 [610] [fog_305] 调用结果: 53
 [611] [fog_306] 方法名: ƒ charCodeAt() { [native code] } 调用对象: {"comm":{"cv":4747474,"ct":24,"format":"json","inCharset":"utf-8","outCharset":"utf-8","notice":0,"platform":"yqq.json","needNewCode":1,"uin":0,"g_tk_new_20200303":5381,"g_tk":5381},"req_1":{"module":"music.musicsearch.HotkeyService","method":"GetHotkeyForQQMusicMobile","param":{"searchid":"31365759695277856","remoteplace":"txt.yqq.top","from":"yqqweb"}},"req_2":{"module":"music.paycenterapi.LoginStateVerificationApi","method":"GetChargeAccount","param":{"appid":"mlive"}},"req_3":{"module":"musicToplist.ToplistInfoServer","method":"GetAll","param":{}}} 参数1: 297
 [612] [fog_306] 调用结果: 55
 [613] [fog_307] 方法名: ƒ charCodeAt() { [native code] } 调用对象: {"comm":{"cv":4747474,"ct":24,"format":"json","inCharset":"utf-8","outCharset":"utf-8","notice":0,"platform":"yqq.json","needNewCode":1,"uin":0,"g_tk_new_20200303":5381,"g_tk":5381},"req_1":{"module":"music.musicsearch.HotkeyService","method":"GetHotkeyForQQMusicMobile","param":{"searchid":"31365759695277856","remoteplace":"txt.yqq.top","from":"yqqweb"}},"req_2":{"module":"music.paycenterapi.LoginStateVerificationApi","method":"GetChargeAccount","param":{"appid":"mlive"}},"req_3":{"module":"musicToplist.ToplistInfoServer","method":"GetAll","param":{}}} 参数1: 298
 [614] [fog_307] 调用结果: 53
 [615] [fog_308] 方法名: ƒ charCodeAt() { [native code] } 调用对象: {"comm":{"cv":4747474,"ct":24,"format":"json","inCharset":"utf-8","outCharset":"utf-8","notice":0,"platform":"yqq.json","needNewCode":1,"uin":0,"g_tk_new_20200303":5381,"g_tk":5381},"req_1":{"module":"music.musicsearch.HotkeyService","method":"GetHotkeyForQQMusicMobile","param":{"searchid":"31365759695277856","remoteplace":"txt.yqq.top","from":"yqqweb"}},"req_2":{"module":"music.paycenterapi.LoginStateVerificationApi","method":"GetChargeAccount","param":{"appid":"mlive"}},"req_3":{"module":"musicToplist.ToplistInfoServer","method":"GetAll","param":{}}} 参数1: 299
 [616] [fog_308] 调用结果: 57
 [617] [fog_309] 方法名: ƒ charCodeAt() { [native code] } 调用对象: {"comm":{"cv":4747474,"ct":24,"format":"json","inCharset":"utf-8","outCharset":"utf-8","notice":0,"platform":"yqq.json","needNewCode":1,"uin":0,"g_tk_new_20200303":5381,"g_tk":5381},"req_1":{"module":"music.musicsearch.HotkeyService","method":"GetHotkeyForQQMusicMobile","param":{"searchid":"31365759695277856","remoteplace":"txt.yqq.top","from":"yqqweb"}},"req_2":{"module":"music.paycenterapi.LoginStateVerificationApi","method":"GetChargeAccount","param":{"appid":"mlive"}},"req_3":{"module":"musicToplist.ToplistInfoServer","method":"GetAll","param":{}}} 参数1: 300
 [618] [fog_309] 调用结果: 54
 [619] [fog_310] 方法名: ƒ charCodeAt() { [native code] } 调用对象: {"comm":{"cv":4747474,"ct":24,"format":"json","inCharset":"utf-8","outCharset":"utf-8","notice":0,"platform":"yqq.json","needNewCode":1,"uin":0,"g_tk_new_20200303":5381,"g_tk":5381},"req_1":{"module":"music.musicsearch.HotkeyService","method":"GetHotkeyForQQMusicMobile","param":{"searchid":"31365759695277856","remoteplace":"txt.yqq.top","from":"yqqweb"}},"req_2":{"module":"music.paycenterapi.LoginStateVerificationApi","method":"GetChargeAccount","param":{"appid":"mlive"}},"req_3":{"module":"musicToplist.ToplistInfoServer","method":"GetAll","param":{}}} 参数1: 301
 [620] [fog_310] 调用结果: 57
 [621] [fog_311] 方法名: ƒ charCodeAt() { [native code] } 调用对象: {"comm":{"cv":4747474,"ct":24,"format":"json","inCharset":"utf-8","outCharset":"utf-8","notice":0,"platform":"yqq.json","needNewCode":1,"uin":0,"g_tk_new_20200303":5381,"g_tk":5381},"req_1":{"module":"music.musicsearch.HotkeyService","method":"GetHotkeyForQQMusicMobile","param":{"searchid":"31365759695277856","remoteplace":"txt.yqq.top","from":"yqqweb"}},"req_2":{"module":"music.paycenterapi.LoginStateVerificationApi","method":"GetChargeAccount","param":{"appid":"mlive"}},"req_3":{"module":"musicToplist.ToplistInfoServer","method":"GetAll","param":{}}} 参数1: 302
 [622] [fog_311] 调用结果: 53
 [623] [fog_312] 方法名: ƒ charCodeAt() { [native code] } 调用对象: {"comm":{"cv":4747474,"ct":24,"format":"json","inCharset":"utf-8","outCharset":"utf-8","notice":0,"platform":"yqq.json","needNewCode":1,"uin":0,"g_tk_new_20200303":5381,"g_tk":5381},"req_1":{"module":"music.musicsearch.HotkeyService","method":"GetHotkeyForQQMusicMobile","param":{"searchid":"31365759695277856","remoteplace":"txt.yqq.top","from":"yqqweb"}},"req_2":{"module":"music.paycenterapi.LoginStateVerificationApi","method":"GetChargeAccount","param":{"appid":"mlive"}},"req_3":{"module":"musicToplist.ToplistInfoServer","method":"GetAll","param":{}}} 参数1: 303
 [624] [fog_312] 调用结果: 50
 [625] [fog_313] 方法名:  调用对象: {"comm":{"cv":4747474,"ct":24,"format":"json","inCharset":"utf-8","outCharset":"utf-8","notice":0,"platform":"yqq.json","needNewCode":1,"uin":0,"g_tk_new_20200303":5381,"g_tk":5381},"req_1":{"module":"music.musicsearch.HotkeyService","method":"GetHotkeyForQQMusicMobile","param":{"searchid":"31365759695277856","remoteplace":"txt.yqq.top","from":"yqqweb"}},"req_2":{"module":"music.paycenterapi.LoginStateVerificationApi","method":"GetChargeAccount","param":{"appid":"mlive"}},"req_3":{"module":"musicToplist.ToplistInfoServer","method":"GetAll","param":{}}} 参数1: 304
 [626] [fog_313] 调用结果: 55
 [627] [fog_314] 方法名:  调用对象: {"comm":{"cv":4747474,"ct":24,"format":"json","inCharset":"utf-8","outCharset":"utf-8","notice":0,"platform":"yqq.json","needNewCode":1,"uin":0,"g_tk_new_20200303":5381,"g_tk":5381},"req_1":{"module":"music.musicsearch.HotkeyService","method":"GetHotkeyForQQMusicMobile","param":{"searchid":"31365759695277856","remoteplace":"txt.yqq.top","from":"yqqweb"}},"req_2":{"module":"music.paycenterapi.LoginStateVerificationApi","method":"GetChargeAccount","param":{"appid":"mlive"}},"req_3":{"module":"musicToplist.ToplistInfoServer","method":"GetAll","param":{}}} 参数1: 305
 [628] [fog_314] 调用结果: 55
 [629] [fog_315] 方法名:  调用对象: {"comm":{"cv":4747474,"ct":24,"format":"json","inCharset":"utf-8","outCharset":"utf-8","notice":0,"platform":"yqq.json","needNewCode":1,"uin":0,"g_tk_new_20200303":5381,"g_tk":5381},"req_1":{"module":"music.musicsearch.HotkeyService","method":"GetHotkeyForQQMusicMobile","param":{"searchid":"31365759695277856","remoteplace":"txt.yqq.top","from":"yqqweb"}},"req_2":{"module":"music.paycenterapi.LoginStateVerificationApi","method":"GetChargeAccount","param":{"appid":"mlive"}},"req_3":{"module":"musicToplist.ToplistInfoServer","method":"GetAll","param":{}}} 参数1: 306
 [630] [fog_315] 调用结果: 56
 [631] [fog_316] 方法名:  调用对象: {"comm":{"cv":4747474,"ct":24,"format":"json","inCharset":"utf-8","outCharset":"utf-8","notice":0,"platform":"yqq.json","needNewCode":1,"uin":0,"g_tk_new_20200303":5381,"g_tk":5381},"req_1":{"module":"music.musicsearch.HotkeyService","method":"GetHotkeyForQQMusicMobile","param":{"searchid":"31365759695277856","remoteplace":"txt.yqq.top","from":"yqqweb"}},"req_2":{"module":"music.paycenterapi.LoginStateVerificationApi","method":"GetChargeAccount","param":{"appid":"mlive"}},"req_3":{"module":"musicToplist.ToplistInfoServer","method":"GetAll","param":{}}} 参数1: 307
 [632] [fog_316] 调用结果: 53
 [633] [fog_317] 方法名:  调用对象: {"comm":{"cv":4747474,"ct":24,"format":"json","inCharset":"utf-8","outCharset":"utf-8","notice":0,"platform":"yqq.json","needNewCode":1,"uin":0,"g_tk_new_20200303":5381,"g_tk":5381},"req_1":{"module":"music.musicsearch.HotkeyService","method":"GetHotkeyForQQMusicMobile","param":{"searchid":"31365759695277856","remoteplace":"txt.yqq.top","from":"yqqweb"}},"req_2":{"module":"music.paycenterapi.LoginStateVerificationApi","method":"GetChargeAccount","param":{"appid":"mlive"}},"req_3":{"module":"musicToplist.ToplistInfoServer","method":"GetAll","param":{}}} 参数1: 308
 [634] [fog_317] 调用结果: 54
 [635] [fog_318] 方法名:  调用对象: {"comm":{"cv":4747474,"ct":24,"format":"json","inCharset":"utf-8","outCharset":"utf-8","notice":0,"platform":"yqq.json","needNewCode":1,"uin":0,"g_tk_new_20200303":5381,"g_tk":5381},"req_1":{"module":"music.musicsearch.HotkeyService","method":"GetHotkeyForQQMusicMobile","param":{"searchid":"31365759695277856","remoteplace":"txt.yqq.top","from":"yqqweb"}},"req_2":{"module":"music.paycenterapi.LoginStateVerificationApi","method":"GetChargeAccount","param":{"appid":"mlive"}},"req_3":{"module":"musicToplist.ToplistInfoServer","method":"GetAll","param":{}}} 参数1: 309
 [636] [fog_318] 调用结果: 34
 [637] [fog_319] 方法名:  调用对象: {"comm":{"cv":4747474,"ct":24,"format":"json","inCharset":"utf-8","outCharset":"utf-8","notice":0,"platform":"yqq.json","needNewCode":1,"uin":0,"g_tk_new_20200303":5381,"g_tk":5381},"req_1":{"module":"music.musicsearch.HotkeyService","method":"GetHotkeyForQQMusicMobile","param":{"searchid":"31365759695277856","remoteplace":"txt.yqq.top","from":"yqqweb"}},"req_2":{"module":"music.paycenterapi.LoginStateVerificationApi","method":"GetChargeAccount","param":{"appid":"mlive"}},"req_3":{"module":"musicToplist.ToplistInfoServer","method":"GetAll","param":{}}} 参数1: 310
 [638] [fog_319] 调用结果: 44
 [639] [fog_320] 方法名:  调用对象: {"comm":{"cv":4747474,"ct":24,"format":"json","inCharset":"utf-8","outCharset":"utf-8","notice":0,"platform":"yqq.json","needNewCode":1,"uin":0,"g_tk_new_20200303":5381,"g_tk":5381},"req_1":{"module":"music.musicsearch.HotkeyService","method":"GetHotkeyForQQMusicMobile","param":{"searchid":"31365759695277856","remoteplace":"txt.yqq.top","from":"yqqweb"}},"req_2":{"module":"music.paycenterapi.LoginStateVerificationApi","method":"GetChargeAccount","param":{"appid":"mlive"}},"req_3":{"module":"musicToplist.ToplistInfoServer","method":"GetAll","param":{}}} 参数1: 311
 [640] [fog_320] 调用结果: 34
 [641] [fog_321] 方法名:  调用对象: {"comm":{"cv":4747474,"ct":24,"format":"json","inCharset":"utf-8","outCharset":"utf-8","notice":0,"platform":"yqq.json","needNewCode":1,"uin":0,"g_tk_new_20200303":5381,"g_tk":5381},"req_1":{"module":"music.musicsearch.HotkeyService","method":"GetHotkeyForQQMusicMobile","param":{"searchid":"31365759695277856","remoteplace":"txt.yqq.top","from":"yqqweb"}},"req_2":{"module":"music.paycenterapi.LoginStateVerificationApi","method":"GetChargeAccount","param":{"appid":"mlive"}},"req_3":{"module":"musicToplist.ToplistInfoServer","method":"GetAll","param":{}}} 参数1: 312
 [642] [fog_321] 调用结果: 114
 [643] [fog_322] 方法名:  调用对象: {"comm":{"cv":4747474,"ct":24,"format":"json","inCharset":"utf-8","outCharset":"utf-8","notice":0,"platform":"yqq.json","needNewCode":1,"uin":0,"g_tk_new_20200303":5381,"g_tk":5381},"req_1":{"module":"music.musicsearch.HotkeyService","method":"GetHotkeyForQQMusicMobile","param":{"searchid":"31365759695277856","remoteplace":"txt.yqq.top","from":"yqqweb"}},"req_2":{"module":"music.paycenterapi.LoginStateVerificationApi","method":"GetChargeAccount","param":{"appid":"mlive"}},"req_3":{"module":"musicToplist.ToplistInfoServer","method":"GetAll","param":{}}} 参数1: 313
 [644] [fog_322] 调用结果: 101
 [645] [fog_323] 方法名:  调用对象: {"comm":{"cv":4747474,"ct":24,"format":"json","inCharset":"utf-8","outCharset":"utf-8","notice":0,"platform":"yqq.json","needNewCode":1,"uin":0,"g_tk_new_20200303":5381,"g_tk":5381},"req_1":{"module":"music.musicsearch.HotkeyService","method":"GetHotkeyForQQMusicMobile","param":{"searchid":"31365759695277856","remoteplace":"txt.yqq.top","from":"yqqweb"}},"req_2":{"module":"music.paycenterapi.LoginStateVerificationApi","method":"GetChargeAccount","param":{"appid":"mlive"}},"req_3":{"module":"musicToplist.ToplistInfoServer","method":"GetAll","param":{}}} 参数1: 314
 [646] [fog_323] 调用结果: 109
 [647] [fog_324] 方法名:  调用对象: {"comm":{"cv":4747474,"ct":24,"format":"json","inCharset":"utf-8","outCharset":"utf-8","notice":0,"platform":"yqq.json","needNewCode":1,"uin":0,"g_tk_new_20200303":5381,"g_tk":5381},"req_1":{"module":"music.musicsearch.HotkeyService","method":"GetHotkeyForQQMusicMobile","param":{"searchid":"31365759695277856","remoteplace":"txt.yqq.top","from":"yqqweb"}},"req_2":{"module":"music.paycenterapi.LoginStateVerificationApi","method":"GetChargeAccount","param":{"appid":"mlive"}},"req_3":{"module":"musicToplist.ToplistInfoServer","method":"GetAll","param":{}}} 参数1: 315
 [648] [fog_324] 调用结果: 111
 [649] [fog_325] 方法名:  调用对象: {"comm":{"cv":4747474,"ct":24,"format":"json","inCharset":"utf-8","outCharset":"utf-8","notice":0,"platform":"yqq.json","needNewCode":1,"uin":0,"g_tk_new_20200303":5381,"g_tk":5381},"req_1":{"module":"music.musicsearch.HotkeyService","method":"GetHotkeyForQQMusicMobile","param":{"searchid":"31365759695277856","remoteplace":"txt.yqq.top","from":"yqqweb"}},"req_2":{"module":"music.paycenterapi.LoginStateVerificationApi","method":"GetChargeAccount","param":{"appid":"mlive"}},"req_3":{"module":"musicToplist.ToplistInfoServer","method":"GetAll","param":{}}} 参数1: 316
 [650] [fog_325] 调用结果: 116
 [651] [fog_326] 方法名:  调用对象: {"comm":{"cv":4747474,"ct":24,"format":"json","inCharset":"utf-8","outCharset":"utf-8","notice":0,"platform":"yqq.json","needNewCode":1,"uin":0,"g_tk_new_20200303":5381,"g_tk":5381},"req_1":{"module":"music.musicsearch.HotkeyService","method":"GetHotkeyForQQMusicMobile","param":{"searchid":"31365759695277856","remoteplace":"txt.yqq.top","from":"yqqweb"}},"req_2":{"module":"music.paycenterapi.LoginStateVerificationApi","method":"GetChargeAccount","param":{"appid":"mlive"}},"req_3":{"module":"musicToplist.ToplistInfoServer","method":"GetAll","param":{}}} 参数1: 317
 [652] [fog_326] 调用结果: 101
 [653] [fog_327] 方法名:  调用对象: {"comm":{"cv":4747474,"ct":24,"format":"json","inCharset":"utf-8","outCharset":"utf-8","notice":0,"platform":"yqq.json","needNewCode":1,"uin":0,"g_tk_new_20200303":5381,"g_tk":5381},"req_1":{"module":"music.musicsearch.HotkeyService","method":"GetHotkeyForQQMusicMobile","param":{"searchid":"31365759695277856","remoteplace":"txt.yqq.top","from":"yqqweb"}},"req_2":{"module":"music.paycenterapi.LoginStateVerificationApi","method":"GetChargeAccount","param":{"appid":"mlive"}},"req_3":{"module":"musicToplist.ToplistInfoServer","method":"GetAll","param":{}}} 参数1: 318
 [654] [fog_327] 调用结果: 112
 [655] [fog_328] 方法名:  调用对象: {"comm":{"cv":4747474,"ct":24,"format":"json","inCharset":"utf-8","outCharset":"utf-8","notice":0,"platform":"yqq.json","needNewCode":1,"uin":0,"g_tk_new_20200303":5381,"g_tk":5381},"req_1":{"module":"music.musicsearch.HotkeyService","method":"GetHotkeyForQQMusicMobile","param":{"searchid":"31365759695277856","remoteplace":"txt.yqq.top","from":"yqqweb"}},"req_2":{"module":"music.paycenterapi.LoginStateVerificationApi","method":"GetChargeAccount","param":{"appid":"mlive"}},"req_3":{"module":"musicToplist.ToplistInfoServer","method":"GetAll","param":{}}} 参数1: 319
 [656] [fog_328] 调用结果: 108
 [657] [fog_329] 方法名:  调用对象: c {blocks: Array(80), h0: -1492694956, h1: 1292070063, h2: -1807691819, h3: 36564741, …} 参数无
 [658] [fog_329] 调用结果: undefined
 [659] [fog_330] 方法名:  调用对象: {"comm":{"cv":4747474,"ct":24,"format":"json","inCharset":"utf-8","outCharset":"utf-8","notice":0,"platform":"yqq.json","needNewCode":1,"uin":0,"g_tk_new_20200303":5381,"g_tk":5381},"req_1":{"module":"music.musicsearch.HotkeyService","method":"GetHotkeyForQQMusicMobile","param":{"searchid":"31365759695277856","remoteplace":"txt.yqq.top","from":"yqqweb"}},"req_2":{"module":"music.paycenterapi.LoginStateVerificationApi","method":"GetChargeAccount","param":{"appid":"mlive"}},"req_3":{"module":"musicToplist.ToplistInfoServer","method":"GetAll","param":{}}} 参数1: 320
 [660] [fog_330] 调用结果: 97
 [661] [fog_331] 方法名:  调用对象: {"comm":{"cv":4747474,"ct":24,"format":"json","inCharset":"utf-8","outCharset":"utf-8","notice":0,"platform":"yqq.json","needNewCode":1,"uin":0,"g_tk_new_20200303":5381,"g_tk":5381},"req_1":{"module":"music.musicsearch.HotkeyService","method":"GetHotkeyForQQMusicMobile","param":{"searchid":"31365759695277856","remoteplace":"txt.yqq.top","from":"yqqweb"}},"req_2":{"module":"music.paycenterapi.LoginStateVerificationApi","method":"GetChargeAccount","param":{"appid":"mlive"}},"req_3":{"module":"musicToplist.ToplistInfoServer","method":"GetAll","param":{}}} 参数1: 321
 [662] [fog_331] 调用结果: 99
 [663] [fog_332] 方法名:  调用对象: {"comm":{"cv":4747474,"ct":24,"format":"json","inCharset":"utf-8","outCharset":"utf-8","notice":0,"platform":"yqq.json","needNewCode":1,"uin":0,"g_tk_new_20200303":5381,"g_tk":5381},"req_1":{"module":"music.musicsearch.HotkeyService","method":"GetHotkeyForQQMusicMobile","param":{"searchid":"31365759695277856","remoteplace":"txt.yqq.top","from":"yqqweb"}},"req_2":{"module":"music.paycenterapi.LoginStateVerificationApi","method":"GetChargeAccount","param":{"appid":"mlive"}},"req_3":{"module":"musicToplist.ToplistInfoServer","method":"GetAll","param":{}}} 参数1: 322
 [664] [fog_332] 调用结果: 101
 [665] [fog_333] 方法名: ƒ charCodeAt() { [native code] } 调用对象: {"comm":{"cv":4747474,"ct":24,"format":"json","inCharset":"utf-8","outCharset":"utf-8","notice":0,"platform":"yqq.json","needNewCode":1,"uin":0,"g_tk_new_20200303":5381,"g_tk":5381},"req_1":{"module":"music.musicsearch.HotkeyService","method":"GetHotkeyForQQMusicMobile","param":{"searchid":"31365759695277856","remoteplace":"txt.yqq.top","from":"yqqweb"}},"req_2":{"module":"music.paycenterapi.LoginStateVerificationApi","method":"GetChargeAccount","param":{"appid":"mlive"}},"req_3":{"module":"musicToplist.ToplistInfoServer","method":"GetAll","param":{}}} 参数1: 323
 [666] [fog_333] 调用结果: 34
 [667] [fog_334] 方法名: ƒ charCodeAt() { [native code] } 调用对象: {"comm":{"cv":4747474,"ct":24,"format":"json","inCharset":"utf-8","outCharset":"utf-8","notice":0,"platform":"yqq.json","needNewCode":1,"uin":0,"g_tk_new_20200303":5381,"g_tk":5381},"req_1":{"module":"music.musicsearch.HotkeyService","method":"GetHotkeyForQQMusicMobile","param":{"searchid":"31365759695277856","remoteplace":"txt.yqq.top","from":"yqqweb"}},"req_2":{"module":"music.paycenterapi.LoginStateVerificationApi","method":"GetChargeAccount","param":{"appid":"mlive"}},"req_3":{"module":"musicToplist.ToplistInfoServer","method":"GetAll","param":{}}} 参数1: 324
 [668] [fog_334] 调用结果: 58
 [669] [fog_335] 方法名: ƒ charCodeAt() { [native code] } 调用对象: {"comm":{"cv":4747474,"ct":24,"format":"json","inCharset":"utf-8","outCharset":"utf-8","notice":0,"platform":"yqq.json","needNewCode":1,"uin":0,"g_tk_new_20200303":5381,"g_tk":5381},"req_1":{"module":"music.musicsearch.HotkeyService","method":"GetHotkeyForQQMusicMobile","param":{"searchid":"31365759695277856","remoteplace":"txt.yqq.top","from":"yqqweb"}},"req_2":{"module":"music.paycenterapi.LoginStateVerificationApi","method":"GetChargeAccount","param":{"appid":"mlive"}},"req_3":{"module":"musicToplist.ToplistInfoServer","method":"GetAll","param":{}}} 参数1: 325
 [670] [fog_335] 调用结果: 34
 [671] [fog_336] 方法名: ƒ charCodeAt() { [native code] } 调用对象: {"comm":{"cv":4747474,"ct":24,"format":"json","inCharset":"utf-8","outCharset":"utf-8","notice":0,"platform":"yqq.json","needNewCode":1,"uin":0,"g_tk_new_20200303":5381,"g_tk":5381},"req_1":{"module":"music.musicsearch.HotkeyService","method":"GetHotkeyForQQMusicMobile","param":{"searchid":"31365759695277856","remoteplace":"txt.yqq.top","from":"yqqweb"}},"req_2":{"module":"music.paycenterapi.LoginStateVerificationApi","method":"GetChargeAccount","param":{"appid":"mlive"}},"req_3":{"module":"musicToplist.ToplistInfoServer","method":"GetAll","param":{}}} 参数1: 326
 [672] [fog_336] 调用结果: 116
 [673] [fog_337] 方法名: ƒ charCodeAt() { [native code] } 调用对象: {"comm":{"cv":4747474,"ct":24,"format":"json","inCharset":"utf-8","outCharset":"utf-8","notice":0,"platform":"yqq.json","needNewCode":1,"uin":0,"g_tk_new_20200303":5381,"g_tk":5381},"req_1":{"module":"music.musicsearch.HotkeyService","method":"GetHotkeyForQQMusicMobile","param":{"searchid":"31365759695277856","remoteplace":"txt.yqq.top","from":"yqqweb"}},"req_2":{"module":"music.paycenterapi.LoginStateVerificationApi","method":"GetChargeAccount","param":{"appid":"mlive"}},"req_3":{"module":"musicToplist.ToplistInfoServer","method":"GetAll","param":{}}} 参数1: 327
 [674] [fog_337] 调用结果: 120
 [675] [fog_338] 方法名: ƒ charCodeAt() { [native code] } 调用对象: {"comm":{"cv":4747474,"ct":24,"format":"json","inCharset":"utf-8","outCharset":"utf-8","notice":0,"platform":"yqq.json","needNewCode":1,"uin":0,"g_tk_new_20200303":5381,"g_tk":5381},"req_1":{"module":"music.musicsearch.HotkeyService","method":"GetHotkeyForQQMusicMobile","param":{"searchid":"31365759695277856","remoteplace":"txt.yqq.top","from":"yqqweb"}},"req_2":{"module":"music.paycenterapi.LoginStateVerificationApi","method":"GetChargeAccount","param":{"appid":"mlive"}},"req_3":{"module":"musicToplist.ToplistInfoServer","method":"GetAll","param":{}}} 参数1: 328
 [676] [fog_338] 调用结果: 116
 [677] [fog_339] 方法名: ƒ charCodeAt() { [native code] } 调用对象: {"comm":{"cv":4747474,"ct":24,"format":"json","inCharset":"utf-8","outCharset":"utf-8","notice":0,"platform":"yqq.json","needNewCode":1,"uin":0,"g_tk_new_20200303":5381,"g_tk":5381},"req_1":{"module":"music.musicsearch.HotkeyService","method":"GetHotkeyForQQMusicMobile","param":{"searchid":"31365759695277856","remoteplace":"txt.yqq.top","from":"yqqweb"}},"req_2":{"module":"music.paycenterapi.LoginStateVerificationApi","method":"GetChargeAccount","param":{"appid":"mlive"}},"req_3":{"module":"musicToplist.ToplistInfoServer","method":"GetAll","param":{}}} 参数1: 329
 [678] [fog_339] 调用结果: 46
 [679] [fog_340] 方法名: ƒ charCodeAt() { [native code] } 调用对象: {"comm":{"cv":4747474,"ct":24,"format":"json","inCharset":"utf-8","outCharset":"utf-8","notice":0,"platform":"yqq.json","needNewCode":1,"uin":0,"g_tk_new_20200303":5381,"g_tk":5381},"req_1":{"module":"music.musicsearch.HotkeyService","method":"GetHotkeyForQQMusicMobile","param":{"searchid":"31365759695277856","remoteplace":"txt.yqq.top","from":"yqqweb"}},"req_2":{"module":"music.paycenterapi.LoginStateVerificationApi","method":"GetChargeAccount","param":{"appid":"mlive"}},"req_3":{"module":"musicToplist.ToplistInfoServer","method":"GetAll","param":{}}} 参数1: 330
 [680] [fog_340] 调用结果: 121
 [681] [fog_341] 方法名: ƒ charCodeAt() { [native code] } 调用对象: {"comm":{"cv":4747474,"ct":24,"format":"json","inCharset":"utf-8","outCharset":"utf-8","notice":0,"platform":"yqq.json","needNewCode":1,"uin":0,"g_tk_new_20200303":5381,"g_tk":5381},"req_1":{"module":"music.musicsearch.HotkeyService","method":"GetHotkeyForQQMusicMobile","param":{"searchid":"31365759695277856","remoteplace":"txt.yqq.top","from":"yqqweb"}},"req_2":{"module":"music.paycenterapi.LoginStateVerificationApi","method":"GetChargeAccount","param":{"appid":"mlive"}},"req_3":{"module":"musicToplist.ToplistInfoServer","method":"GetAll","param":{}}} 参数1: 331
 [682] [fog_341] 调用结果: 113
 [683] [fog_342] 方法名: ƒ charCodeAt() { [native code] } 调用对象: {"comm":{"cv":4747474,"ct":24,"format":"json","inCharset":"utf-8","outCharset":"utf-8","notice":0,"platform":"yqq.json","needNewCode":1,"uin":0,"g_tk_new_20200303":5381,"g_tk":5381},"req_1":{"module":"music.musicsearch.HotkeyService","method":"GetHotkeyForQQMusicMobile","param":{"searchid":"31365759695277856","remoteplace":"txt.yqq.top","from":"yqqweb"}},"req_2":{"module":"music.paycenterapi.LoginStateVerificationApi","method":"GetChargeAccount","param":{"appid":"mlive"}},"req_3":{"module":"musicToplist.ToplistInfoServer","method":"GetAll","param":{}}} 参数1: 332
 [684] [fog_342] 调用结果: 113
 [685] [fog_343] 方法名: ƒ charCodeAt() { [native code] } 调用对象: {"comm":{"cv":4747474,"ct":24,"format":"json","inCharset":"utf-8","outCharset":"utf-8","notice":0,"platform":"yqq.json","needNewCode":1,"uin":0,"g_tk_new_20200303":5381,"g_tk":5381},"req_1":{"module":"music.musicsearch.HotkeyService","method":"GetHotkeyForQQMusicMobile","param":{"searchid":"31365759695277856","remoteplace":"txt.yqq.top","from":"yqqweb"}},"req_2":{"module":"music.paycenterapi.LoginStateVerificationApi","method":"GetChargeAccount","param":{"appid":"mlive"}},"req_3":{"module":"musicToplist.ToplistInfoServer","method":"GetAll","param":{}}} 参数1: 333
 [686] [fog_343] 调用结果: 46
 [687] [fog_344] 方法名:  调用对象: {"comm":{"cv":4747474,"ct":24,"format":"json","inCharset":"utf-8","outCharset":"utf-8","notice":0,"platform":"yqq.json","needNewCode":1,"uin":0,"g_tk_new_20200303":5381,"g_tk":5381},"req_1":{"module":"music.musicsearch.HotkeyService","method":"GetHotkeyForQQMusicMobile","param":{"searchid":"31365759695277856","remoteplace":"txt.yqq.top","from":"yqqweb"}},"req_2":{"module":"music.paycenterapi.LoginStateVerificationApi","method":"GetChargeAccount","param":{"appid":"mlive"}},"req_3":{"module":"musicToplist.ToplistInfoServer","method":"GetAll","param":{}}} 参数1: 334
 [688] [fog_344] 调用结果: 116
 [689] [fog_345] 方法名:  调用对象: {"comm":{"cv":4747474,"ct":24,"format":"json","inCharset":"utf-8","outCharset":"utf-8","notice":0,"platform":"yqq.json","needNewCode":1,"uin":0,"g_tk_new_20200303":5381,"g_tk":5381},"req_1":{"module":"music.musicsearch.HotkeyService","method":"GetHotkeyForQQMusicMobile","param":{"searchid":"31365759695277856","remoteplace":"txt.yqq.top","from":"yqqweb"}},"req_2":{"module":"music.paycenterapi.LoginStateVerificationApi","method":"GetChargeAccount","param":{"appid":"mlive"}},"req_3":{"module":"musicToplist.ToplistInfoServer","method":"GetAll","param":{}}} 参数1: 335
 [690] [fog_345] 调用结果: 111
 [691] [fog_346] 方法名:  调用对象: {"comm":{"cv":4747474,"ct":24,"format":"json","inCharset":"utf-8","outCharset":"utf-8","notice":0,"platform":"yqq.json","needNewCode":1,"uin":0,"g_tk_new_20200303":5381,"g_tk":5381},"req_1":{"module":"music.musicsearch.HotkeyService","method":"GetHotkeyForQQMusicMobile","param":{"searchid":"31365759695277856","remoteplace":"txt.yqq.top","from":"yqqweb"}},"req_2":{"module":"music.paycenterapi.LoginStateVerificationApi","method":"GetChargeAccount","param":{"appid":"mlive"}},"req_3":{"module":"musicToplist.ToplistInfoServer","method":"GetAll","param":{}}} 参数1: 336
 [692] [fog_346] 调用结果: 112
 [693] [fog_347] 方法名:  调用对象: {"comm":{"cv":4747474,"ct":24,"format":"json","inCharset":"utf-8","outCharset":"utf-8","notice":0,"platform":"yqq.json","needNewCode":1,"uin":0,"g_tk_new_20200303":5381,"g_tk":5381},"req_1":{"module":"music.musicsearch.HotkeyService","method":"GetHotkeyForQQMusicMobile","param":{"searchid":"31365759695277856","remoteplace":"txt.yqq.top","from":"yqqweb"}},"req_2":{"module":"music.paycenterapi.LoginStateVerificationApi","method":"GetChargeAccount","param":{"appid":"mlive"}},"req_3":{"module":"musicToplist.ToplistInfoServer","method":"GetAll","param":{}}} 参数1: 337
 [694] [fog_347] 调用结果: 34
 [695] [fog_348] 方法名:  调用对象: {"comm":{"cv":4747474,"ct":24,"format":"json","inCharset":"utf-8","outCharset":"utf-8","notice":0,"platform":"yqq.json","needNewCode":1,"uin":0,"g_tk_new_20200303":5381,"g_tk":5381},"req_1":{"module":"music.musicsearch.HotkeyService","method":"GetHotkeyForQQMusicMobile","param":{"searchid":"31365759695277856","remoteplace":"txt.yqq.top","from":"yqqweb"}},"req_2":{"module":"music.paycenterapi.LoginStateVerificationApi","method":"GetChargeAccount","param":{"appid":"mlive"}},"req_3":{"module":"musicToplist.ToplistInfoServer","method":"GetAll","param":{}}} 参数1: 338
 [696] [fog_348] 调用结果: 44
 [697] [fog_349] 方法名:  调用对象: {"comm":{"cv":4747474,"ct":24,"format":"json","inCharset":"utf-8","outCharset":"utf-8","notice":0,"platform":"yqq.json","needNewCode":1,"uin":0,"g_tk_new_20200303":5381,"g_tk":5381},"req_1":{"module":"music.musicsearch.HotkeyService","method":"GetHotkeyForQQMusicMobile","param":{"searchid":"31365759695277856","remoteplace":"txt.yqq.top","from":"yqqweb"}},"req_2":{"module":"music.paycenterapi.LoginStateVerificationApi","method":"GetChargeAccount","param":{"appid":"mlive"}},"req_3":{"module":"musicToplist.ToplistInfoServer","method":"GetAll","param":{}}} 参数1: 339
 [698] [fog_349] 调用结果: 34
 [699] [fog_350] 方法名:  调用对象: {"comm":{"cv":4747474,"ct":24,"format":"json","inCharset":"utf-8","outCharset":"utf-8","notice":0,"platform":"yqq.json","needNewCode":1,"uin":0,"g_tk_new_20200303":5381,"g_tk":5381},"req_1":{"module":"music.musicsearch.HotkeyService","method":"GetHotkeyForQQMusicMobile","param":{"searchid":"31365759695277856","remoteplace":"txt.yqq.top","from":"yqqweb"}},"req_2":{"module":"music.paycenterapi.LoginStateVerificationApi","method":"GetChargeAccount","param":{"appid":"mlive"}},"req_3":{"module":"musicToplist.ToplistInfoServer","method":"GetAll","param":{}}} 参数1: 340
 [700] [fog_350] 调用结果: 102
 [701] [fog_351] 方法名:  调用对象: {"comm":{"cv":4747474,"ct":24,"format":"json","inCharset":"utf-8","outCharset":"utf-8","notice":0,"platform":"yqq.json","needNewCode":1,"uin":0,"g_tk_new_20200303":5381,"g_tk":5381},"req_1":{"module":"music.musicsearch.HotkeyService","method":"GetHotkeyForQQMusicMobile","param":{"searchid":"31365759695277856","remoteplace":"txt.yqq.top","from":"yqqweb"}},"req_2":{"module":"music.paycenterapi.LoginStateVerificationApi","method":"GetChargeAccount","param":{"appid":"mlive"}},"req_3":{"module":"musicToplist.ToplistInfoServer","method":"GetAll","param":{}}} 参数1: 341
 [702] [fog_351] 调用结果: 114
 [703] [fog_352] 方法名:  调用对象: {"comm":{"cv":4747474,"ct":24,"format":"json","inCharset":"utf-8","outCharset":"utf-8","notice":0,"platform":"yqq.json","needNewCode":1,"uin":0,"g_tk_new_20200303":5381,"g_tk":5381},"req_1":{"module":"music.musicsearch.HotkeyService","method":"GetHotkeyForQQMusicMobile","param":{"searchid":"31365759695277856","remoteplace":"txt.yqq.top","from":"yqqweb"}},"req_2":{"module":"music.paycenterapi.LoginStateVerificationApi","method":"GetChargeAccount","param":{"appid":"mlive"}},"req_3":{"module":"musicToplist.ToplistInfoServer","method":"GetAll","param":{}}} 参数1: 342
 [704] [fog_352] 调用结果: 111
 [705] [fog_353] 方法名:  调用对象: {"comm":{"cv":4747474,"ct":24,"format":"json","inCharset":"utf-8","outCharset":"utf-8","notice":0,"platform":"yqq.json","needNewCode":1,"uin":0,"g_tk_new_20200303":5381,"g_tk":5381},"req_1":{"module":"music.musicsearch.HotkeyService","method":"GetHotkeyForQQMusicMobile","param":{"searchid":"31365759695277856","remoteplace":"txt.yqq.top","from":"yqqweb"}},"req_2":{"module":"music.paycenterapi.LoginStateVerificationApi","method":"GetChargeAccount","param":{"appid":"mlive"}},"req_3":{"module":"musicToplist.ToplistInfoServer","method":"GetAll","param":{}}} 参数1: 343
 [706] [fog_353] 调用结果: 109
 [707] [fog_354] 方法名:  调用对象: {"comm":{"cv":4747474,"ct":24,"format":"json","inCharset":"utf-8","outCharset":"utf-8","notice":0,"platform":"yqq.json","needNewCode":1,"uin":0,"g_tk_new_20200303":5381,"g_tk":5381},"req_1":{"module":"music.musicsearch.HotkeyService","method":"GetHotkeyForQQMusicMobile","param":{"searchid":"31365759695277856","remoteplace":"txt.yqq.top","from":"yqqweb"}},"req_2":{"module":"music.paycenterapi.LoginStateVerificationApi","method":"GetChargeAccount","param":{"appid":"mlive"}},"req_3":{"module":"musicToplist.ToplistInfoServer","method":"GetAll","param":{}}} 参数1: 344
 [708] [fog_354] 调用结果: 34
 [709] [fog_355] 方法名:  调用对象: {"comm":{"cv":4747474,"ct":24,"format":"json","inCharset":"utf-8","outCharset":"utf-8","notice":0,"platform":"yqq.json","needNewCode":1,"uin":0,"g_tk_new_20200303":5381,"g_tk":5381},"req_1":{"module":"music.musicsearch.HotkeyService","method":"GetHotkeyForQQMusicMobile","param":{"searchid":"31365759695277856","remoteplace":"txt.yqq.top","from":"yqqweb"}},"req_2":{"module":"music.paycenterapi.LoginStateVerificationApi","method":"GetChargeAccount","param":{"appid":"mlive"}},"req_3":{"module":"musicToplist.ToplistInfoServer","method":"GetAll","param":{}}} 参数1: 345
 [710] [fog_355] 调用结果: 58
 [711] [fog_356] 方法名:  调用对象: {"comm":{"cv":4747474,"ct":24,"format":"json","inCharset":"utf-8","outCharset":"utf-8","notice":0,"platform":"yqq.json","needNewCode":1,"uin":0,"g_tk_new_20200303":5381,"g_tk":5381},"req_1":{"module":"music.musicsearch.HotkeyService","method":"GetHotkeyForQQMusicMobile","param":{"searchid":"31365759695277856","remoteplace":"txt.yqq.top","from":"yqqweb"}},"req_2":{"module":"music.paycenterapi.LoginStateVerificationApi","method":"GetChargeAccount","param":{"appid":"mlive"}},"req_3":{"module":"musicToplist.ToplistInfoServer","method":"GetAll","param":{}}} 参数1: 346
 [712] [fog_356] 调用结果: 34
 [713] [fog_357] 方法名: ƒ charCodeAt() { [native code] } 调用对象: {"comm":{"cv":4747474,"ct":24,"format":"json","inCharset":"utf-8","outCharset":"utf-8","notice":0,"platform":"yqq.json","needNewCode":1,"uin":0,"g_tk_new_20200303":5381,"g_tk":5381},"req_1":{"module":"music.musicsearch.HotkeyService","method":"GetHotkeyForQQMusicMobile","param":{"searchid":"31365759695277856","remoteplace":"txt.yqq.top","from":"yqqweb"}},"req_2":{"module":"music.paycenterapi.LoginStateVerificationApi","method":"GetChargeAccount","param":{"appid":"mlive"}},"req_3":{"module":"musicToplist.ToplistInfoServer","method":"GetAll","param":{}}} 参数1: 347
 [714] [fog_357] 调用结果: 121
 [715] [fog_358] 方法名: ƒ charCodeAt() { [native code] } 调用对象: {"comm":{"cv":4747474,"ct":24,"format":"json","inCharset":"utf-8","outCharset":"utf-8","notice":0,"platform":"yqq.json","needNewCode":1,"uin":0,"g_tk_new_20200303":5381,"g_tk":5381},"req_1":{"module":"music.musicsearch.HotkeyService","method":"GetHotkeyForQQMusicMobile","param":{"searchid":"31365759695277856","remoteplace":"txt.yqq.top","from":"yqqweb"}},"req_2":{"module":"music.paycenterapi.LoginStateVerificationApi","method":"GetChargeAccount","param":{"appid":"mlive"}},"req_3":{"module":"musicToplist.ToplistInfoServer","method":"GetAll","param":{}}} 参数1: 348
 [716] [fog_358] 调用结果: 113
 [717] [fog_359] 方法名: ƒ charCodeAt() { [native code] } 调用对象: {"comm":{"cv":4747474,"ct":24,"format":"json","inCharset":"utf-8","outCharset":"utf-8","notice":0,"platform":"yqq.json","needNewCode":1,"uin":0,"g_tk_new_20200303":5381,"g_tk":5381},"req_1":{"module":"music.musicsearch.HotkeyService","method":"GetHotkeyForQQMusicMobile","param":{"searchid":"31365759695277856","remoteplace":"txt.yqq.top","from":"yqqweb"}},"req_2":{"module":"music.paycenterapi.LoginStateVerificationApi","method":"GetChargeAccount","param":{"appid":"mlive"}},"req_3":{"module":"musicToplist.ToplistInfoServer","method":"GetAll","param":{}}} 参数1: 349
 [718] [fog_359] 调用结果: 113
 [719] [fog_360] 方法名: ƒ charCodeAt() { [native code] } 调用对象: {"comm":{"cv":4747474,"ct":24,"format":"json","inCharset":"utf-8","outCharset":"utf-8","notice":0,"platform":"yqq.json","needNewCode":1,"uin":0,"g_tk_new_20200303":5381,"g_tk":5381},"req_1":{"module":"music.musicsearch.HotkeyService","method":"GetHotkeyForQQMusicMobile","param":{"searchid":"31365759695277856","remoteplace":"txt.yqq.top","from":"yqqweb"}},"req_2":{"module":"music.paycenterapi.LoginStateVerificationApi","method":"GetChargeAccount","param":{"appid":"mlive"}},"req_3":{"module":"musicToplist.ToplistInfoServer","method":"GetAll","param":{}}} 参数1: 350
 [720] [fog_360] 调用结果: 119
 [721] [fog_361] 方法名: ƒ charCodeAt() { [native code] } 调用对象: {"comm":{"cv":4747474,"ct":24,"format":"json","inCharset":"utf-8","outCharset":"utf-8","notice":0,"platform":"yqq.json","needNewCode":1,"uin":0,"g_tk_new_20200303":5381,"g_tk":5381},"req_1":{"module":"music.musicsearch.HotkeyService","method":"GetHotkeyForQQMusicMobile","param":{"searchid":"31365759695277856","remoteplace":"txt.yqq.top","from":"yqqweb"}},"req_2":{"module":"music.paycenterapi.LoginStateVerificationApi","method":"GetChargeAccount","param":{"appid":"mlive"}},"req_3":{"module":"musicToplist.ToplistInfoServer","method":"GetAll","param":{}}} 参数1: 351
 [722] [fog_361] 调用结果: 101
 [723] [fog_362] 方法名: ƒ charCodeAt() { [native code] } 调用对象: {"comm":{"cv":4747474,"ct":24,"format":"json","inCharset":"utf-8","outCharset":"utf-8","notice":0,"platform":"yqq.json","needNewCode":1,"uin":0,"g_tk_new_20200303":5381,"g_tk":5381},"req_1":{"module":"music.musicsearch.HotkeyService","method":"GetHotkeyForQQMusicMobile","param":{"searchid":"31365759695277856","remoteplace":"txt.yqq.top","from":"yqqweb"}},"req_2":{"module":"music.paycenterapi.LoginStateVerificationApi","method":"GetChargeAccount","param":{"appid":"mlive"}},"req_3":{"module":"musicToplist.ToplistInfoServer","method":"GetAll","param":{}}} 参数1: 352
 [724] [fog_362] 调用结果: 98
 [725] [fog_363] 方法名: ƒ charCodeAt() { [native code] } 调用对象: {"comm":{"cv":4747474,"ct":24,"format":"json","inCharset":"utf-8","outCharset":"utf-8","notice":0,"platform":"yqq.json","needNewCode":1,"uin":0,"g_tk_new_20200303":5381,"g_tk":5381},"req_1":{"module":"music.musicsearch.HotkeyService","method":"GetHotkeyForQQMusicMobile","param":{"searchid":"31365759695277856","remoteplace":"txt.yqq.top","from":"yqqweb"}},"req_2":{"module":"music.paycenterapi.LoginStateVerificationApi","method":"GetChargeAccount","param":{"appid":"mlive"}},"req_3":{"module":"musicToplist.ToplistInfoServer","method":"GetAll","param":{}}} 参数1: 353
 [726] [fog_363] 调用结果: 34
 [727] [fog_364] 方法名: ƒ charCodeAt() { [native code] } 调用对象: {"comm":{"cv":4747474,"ct":24,"format":"json","inCharset":"utf-8","outCharset":"utf-8","notice":0,"platform":"yqq.json","needNewCode":1,"uin":0,"g_tk_new_20200303":5381,"g_tk":5381},"req_1":{"module":"music.musicsearch.HotkeyService","method":"GetHotkeyForQQMusicMobile","param":{"searchid":"31365759695277856","remoteplace":"txt.yqq.top","from":"yqqweb"}},"req_2":{"module":"music.paycenterapi.LoginStateVerificationApi","method":"GetChargeAccount","param":{"appid":"mlive"}},"req_3":{"module":"musicToplist.ToplistInfoServer","method":"GetAll","param":{}}} 参数1: 354
 [728] [fog_364] 调用结果: 125
 [729] [fog_365] 方法名: ƒ charCodeAt() { [native code] } 调用对象: {"comm":{"cv":4747474,"ct":24,"format":"json","inCharset":"utf-8","outCharset":"utf-8","notice":0,"platform":"yqq.json","needNewCode":1,"uin":0,"g_tk_new_20200303":5381,"g_tk":5381},"req_1":{"module":"music.musicsearch.HotkeyService","method":"GetHotkeyForQQMusicMobile","param":{"searchid":"31365759695277856","remoteplace":"txt.yqq.top","from":"yqqweb"}},"req_2":{"module":"music.paycenterapi.LoginStateVerificationApi","method":"GetChargeAccount","param":{"appid":"mlive"}},"req_3":{"module":"musicToplist.ToplistInfoServer","method":"GetAll","param":{}}} 参数1: 355
 [730] [fog_365] 调用结果: 125
 [731] [fog_366] 方法名: ƒ charCodeAt() { [native code] } 调用对象: {"comm":{"cv":4747474,"ct":24,"format":"json","inCharset":"utf-8","outCharset":"utf-8","notice":0,"platform":"yqq.json","needNewCode":1,"uin":0,"g_tk_new_20200303":5381,"g_tk":5381},"req_1":{"module":"music.musicsearch.HotkeyService","method":"GetHotkeyForQQMusicMobile","param":{"searchid":"31365759695277856","remoteplace":"txt.yqq.top","from":"yqqweb"}},"req_2":{"module":"music.paycenterapi.LoginStateVerificationApi","method":"GetChargeAccount","param":{"appid":"mlive"}},"req_3":{"module":"musicToplist.ToplistInfoServer","method":"GetAll","param":{}}} 参数1: 356
 [732] [fog_366] 调用结果: 44
 [733] [fog_367] 方法名: ƒ charCodeAt() { [native code] } 调用对象: {"comm":{"cv":4747474,"ct":24,"format":"json","inCharset":"utf-8","outCharset":"utf-8","notice":0,"platform":"yqq.json","needNewCode":1,"uin":0,"g_tk_new_20200303":5381,"g_tk":5381},"req_1":{"module":"music.musicsearch.HotkeyService","method":"GetHotkeyForQQMusicMobile","param":{"searchid":"31365759695277856","remoteplace":"txt.yqq.top","from":"yqqweb"}},"req_2":{"module":"music.paycenterapi.LoginStateVerificationApi","method":"GetChargeAccount","param":{"appid":"mlive"}},"req_3":{"module":"musicToplist.ToplistInfoServer","method":"GetAll","param":{}}} 参数1: 357
 [734] [fog_367] 调用结果: 34
 [735] [fog_368] 方法名: ƒ charCodeAt() { [native code] } 调用对象: {"comm":{"cv":4747474,"ct":24,"format":"json","inCharset":"utf-8","outCharset":"utf-8","notice":0,"platform":"yqq.json","needNewCode":1,"uin":0,"g_tk_new_20200303":5381,"g_tk":5381},"req_1":{"module":"music.musicsearch.HotkeyService","method":"GetHotkeyForQQMusicMobile","param":{"searchid":"31365759695277856","remoteplace":"txt.yqq.top","from":"yqqweb"}},"req_2":{"module":"music.paycenterapi.LoginStateVerificationApi","method":"GetChargeAccount","param":{"appid":"mlive"}},"req_3":{"module":"musicToplist.ToplistInfoServer","method":"GetAll","param":{}}} 参数1: 358
 [736] [fog_368] 调用结果: 114
 [737] [fog_369] 方法名:  调用对象: {"comm":{"cv":4747474,"ct":24,"format":"json","inCharset":"utf-8","outCharset":"utf-8","notice":0,"platform":"yqq.json","needNewCode":1,"uin":0,"g_tk_new_20200303":5381,"g_tk":5381},"req_1":{"module":"music.musicsearch.HotkeyService","method":"GetHotkeyForQQMusicMobile","param":{"searchid":"31365759695277856","remoteplace":"txt.yqq.top","from":"yqqweb"}},"req_2":{"module":"music.paycenterapi.LoginStateVerificationApi","method":"GetChargeAccount","param":{"appid":"mlive"}},"req_3":{"module":"musicToplist.ToplistInfoServer","method":"GetAll","param":{}}} 参数1: 359
 [738] [fog_369] 调用结果: 101
 [739] [fog_370] 方法名:  调用对象: {"comm":{"cv":4747474,"ct":24,"format":"json","inCharset":"utf-8","outCharset":"utf-8","notice":0,"platform":"yqq.json","needNewCode":1,"uin":0,"g_tk_new_20200303":5381,"g_tk":5381},"req_1":{"module":"music.musicsearch.HotkeyService","method":"GetHotkeyForQQMusicMobile","param":{"searchid":"31365759695277856","remoteplace":"txt.yqq.top","from":"yqqweb"}},"req_2":{"module":"music.paycenterapi.LoginStateVerificationApi","method":"GetChargeAccount","param":{"appid":"mlive"}},"req_3":{"module":"musicToplist.ToplistInfoServer","method":"GetAll","param":{}}} 参数1: 360
 [740] [fog_370] 调用结果: 113
 [741] [fog_371] 方法名:  调用对象: {"comm":{"cv":4747474,"ct":24,"format":"json","inCharset":"utf-8","outCharset":"utf-8","notice":0,"platform":"yqq.json","needNewCode":1,"uin":0,"g_tk_new_20200303":5381,"g_tk":5381},"req_1":{"module":"music.musicsearch.HotkeyService","method":"GetHotkeyForQQMusicMobile","param":{"searchid":"31365759695277856","remoteplace":"txt.yqq.top","from":"yqqweb"}},"req_2":{"module":"music.paycenterapi.LoginStateVerificationApi","method":"GetChargeAccount","param":{"appid":"mlive"}},"req_3":{"module":"musicToplist.ToplistInfoServer","method":"GetAll","param":{}}} 参数1: 361
 [742] [fog_371] 调用结果: 95
 [743] [fog_372] 方法名:  调用对象: {"comm":{"cv":4747474,"ct":24,"format":"json","inCharset":"utf-8","outCharset":"utf-8","notice":0,"platform":"yqq.json","needNewCode":1,"uin":0,"g_tk_new_20200303":5381,"g_tk":5381},"req_1":{"module":"music.musicsearch.HotkeyService","method":"GetHotkeyForQQMusicMobile","param":{"searchid":"31365759695277856","remoteplace":"txt.yqq.top","from":"yqqweb"}},"req_2":{"module":"music.paycenterapi.LoginStateVerificationApi","method":"GetChargeAccount","param":{"appid":"mlive"}},"req_3":{"module":"musicToplist.ToplistInfoServer","method":"GetAll","param":{}}} 参数1: 362
 [744] [fog_372] 调用结果: 50
 [745] [fog_373] 方法名:  调用对象: {"comm":{"cv":4747474,"ct":24,"format":"json","inCharset":"utf-8","outCharset":"utf-8","notice":0,"platform":"yqq.json","needNewCode":1,"uin":0,"g_tk_new_20200303":5381,"g_tk":5381},"req_1":{"module":"music.musicsearch.HotkeyService","method":"GetHotkeyForQQMusicMobile","param":{"searchid":"31365759695277856","remoteplace":"txt.yqq.top","from":"yqqweb"}},"req_2":{"module":"music.paycenterapi.LoginStateVerificationApi","method":"GetChargeAccount","param":{"appid":"mlive"}},"req_3":{"module":"musicToplist.ToplistInfoServer","method":"GetAll","param":{}}} 参数1: 363
 [746] [fog_373] 调用结果: 34
 [747] [fog_374] 方法名:  调用对象: {"comm":{"cv":4747474,"ct":24,"format":"json","inCharset":"utf-8","outCharset":"utf-8","notice":0,"platform":"yqq.json","needNewCode":1,"uin":0,"g_tk_new_20200303":5381,"g_tk":5381},"req_1":{"module":"music.musicsearch.HotkeyService","method":"GetHotkeyForQQMusicMobile","param":{"searchid":"31365759695277856","remoteplace":"txt.yqq.top","from":"yqqweb"}},"req_2":{"module":"music.paycenterapi.LoginStateVerificationApi","method":"GetChargeAccount","param":{"appid":"mlive"}},"req_3":{"module":"musicToplist.ToplistInfoServer","method":"GetAll","param":{}}} 参数1: 364
 [748] [fog_374] 调用结果: 58
 [749] [fog_375] 方法名:  调用对象: {"comm":{"cv":4747474,"ct":24,"format":"json","inCharset":"utf-8","outCharset":"utf-8","notice":0,"platform":"yqq.json","needNewCode":1,"uin":0,"g_tk_new_20200303":5381,"g_tk":5381},"req_1":{"module":"music.musicsearch.HotkeyService","method":"GetHotkeyForQQMusicMobile","param":{"searchid":"31365759695277856","remoteplace":"txt.yqq.top","from":"yqqweb"}},"req_2":{"module":"music.paycenterapi.LoginStateVerificationApi","method":"GetChargeAccount","param":{"appid":"mlive"}},"req_3":{"module":"musicToplist.ToplistInfoServer","method":"GetAll","param":{}}} 参数1: 365
 [750] [fog_375] 调用结果: 123
 [751] [fog_376] 方法名:  调用对象: {"comm":{"cv":4747474,"ct":24,"format":"json","inCharset":"utf-8","outCharset":"utf-8","notice":0,"platform":"yqq.json","needNewCode":1,"uin":0,"g_tk_new_20200303":5381,"g_tk":5381},"req_1":{"module":"music.musicsearch.HotkeyService","method":"GetHotkeyForQQMusicMobile","param":{"searchid":"31365759695277856","remoteplace":"txt.yqq.top","from":"yqqweb"}},"req_2":{"module":"music.paycenterapi.LoginStateVerificationApi","method":"GetChargeAccount","param":{"appid":"mlive"}},"req_3":{"module":"musicToplist.ToplistInfoServer","method":"GetAll","param":{}}} 参数1: 366
 [752] [fog_376] 调用结果: 34
 [753] [fog_377] 方法名:  调用对象: {"comm":{"cv":4747474,"ct":24,"format":"json","inCharset":"utf-8","outCharset":"utf-8","notice":0,"platform":"yqq.json","needNewCode":1,"uin":0,"g_tk_new_20200303":5381,"g_tk":5381},"req_1":{"module":"music.musicsearch.HotkeyService","method":"GetHotkeyForQQMusicMobile","param":{"searchid":"31365759695277856","remoteplace":"txt.yqq.top","from":"yqqweb"}},"req_2":{"module":"music.paycenterapi.LoginStateVerificationApi","method":"GetChargeAccount","param":{"appid":"mlive"}},"req_3":{"module":"musicToplist.ToplistInfoServer","method":"GetAll","param":{}}} 参数1: 367
 [754] [fog_377] 调用结果: 109
 [755] [fog_378] 方法名:  调用对象: {"comm":{"cv":4747474,"ct":24,"format":"json","inCharset":"utf-8","outCharset":"utf-8","notice":0,"platform":"yqq.json","needNewCode":1,"uin":0,"g_tk_new_20200303":5381,"g_tk":5381},"req_1":{"module":"music.musicsearch.HotkeyService","method":"GetHotkeyForQQMusicMobile","param":{"searchid":"31365759695277856","remoteplace":"txt.yqq.top","from":"yqqweb"}},"req_2":{"module":"music.paycenterapi.LoginStateVerificationApi","method":"GetChargeAccount","param":{"appid":"mlive"}},"req_3":{"module":"musicToplist.ToplistInfoServer","method":"GetAll","param":{}}} 参数1: 368
 [756] [fog_378] 调用结果: 111
 [757] [fog_379] 方法名:  调用对象: {"comm":{"cv":4747474,"ct":24,"format":"json","inCharset":"utf-8","outCharset":"utf-8","notice":0,"platform":"yqq.json","needNewCode":1,"uin":0,"g_tk_new_20200303":5381,"g_tk":5381},"req_1":{"module":"music.musicsearch.HotkeyService","method":"GetHotkeyForQQMusicMobile","param":{"searchid":"31365759695277856","remoteplace":"txt.yqq.top","from":"yqqweb"}},"req_2":{"module":"music.paycenterapi.LoginStateVerificationApi","method":"GetChargeAccount","param":{"appid":"mlive"}},"req_3":{"module":"musicToplist.ToplistInfoServer","method":"GetAll","param":{}}} 参数1: 369
 [758] [fog_379] 调用结果: 100
 [759] [fog_380] 方法名:  调用对象: {"comm":{"cv":4747474,"ct":24,"format":"json","inCharset":"utf-8","outCharset":"utf-8","notice":0,"platform":"yqq.json","needNewCode":1,"uin":0,"g_tk_new_20200303":5381,"g_tk":5381},"req_1":{"module":"music.musicsearch.HotkeyService","method":"GetHotkeyForQQMusicMobile","param":{"searchid":"31365759695277856","remoteplace":"txt.yqq.top","from":"yqqweb"}},"req_2":{"module":"music.paycenterapi.LoginStateVerificationApi","method":"GetChargeAccount","param":{"appid":"mlive"}},"req_3":{"module":"musicToplist.ToplistInfoServer","method":"GetAll","param":{}}} 参数1: 370
 [760] [fog_380] 调用结果: 117
 [761] [fog_381] 方法名:  调用对象: {"comm":{"cv":4747474,"ct":24,"format":"json","inCharset":"utf-8","outCharset":"utf-8","notice":0,"platform":"yqq.json","needNewCode":1,"uin":0,"g_tk_new_20200303":5381,"g_tk":5381},"req_1":{"module":"music.musicsearch.HotkeyService","method":"GetHotkeyForQQMusicMobile","param":{"searchid":"31365759695277856","remoteplace":"txt.yqq.top","from":"yqqweb"}},"req_2":{"module":"music.paycenterapi.LoginStateVerificationApi","method":"GetChargeAccount","param":{"appid":"mlive"}},"req_3":{"module":"musicToplist.ToplistInfoServer","method":"GetAll","param":{}}} 参数1: 371
 [762] [fog_381] 调用结果: 108
 [763] [fog_382] 方法名:  调用对象: {"comm":{"cv":4747474,"ct":24,"format":"json","inCharset":"utf-8","outCharset":"utf-8","notice":0,"platform":"yqq.json","needNewCode":1,"uin":0,"g_tk_new_20200303":5381,"g_tk":5381},"req_1":{"module":"music.musicsearch.HotkeyService","method":"GetHotkeyForQQMusicMobile","param":{"searchid":"31365759695277856","remoteplace":"txt.yqq.top","from":"yqqweb"}},"req_2":{"module":"music.paycenterapi.LoginStateVerificationApi","method":"GetChargeAccount","param":{"appid":"mlive"}},"req_3":{"module":"musicToplist.ToplistInfoServer","method":"GetAll","param":{}}} 参数1: 372
 [764] [fog_382] 调用结果: 101
 [765] [fog_383] 方法名:  调用对象: {"comm":{"cv":4747474,"ct":24,"format":"json","inCharset":"utf-8","outCharset":"utf-8","notice":0,"platform":"yqq.json","needNewCode":1,"uin":0,"g_tk_new_20200303":5381,"g_tk":5381},"req_1":{"module":"music.musicsearch.HotkeyService","method":"GetHotkeyForQQMusicMobile","param":{"searchid":"31365759695277856","remoteplace":"txt.yqq.top","from":"yqqweb"}},"req_2":{"module":"music.paycenterapi.LoginStateVerificationApi","method":"GetChargeAccount","param":{"appid":"mlive"}},"req_3":{"module":"musicToplist.ToplistInfoServer","method":"GetAll","param":{}}} 参数1: 373
 [766] [fog_383] 调用结果: 34
 [767] [fog_384] 方法名:  调用对象: {"comm":{"cv":4747474,"ct":24,"format":"json","inCharset":"utf-8","outCharset":"utf-8","notice":0,"platform":"yqq.json","needNewCode":1,"uin":0,"g_tk_new_20200303":5381,"g_tk":5381},"req_1":{"module":"music.musicsearch.HotkeyService","method":"GetHotkeyForQQMusicMobile","param":{"searchid":"31365759695277856","remoteplace":"txt.yqq.top","from":"yqqweb"}},"req_2":{"module":"music.paycenterapi.LoginStateVerificationApi","method":"GetChargeAccount","param":{"appid":"mlive"}},"req_3":{"module":"musicToplist.ToplistInfoServer","method":"GetAll","param":{}}} 参数1: 374
 [768] [fog_384] 调用结果: 58
 [769] [fog_385] 方法名:  调用对象: {"comm":{"cv":4747474,"ct":24,"format":"json","inCharset":"utf-8","outCharset":"utf-8","notice":0,"platform":"yqq.json","needNewCode":1,"uin":0,"g_tk_new_20200303":5381,"g_tk":5381},"req_1":{"module":"music.musicsearch.HotkeyService","method":"GetHotkeyForQQMusicMobile","param":{"searchid":"31365759695277856","remoteplace":"txt.yqq.top","from":"yqqweb"}},"req_2":{"module":"music.paycenterapi.LoginStateVerificationApi","method":"GetChargeAccount","param":{"appid":"mlive"}},"req_3":{"module":"musicToplist.ToplistInfoServer","method":"GetAll","param":{}}} 参数1: 375
 [770] [fog_385] 调用结果: 34
 [771] [fog_386] 方法名:  调用对象: {"comm":{"cv":4747474,"ct":24,"format":"json","inCharset":"utf-8","outCharset":"utf-8","notice":0,"platform":"yqq.json","needNewCode":1,"uin":0,"g_tk_new_20200303":5381,"g_tk":5381},"req_1":{"module":"music.musicsearch.HotkeyService","method":"GetHotkeyForQQMusicMobile","param":{"searchid":"31365759695277856","remoteplace":"txt.yqq.top","from":"yqqweb"}},"req_2":{"module":"music.paycenterapi.LoginStateVerificationApi","method":"GetChargeAccount","param":{"appid":"mlive"}},"req_3":{"module":"musicToplist.ToplistInfoServer","method":"GetAll","param":{}}} 参数1: 376
 [772] [fog_386] 调用结果: 109
 [773] [fog_387] 方法名:  调用对象: {"comm":{"cv":4747474,"ct":24,"format":"json","inCharset":"utf-8","outCharset":"utf-8","notice":0,"platform":"yqq.json","needNewCode":1,"uin":0,"g_tk_new_20200303":5381,"g_tk":5381},"req_1":{"module":"music.musicsearch.HotkeyService","method":"GetHotkeyForQQMusicMobile","param":{"searchid":"31365759695277856","remoteplace":"txt.yqq.top","from":"yqqweb"}},"req_2":{"module":"music.paycenterapi.LoginStateVerificationApi","method":"GetChargeAccount","param":{"appid":"mlive"}},"req_3":{"module":"musicToplist.ToplistInfoServer","method":"GetAll","param":{}}} 参数1: 377
 [774] [fog_387] 调用结果: 117
 [775] [fog_388] 方法名:  调用对象: {"comm":{"cv":4747474,"ct":24,"format":"json","inCharset":"utf-8","outCharset":"utf-8","notice":0,"platform":"yqq.json","needNewCode":1,"uin":0,"g_tk_new_20200303":5381,"g_tk":5381},"req_1":{"module":"music.musicsearch.HotkeyService","method":"GetHotkeyForQQMusicMobile","param":{"searchid":"31365759695277856","remoteplace":"txt.yqq.top","from":"yqqweb"}},"req_2":{"module":"music.paycenterapi.LoginStateVerificationApi","method":"GetChargeAccount","param":{"appid":"mlive"}},"req_3":{"module":"musicToplist.ToplistInfoServer","method":"GetAll","param":{}}} 参数1: 378
 [776] [fog_388] 调用结果: 115
 [777] [fog_389] 方法名:  调用对象: {"comm":{"cv":4747474,"ct":24,"format":"json","inCharset":"utf-8","outCharset":"utf-8","notice":0,"platform":"yqq.json","needNewCode":1,"uin":0,"g_tk_new_20200303":5381,"g_tk":5381},"req_1":{"module":"music.musicsearch.HotkeyService","method":"GetHotkeyForQQMusicMobile","param":{"searchid":"31365759695277856","remoteplace":"txt.yqq.top","from":"yqqweb"}},"req_2":{"module":"music.paycenterapi.LoginStateVerificationApi","method":"GetChargeAccount","param":{"appid":"mlive"}},"req_3":{"module":"musicToplist.ToplistInfoServer","method":"GetAll","param":{}}} 参数1: 379
 [778] [fog_389] 调用结果: 105
 [779] [fog_390] 方法名:  调用对象: {"comm":{"cv":4747474,"ct":24,"format":"json","inCharset":"utf-8","outCharset":"utf-8","notice":0,"platform":"yqq.json","needNewCode":1,"uin":0,"g_tk_new_20200303":5381,"g_tk":5381},"req_1":{"module":"music.musicsearch.HotkeyService","method":"GetHotkeyForQQMusicMobile","param":{"searchid":"31365759695277856","remoteplace":"txt.yqq.top","from":"yqqweb"}},"req_2":{"module":"music.paycenterapi.LoginStateVerificationApi","method":"GetChargeAccount","param":{"appid":"mlive"}},"req_3":{"module":"musicToplist.ToplistInfoServer","method":"GetAll","param":{}}} 参数1: 380
 [780] [fog_390] 调用结果: 99
 [781] [fog_391] 方法名:  调用对象: {"comm":{"cv":4747474,"ct":24,"format":"json","inCharset":"utf-8","outCharset":"utf-8","notice":0,"platform":"yqq.json","needNewCode":1,"uin":0,"g_tk_new_20200303":5381,"g_tk":5381},"req_1":{"module":"music.musicsearch.HotkeyService","method":"GetHotkeyForQQMusicMobile","param":{"searchid":"31365759695277856","remoteplace":"txt.yqq.top","from":"yqqweb"}},"req_2":{"module":"music.paycenterapi.LoginStateVerificationApi","method":"GetChargeAccount","param":{"appid":"mlive"}},"req_3":{"module":"musicToplist.ToplistInfoServer","method":"GetAll","param":{}}} 参数1: 381
 [782] [fog_391] 调用结果: 46
 [783] [fog_392] 方法名:  调用对象: {"comm":{"cv":4747474,"ct":24,"format":"json","inCharset":"utf-8","outCharset":"utf-8","notice":0,"platform":"yqq.json","needNewCode":1,"uin":0,"g_tk_new_20200303":5381,"g_tk":5381},"req_1":{"module":"music.musicsearch.HotkeyService","method":"GetHotkeyForQQMusicMobile","param":{"searchid":"31365759695277856","remoteplace":"txt.yqq.top","from":"yqqweb"}},"req_2":{"module":"music.paycenterapi.LoginStateVerificationApi","method":"GetChargeAccount","param":{"appid":"mlive"}},"req_3":{"module":"musicToplist.ToplistInfoServer","method":"GetAll","param":{}}} 参数1: 382
 [784] [fog_392] 调用结果: 112
 [785] [fog_393] 方法名: ƒ charCodeAt() { [native code] } 调用对象: {"comm":{"cv":4747474,"ct":24,"format":"json","inCharset":"utf-8","outCharset":"utf-8","notice":0,"platform":"yqq.json","needNewCode":1,"uin":0,"g_tk_new_20200303":5381,"g_tk":5381},"req_1":{"module":"music.musicsearch.HotkeyService","method":"GetHotkeyForQQMusicMobile","param":{"searchid":"31365759695277856","remoteplace":"txt.yqq.top","from":"yqqweb"}},"req_2":{"module":"music.paycenterapi.LoginStateVerificationApi","method":"GetChargeAccount","param":{"appid":"mlive"}},"req_3":{"module":"musicToplist.ToplistInfoServer","method":"GetAll","param":{}}} 参数1: 383
 [786] [fog_393] 调用结果: 97
 [787] [fog_394] 方法名: ƒ c() {
                        for (var l, f, h = [o, s, t, this, arguments, c, n, 0], d = void 0, p = e, g = []; ; )
                            try {
                                for (; ; )
     … 调用对象: c {blocks: Array(80), h0: -162275761, h1: 177545367, h2: -2085823939, h3: 935282128, …} 参数无
 [788] [fog_394] 调用结果: undefined
 [789] [fog_395] 方法名: ƒ charCodeAt() { [native code] } 调用对象: {"comm":{"cv":4747474,"ct":24,"format":"json","inCharset":"utf-8","outCharset":"utf-8","notice":0,"platform":"yqq.json","needNewCode":1,"uin":0,"g_tk_new_20200303":5381,"g_tk":5381},"req_1":{"module":"music.musicsearch.HotkeyService","method":"GetHotkeyForQQMusicMobile","param":{"searchid":"31365759695277856","remoteplace":"txt.yqq.top","from":"yqqweb"}},"req_2":{"module":"music.paycenterapi.LoginStateVerificationApi","method":"GetChargeAccount","param":{"appid":"mlive"}},"req_3":{"module":"musicToplist.ToplistInfoServer","method":"GetAll","param":{}}} 参数1: 384
 [790] [fog_395] 调用结果: 121
 [791] [fog_396] 方法名: ƒ charCodeAt() { [native code] } 调用对象: {"comm":{"cv":4747474,"ct":24,"format":"json","inCharset":"utf-8","outCharset":"utf-8","notice":0,"platform":"yqq.json","needNewCode":1,"uin":0,"g_tk_new_20200303":5381,"g_tk":5381},"req_1":{"module":"music.musicsearch.HotkeyService","method":"GetHotkeyForQQMusicMobile","param":{"searchid":"31365759695277856","remoteplace":"txt.yqq.top","from":"yqqweb"}},"req_2":{"module":"music.paycenterapi.LoginStateVerificationApi","method":"GetChargeAccount","param":{"appid":"mlive"}},"req_3":{"module":"musicToplist.ToplistInfoServer","method":"GetAll","param":{}}} 参数1: 385
 [792] [fog_396] 调用结果: 99
 [793] [fog_397] 方法名: ƒ charCodeAt() { [native code] } 调用对象: {"comm":{"cv":4747474,"ct":24,"format":"json","inCharset":"utf-8","outCharset":"utf-8","notice":0,"platform":"yqq.json","needNewCode":1,"uin":0,"g_tk_new_20200303":5381,"g_tk":5381},"req_1":{"module":"music.musicsearch.HotkeyService","method":"GetHotkeyForQQMusicMobile","param":{"searchid":"31365759695277856","remoteplace":"txt.yqq.top","from":"yqqweb"}},"req_2":{"module":"music.paycenterapi.LoginStateVerificationApi","method":"GetChargeAccount","param":{"appid":"mlive"}},"req_3":{"module":"musicToplist.ToplistInfoServer","method":"GetAll","param":{}}} 参数1: 386
 [794] [fog_397] 调用结果: 101
 [795] [fog_398] 方法名: ƒ charCodeAt() { [native code] } 调用对象: {"comm":{"cv":4747474,"ct":24,"format":"json","inCharset":"utf-8","outCharset":"utf-8","notice":0,"platform":"yqq.json","needNewCode":1,"uin":0,"g_tk_new_20200303":5381,"g_tk":5381},"req_1":{"module":"music.musicsearch.HotkeyService","method":"GetHotkeyForQQMusicMobile","param":{"searchid":"31365759695277856","remoteplace":"txt.yqq.top","from":"yqqweb"}},"req_2":{"module":"music.paycenterapi.LoginStateVerificationApi","method":"GetChargeAccount","param":{"appid":"mlive"}},"req_3":{"module":"musicToplist.ToplistInfoServer","method":"GetAll","param":{}}} 参数1: 387
 [796] [fog_398] 调用结果: 110
 [797] [fog_399] 方法名: ƒ charCodeAt() { [native code] } 调用对象: {"comm":{"cv":4747474,"ct":24,"format":"json","inCharset":"utf-8","outCharset":"utf-8","notice":0,"platform":"yqq.json","needNewCode":1,"uin":0,"g_tk_new_20200303":5381,"g_tk":5381},"req_1":{"module":"music.musicsearch.HotkeyService","method":"GetHotkeyForQQMusicMobile","param":{"searchid":"31365759695277856","remoteplace":"txt.yqq.top","from":"yqqweb"}},"req_2":{"module":"music.paycenterapi.LoginStateVerificationApi","method":"GetChargeAccount","param":{"appid":"mlive"}},"req_3":{"module":"musicToplist.ToplistInfoServer","method":"GetAll","param":{}}} 参数1: 388
 [798] [fog_399] 调用结果: 116
 [799] [fog_400] 方法名: ƒ charCodeAt() { [native code] } 调用对象: {"comm":{"cv":4747474,"ct":24,"format":"json","inCharset":"utf-8","outCharset":"utf-8","notice":0,"platform":"yqq.json","needNewCode":1,"uin":0,"g_tk_new_20200303":5381,"g_tk":5381},"req_1":{"module":"music.musicsearch.HotkeyService","method":"GetHotkeyForQQMusicMobile","param":{"searchid":"31365759695277856","remoteplace":"txt.yqq.top","from":"yqqweb"}},"req_2":{"module":"music.paycenterapi.LoginStateVerificationApi","method":"GetChargeAccount","param":{"appid":"mlive"}},"req_3":{"module":"musicToplist.ToplistInfoServer","method":"GetAll","param":{}}} 参数1: 389
 [800] [fog_400] 调用结果: 101
 [801] [fog_401] 方法名: ƒ charCodeAt() { [native code] } 调用对象: {"comm":{"cv":4747474,"ct":24,"format":"json","inCharset":"utf-8","outCharset":"utf-8","notice":0,"platform":"yqq.json","needNewCode":1,"uin":0,"g_tk_new_20200303":5381,"g_tk":5381},"req_1":{"module":"music.musicsearch.HotkeyService","method":"GetHotkeyForQQMusicMobile","param":{"searchid":"31365759695277856","remoteplace":"txt.yqq.top","from":"yqqweb"}},"req_2":{"module":"music.paycenterapi.LoginStateVerificationApi","method":"GetChargeAccount","param":{"appid":"mlive"}},"req_3":{"module":"musicToplist.ToplistInfoServer","method":"GetAll","param":{}}} 参数1: 390
 [802] [fog_401] 调用结果: 114
 [803] [fog_402] 方法名: ƒ charCodeAt() { [native code] } 调用对象: {"comm":{"cv":4747474,"ct":24,"format":"json","inCharset":"utf-8","outCharset":"utf-8","notice":0,"platform":"yqq.json","needNewCode":1,"uin":0,"g_tk_new_20200303":5381,"g_tk":5381},"req_1":{"module":"music.musicsearch.HotkeyService","method":"GetHotkeyForQQMusicMobile","param":{"searchid":"31365759695277856","remoteplace":"txt.yqq.top","from":"yqqweb"}},"req_2":{"module":"music.paycenterapi.LoginStateVerificationApi","method":"GetChargeAccount","param":{"appid":"mlive"}},"req_3":{"module":"musicToplist.ToplistInfoServer","method":"GetAll","param":{}}} 参数1: 391
 [804] [fog_402] 调用结果: 97
 [805] [fog_403] 方法名: ƒ charCodeAt() { [native code] } 调用对象: {"comm":{"cv":4747474,"ct":24,"format":"json","inCharset":"utf-8","outCharset":"utf-8","notice":0,"platform":"yqq.json","needNewCode":1,"uin":0,"g_tk_new_20200303":5381,"g_tk":5381},"req_1":{"module":"music.musicsearch.HotkeyService","method":"GetHotkeyForQQMusicMobile","param":{"searchid":"31365759695277856","remoteplace":"txt.yqq.top","from":"yqqweb"}},"req_2":{"module":"music.paycenterapi.LoginStateVerificationApi","method":"GetChargeAccount","param":{"appid":"mlive"}},"req_3":{"module":"musicToplist.ToplistInfoServer","method":"GetAll","param":{}}} 参数1: 392
 [806] [fog_403] 调用结果: 112
 [807] [fog_404] 方法名:  调用对象: {"comm":{"cv":4747474,"ct":24,"format":"json","inCharset":"utf-8","outCharset":"utf-8","notice":0,"platform":"yqq.json","needNewCode":1,"uin":0,"g_tk_new_20200303":5381,"g_tk":5381},"req_1":{"module":"music.musicsearch.HotkeyService","method":"GetHotkeyForQQMusicMobile","param":{"searchid":"31365759695277856","remoteplace":"txt.yqq.top","from":"yqqweb"}},"req_2":{"module":"music.paycenterapi.LoginStateVerificationApi","method":"GetChargeAccount","param":{"appid":"mlive"}},"req_3":{"module":"musicToplist.ToplistInfoServer","method":"GetAll","param":{}}} 参数1: 393
 [808] [fog_404] 调用结果: 105
 [809] [fog_405] 方法名:  调用对象: {"comm":{"cv":4747474,"ct":24,"format":"json","inCharset":"utf-8","outCharset":"utf-8","notice":0,"platform":"yqq.json","needNewCode":1,"uin":0,"g_tk_new_20200303":5381,"g_tk":5381},"req_1":{"module":"music.musicsearch.HotkeyService","method":"GetHotkeyForQQMusicMobile","param":{"searchid":"31365759695277856","remoteplace":"txt.yqq.top","from":"yqqweb"}},"req_2":{"module":"music.paycenterapi.LoginStateVerificationApi","method":"GetChargeAccount","param":{"appid":"mlive"}},"req_3":{"module":"musicToplist.ToplistInfoServer","method":"GetAll","param":{}}} 参数1: 394
 [810] [fog_405] 调用结果: 46
 [811] [fog_406] 方法名:  调用对象: {"comm":{"cv":4747474,"ct":24,"format":"json","inCharset":"utf-8","outCharset":"utf-8","notice":0,"platform":"yqq.json","needNewCode":1,"uin":0,"g_tk_new_20200303":5381,"g_tk":5381},"req_1":{"module":"music.musicsearch.HotkeyService","method":"GetHotkeyForQQMusicMobile","param":{"searchid":"31365759695277856","remoteplace":"txt.yqq.top","from":"yqqweb"}},"req_2":{"module":"music.paycenterapi.LoginStateVerificationApi","method":"GetChargeAccount","param":{"appid":"mlive"}},"req_3":{"module":"musicToplist.ToplistInfoServer","method":"GetAll","param":{}}} 参数1: 395
 [812] [fog_406] 调用结果: 76
 [813] [fog_407] 方法名:  调用对象: {"comm":{"cv":4747474,"ct":24,"format":"json","inCharset":"utf-8","outCharset":"utf-8","notice":0,"platform":"yqq.json","needNewCode":1,"uin":0,"g_tk_new_20200303":5381,"g_tk":5381},"req_1":{"module":"music.musicsearch.HotkeyService","method":"GetHotkeyForQQMusicMobile","param":{"searchid":"31365759695277856","remoteplace":"txt.yqq.top","from":"yqqweb"}},"req_2":{"module":"music.paycenterapi.LoginStateVerificationApi","method":"GetChargeAccount","param":{"appid":"mlive"}},"req_3":{"module":"musicToplist.ToplistInfoServer","method":"GetAll","param":{}}} 参数1: 396
 [814] [fog_407] 调用结果: 111
 [815] [fog_408] 方法名: ƒ charCodeAt() { [native code] } 调用对象: {"comm":{"cv":4747474,"ct":24,"format":"json","inCharset":"utf-8","outCharset":"utf-8","notice":0,"platform":"yqq.json","needNewCode":1,"uin":0,"g_tk_new_20200303":5381,"g_tk":5381},"req_1":{"module":"music.musicsearch.HotkeyService","method":"GetHotkeyForQQMusicMobile","param":{"searchid":"31365759695277856","remoteplace":"txt.yqq.top","from":"yqqweb"}},"req_2":{"module":"music.paycenterapi.LoginStateVerificationApi","method":"GetChargeAccount","param":{"appid":"mlive"}},"req_3":{"module":"musicToplist.ToplistInfoServer","method":"GetAll","param":{}}} 参数1: 397
 [816] [fog_408] 调用结果: 103
 [817] [fog_409] 方法名: ƒ charCodeAt() { [native code] } 调用对象: {"comm":{"cv":4747474,"ct":24,"format":"json","inCharset":"utf-8","outCharset":"utf-8","notice":0,"platform":"yqq.json","needNewCode":1,"uin":0,"g_tk_new_20200303":5381,"g_tk":5381},"req_1":{"module":"music.musicsearch.HotkeyService","method":"GetHotkeyForQQMusicMobile","param":{"searchid":"31365759695277856","remoteplace":"txt.yqq.top","from":"yqqweb"}},"req_2":{"module":"music.paycenterapi.LoginStateVerificationApi","method":"GetChargeAccount","param":{"appid":"mlive"}},"req_3":{"module":"musicToplist.ToplistInfoServer","method":"GetAll","param":{}}} 参数1: 398
 [818] [fog_409] 调用结果: 105
 [819] [fog_410] 方法名: ƒ charCodeAt() { [native code] } 调用对象: {"comm":{"cv":4747474,"ct":24,"format":"json","inCharset":"utf-8","outCharset":"utf-8","notice":0,"platform":"yqq.json","needNewCode":1,"uin":0,"g_tk_new_20200303":5381,"g_tk":5381},"req_1":{"module":"music.musicsearch.HotkeyService","method":"GetHotkeyForQQMusicMobile","param":{"searchid":"31365759695277856","remoteplace":"txt.yqq.top","from":"yqqweb"}},"req_2":{"module":"music.paycenterapi.LoginStateVerificationApi","method":"GetChargeAccount","param":{"appid":"mlive"}},"req_3":{"module":"musicToplist.ToplistInfoServer","method":"GetAll","param":{}}} 参数1: 399
 [820] [fog_410] 调用结果: 110
 [821] [fog_411] 方法名: ƒ charCodeAt() { [native code] } 调用对象: {"comm":{"cv":4747474,"ct":24,"format":"json","inCharset":"utf-8","outCharset":"utf-8","notice":0,"platform":"yqq.json","needNewCode":1,"uin":0,"g_tk_new_20200303":5381,"g_tk":5381},"req_1":{"module":"music.musicsearch.HotkeyService","method":"GetHotkeyForQQMusicMobile","param":{"searchid":"31365759695277856","remoteplace":"txt.yqq.top","from":"yqqweb"}},"req_2":{"module":"music.paycenterapi.LoginStateVerificationApi","method":"GetChargeAccount","param":{"appid":"mlive"}},"req_3":{"module":"musicToplist.ToplistInfoServer","method":"GetAll","param":{}}} 参数1: 400
 [822] [fog_411] 调用结果: 83
 [823] [fog_412] 方法名: ƒ charCodeAt() { [native code] } 调用对象: {"comm":{"cv":4747474,"ct":24,"format":"json","inCharset":"utf-8","outCharset":"utf-8","notice":0,"platform":"yqq.json","needNewCode":1,"uin":0,"g_tk_new_20200303":5381,"g_tk":5381},"req_1":{"module":"music.musicsearch.HotkeyService","method":"GetHotkeyForQQMusicMobile","param":{"searchid":"31365759695277856","remoteplace":"txt.yqq.top","from":"yqqweb"}},"req_2":{"module":"music.paycenterapi.LoginStateVerificationApi","method":"GetChargeAccount","param":{"appid":"mlive"}},"req_3":{"module":"musicToplist.ToplistInfoServer","method":"GetAll","param":{}}} 参数1: 401
 [824] [fog_412] 调用结果: 116
 [825] [fog_413] 方法名: ƒ charCodeAt() { [native code] } 调用对象: {"comm":{"cv":4747474,"ct":24,"format":"json","inCharset":"utf-8","outCharset":"utf-8","notice":0,"platform":"yqq.json","needNewCode":1,"uin":0,"g_tk_new_20200303":5381,"g_tk":5381},"req_1":{"module":"music.musicsearch.HotkeyService","method":"GetHotkeyForQQMusicMobile","param":{"searchid":"31365759695277856","remoteplace":"txt.yqq.top","from":"yqqweb"}},"req_2":{"module":"music.paycenterapi.LoginStateVerificationApi","method":"GetChargeAccount","param":{"appid":"mlive"}},"req_3":{"module":"musicToplist.ToplistInfoServer","method":"GetAll","param":{}}} 参数1: 402
 [826] [fog_413] 调用结果: 97
 [827] [fog_414] 方法名: ƒ charCodeAt() { [native code] } 调用对象: {"comm":{"cv":4747474,"ct":24,"format":"json","inCharset":"utf-8","outCharset":"utf-8","notice":0,"platform":"yqq.json","needNewCode":1,"uin":0,"g_tk_new_20200303":5381,"g_tk":5381},"req_1":{"module":"music.musicsearch.HotkeyService","method":"GetHotkeyForQQMusicMobile","param":{"searchid":"31365759695277856","remoteplace":"txt.yqq.top","from":"yqqweb"}},"req_2":{"module":"music.paycenterapi.LoginStateVerificationApi","method":"GetChargeAccount","param":{"appid":"mlive"}},"req_3":{"module":"musicToplist.ToplistInfoServer","method":"GetAll","param":{}}} 参数1: 403
 [828] [fog_414] 调用结果: 116
 [829] [fog_415] 方法名: ƒ charCodeAt() { [native code] } 调用对象: {"comm":{"cv":4747474,"ct":24,"format":"json","inCharset":"utf-8","outCharset":"utf-8","notice":0,"platform":"yqq.json","needNewCode":1,"uin":0,"g_tk_new_20200303":5381,"g_tk":5381},"req_1":{"module":"music.musicsearch.HotkeyService","method":"GetHotkeyForQQMusicMobile","param":{"searchid":"31365759695277856","remoteplace":"txt.yqq.top","from":"yqqweb"}},"req_2":{"module":"music.paycenterapi.LoginStateVerificationApi","method":"GetChargeAccount","param":{"appid":"mlive"}},"req_3":{"module":"musicToplist.ToplistInfoServer","method":"GetAll","param":{}}} 参数1: 404
 [830] [fog_415] 调用结果: 101
 [831] [fog_416] 方法名: ƒ charCodeAt() { [native code] } 调用对象: {"comm":{"cv":4747474,"ct":24,"format":"json","inCharset":"utf-8","outCharset":"utf-8","notice":0,"platform":"yqq.json","needNewCode":1,"uin":0,"g_tk_new_20200303":5381,"g_tk":5381},"req_1":{"module":"music.musicsearch.HotkeyService","method":"GetHotkeyForQQMusicMobile","param":{"searchid":"31365759695277856","remoteplace":"txt.yqq.top","from":"yqqweb"}},"req_2":{"module":"music.paycenterapi.LoginStateVerificationApi","method":"GetChargeAccount","param":{"appid":"mlive"}},"req_3":{"module":"musicToplist.ToplistInfoServer","method":"GetAll","param":{}}} 参数1: 405
 [832] [fog_416] 调用结果: 86
 [833] [fog_417] 方法名: ƒ charCodeAt() { [native code] } 调用对象: {"comm":{"cv":4747474,"ct":24,"format":"json","inCharset":"utf-8","outCharset":"utf-8","notice":0,"platform":"yqq.json","needNewCode":1,"uin":0,"g_tk_new_20200303":5381,"g_tk":5381},"req_1":{"module":"music.musicsearch.HotkeyService","method":"GetHotkeyForQQMusicMobile","param":{"searchid":"31365759695277856","remoteplace":"txt.yqq.top","from":"yqqweb"}},"req_2":{"module":"music.paycenterapi.LoginStateVerificationApi","method":"GetChargeAccount","param":{"appid":"mlive"}},"req_3":{"module":"musicToplist.ToplistInfoServer","method":"GetAll","param":{}}} 参数1: 406
 [834] [fog_417] 调用结果: 101
 [835] [fog_418] 方法名: ƒ charCodeAt() { [native code] } 调用对象: {"comm":{"cv":4747474,"ct":24,"format":"json","inCharset":"utf-8","outCharset":"utf-8","notice":0,"platform":"yqq.json","needNewCode":1,"uin":0,"g_tk_new_20200303":5381,"g_tk":5381},"req_1":{"module":"music.musicsearch.HotkeyService","method":"GetHotkeyForQQMusicMobile","param":{"searchid":"31365759695277856","remoteplace":"txt.yqq.top","from":"yqqweb"}},"req_2":{"module":"music.paycenterapi.LoginStateVerificationApi","method":"GetChargeAccount","param":{"appid":"mlive"}},"req_3":{"module":"musicToplist.ToplistInfoServer","method":"GetAll","param":{}}} 参数1: 407
 [836] [fog_418] 调用结果: 114
 [837] [fog_419] 方法名: ƒ charCodeAt() { [native code] } 调用对象: {"comm":{"cv":4747474,"ct":24,"format":"json","inCharset":"utf-8","outCharset":"utf-8","notice":0,"platform":"yqq.json","needNewCode":1,"uin":0,"g_tk_new_20200303":5381,"g_tk":5381},"req_1":{"module":"music.musicsearch.HotkeyService","method":"GetHotkeyForQQMusicMobile","param":{"searchid":"31365759695277856","remoteplace":"txt.yqq.top","from":"yqqweb"}},"req_2":{"module":"music.paycenterapi.LoginStateVerificationApi","method":"GetChargeAccount","param":{"appid":"mlive"}},"req_3":{"module":"musicToplist.ToplistInfoServer","method":"GetAll","param":{}}} 参数1: 408
 [838] [fog_419] 调用结果: 105
 [839] [fog_420] 方法名: ƒ charCodeAt() { [native code] } 调用对象: {"comm":{"cv":4747474,"ct":24,"format":"json","inCharset":"utf-8","outCharset":"utf-8","notice":0,"platform":"yqq.json","needNewCode":1,"uin":0,"g_tk_new_20200303":5381,"g_tk":5381},"req_1":{"module":"music.musicsearch.HotkeyService","method":"GetHotkeyForQQMusicMobile","param":{"searchid":"31365759695277856","remoteplace":"txt.yqq.top","from":"yqqweb"}},"req_2":{"module":"music.paycenterapi.LoginStateVerificationApi","method":"GetChargeAccount","param":{"appid":"mlive"}},"req_3":{"module":"musicToplist.ToplistInfoServer","method":"GetAll","param":{}}} 参数1: 409
 [840] [fog_420] 调用结果: 102
 [841] [fog_421] 方法名: ƒ charCodeAt() { [native code] } 调用对象: {"comm":{"cv":4747474,"ct":24,"format":"json","inCharset":"utf-8","outCharset":"utf-8","notice":0,"platform":"yqq.json","needNewCode":1,"uin":0,"g_tk_new_20200303":5381,"g_tk":5381},"req_1":{"module":"music.musicsearch.HotkeyService","method":"GetHotkeyForQQMusicMobile","param":{"searchid":"31365759695277856","remoteplace":"txt.yqq.top","from":"yqqweb"}},"req_2":{"module":"music.paycenterapi.LoginStateVerificationApi","method":"GetChargeAccount","param":{"appid":"mlive"}},"req_3":{"module":"musicToplist.ToplistInfoServer","method":"GetAll","param":{}}} 参数1: 410
 [842] [fog_421] 调用结果: 105
 [843] [fog_422] 方法名: ƒ charCodeAt() { [native code] } 调用对象: {"comm":{"cv":4747474,"ct":24,"format":"json","inCharset":"utf-8","outCharset":"utf-8","notice":0,"platform":"yqq.json","needNewCode":1,"uin":0,"g_tk_new_20200303":5381,"g_tk":5381},"req_1":{"module":"music.musicsearch.HotkeyService","method":"GetHotkeyForQQMusicMobile","param":{"searchid":"31365759695277856","remoteplace":"txt.yqq.top","from":"yqqweb"}},"req_2":{"module":"music.paycenterapi.LoginStateVerificationApi","method":"GetChargeAccount","param":{"appid":"mlive"}},"req_3":{"module":"musicToplist.ToplistInfoServer","method":"GetAll","param":{}}} 参数1: 411
 [844] [fog_422] 调用结果: 99
 [845] [fog_423] 方法名: ƒ charCodeAt() { [native code] } 调用对象: {"comm":{"cv":4747474,"ct":24,"format":"json","inCharset":"utf-8","outCharset":"utf-8","notice":0,"platform":"yqq.json","needNewCode":1,"uin":0,"g_tk_new_20200303":5381,"g_tk":5381},"req_1":{"module":"music.musicsearch.HotkeyService","method":"GetHotkeyForQQMusicMobile","param":{"searchid":"31365759695277856","remoteplace":"txt.yqq.top","from":"yqqweb"}},"req_2":{"module":"music.paycenterapi.LoginStateVerificationApi","method":"GetChargeAccount","param":{"appid":"mlive"}},"req_3":{"module":"musicToplist.ToplistInfoServer","method":"GetAll","param":{}}} 参数1: 412
 [846] [fog_423] 调用结果: 97
 [847] [fog_424] 方法名: ƒ charCodeAt() { [native code] } 调用对象: {"comm":{"cv":4747474,"ct":24,"format":"json","inCharset":"utf-8","outCharset":"utf-8","notice":0,"platform":"yqq.json","needNewCode":1,"uin":0,"g_tk_new_20200303":5381,"g_tk":5381},"req_1":{"module":"music.musicsearch.HotkeyService","method":"GetHotkeyForQQMusicMobile","param":{"searchid":"31365759695277856","remoteplace":"txt.yqq.top","from":"yqqweb"}},"req_2":{"module":"music.paycenterapi.LoginStateVerificationApi","method":"GetChargeAccount","param":{"appid":"mlive"}},"req_3":{"module":"musicToplist.ToplistInfoServer","method":"GetAll","param":{}}} 参数1: 413
 [848] [fog_424] 调用结果: 116
 [849] [fog_425] 方法名: ƒ charCodeAt() { [native code] } 调用对象: {"comm":{"cv":4747474,"ct":24,"format":"json","inCharset":"utf-8","outCharset":"utf-8","notice":0,"platform":"yqq.json","needNewCode":1,"uin":0,"g_tk_new_20200303":5381,"g_tk":5381},"req_1":{"module":"music.musicsearch.HotkeyService","method":"GetHotkeyForQQMusicMobile","param":{"searchid":"31365759695277856","remoteplace":"txt.yqq.top","from":"yqqweb"}},"req_2":{"module":"music.paycenterapi.LoginStateVerificationApi","method":"GetChargeAccount","param":{"appid":"mlive"}},"req_3":{"module":"musicToplist.ToplistInfoServer","method":"GetAll","param":{}}} 参数1: 414
 [850] [fog_425] 调用结果: 105
 [851] [fog_426] 方法名: ƒ charCodeAt() { [native code] } 调用对象: {"comm":{"cv":4747474,"ct":24,"format":"json","inCharset":"utf-8","outCharset":"utf-8","notice":0,"platform":"yqq.json","needNewCode":1,"uin":0,"g_tk_new_20200303":5381,"g_tk":5381},"req_1":{"module":"music.musicsearch.HotkeyService","method":"GetHotkeyForQQMusicMobile","param":{"searchid":"31365759695277856","remoteplace":"txt.yqq.top","from":"yqqweb"}},"req_2":{"module":"music.paycenterapi.LoginStateVerificationApi","method":"GetChargeAccount","param":{"appid":"mlive"}},"req_3":{"module":"musicToplist.ToplistInfoServer","method":"GetAll","param":{}}} 参数1: 415
 [852] [fog_426] 调用结果: 111
 [853] [fog_427] 方法名: ƒ charCodeAt() { [native code] } 调用对象: {"comm":{"cv":4747474,"ct":24,"format":"json","inCharset":"utf-8","outCharset":"utf-8","notice":0,"platform":"yqq.json","needNewCode":1,"uin":0,"g_tk_new_20200303":5381,"g_tk":5381},"req_1":{"module":"music.musicsearch.HotkeyService","method":"GetHotkeyForQQMusicMobile","param":{"searchid":"31365759695277856","remoteplace":"txt.yqq.top","from":"yqqweb"}},"req_2":{"module":"music.paycenterapi.LoginStateVerificationApi","method":"GetChargeAccount","param":{"appid":"mlive"}},"req_3":{"module":"musicToplist.ToplistInfoServer","method":"GetAll","param":{}}} 参数1: 416
 [854] [fog_427] 调用结果: 110
 [855] [fog_428] 方法名: ƒ charCodeAt() { [native code] } 调用对象: {"comm":{"cv":4747474,"ct":24,"format":"json","inCharset":"utf-8","outCharset":"utf-8","notice":0,"platform":"yqq.json","needNewCode":1,"uin":0,"g_tk_new_20200303":5381,"g_tk":5381},"req_1":{"module":"music.musicsearch.HotkeyService","method":"GetHotkeyForQQMusicMobile","param":{"searchid":"31365759695277856","remoteplace":"txt.yqq.top","from":"yqqweb"}},"req_2":{"module":"music.paycenterapi.LoginStateVerificationApi","method":"GetChargeAccount","param":{"appid":"mlive"}},"req_3":{"module":"musicToplist.ToplistInfoServer","method":"GetAll","param":{}}} 参数1: 417
 [856] [fog_428] 调用结果: 65
 [857] [fog_429] 方法名: ƒ charCodeAt() { [native code] } 调用对象: {"comm":{"cv":4747474,"ct":24,"format":"json","inCharset":"utf-8","outCharset":"utf-8","notice":0,"platform":"yqq.json","needNewCode":1,"uin":0,"g_tk_new_20200303":5381,"g_tk":5381},"req_1":{"module":"music.musicsearch.HotkeyService","method":"GetHotkeyForQQMusicMobile","param":{"searchid":"31365759695277856","remoteplace":"txt.yqq.top","from":"yqqweb"}},"req_2":{"module":"music.paycenterapi.LoginStateVerificationApi","method":"GetChargeAccount","param":{"appid":"mlive"}},"req_3":{"module":"musicToplist.ToplistInfoServer","method":"GetAll","param":{}}} 参数1: 418
 [858] [fog_429] 调用结果: 112
 [859] [fog_430] 方法名: ƒ charCodeAt() { [native code] } 调用对象: {"comm":{"cv":4747474,"ct":24,"format":"json","inCharset":"utf-8","outCharset":"utf-8","notice":0,"platform":"yqq.json","needNewCode":1,"uin":0,"g_tk_new_20200303":5381,"g_tk":5381},"req_1":{"module":"music.musicsearch.HotkeyService","method":"GetHotkeyForQQMusicMobile","param":{"searchid":"31365759695277856","remoteplace":"txt.yqq.top","from":"yqqweb"}},"req_2":{"module":"music.paycenterapi.LoginStateVerificationApi","method":"GetChargeAccount","param":{"appid":"mlive"}},"req_3":{"module":"musicToplist.ToplistInfoServer","method":"GetAll","param":{}}} 参数1: 419
 [860] [fog_430] 调用结果: 105
 [861] [fog_431] 方法名: ƒ charCodeAt() { [native code] } 调用对象: {"comm":{"cv":4747474,"ct":24,"format":"json","inCharset":"utf-8","outCharset":"utf-8","notice":0,"platform":"yqq.json","needNewCode":1,"uin":0,"g_tk_new_20200303":5381,"g_tk":5381},"req_1":{"module":"music.musicsearch.HotkeyService","method":"GetHotkeyForQQMusicMobile","param":{"searchid":"31365759695277856","remoteplace":"txt.yqq.top","from":"yqqweb"}},"req_2":{"module":"music.paycenterapi.LoginStateVerificationApi","method":"GetChargeAccount","param":{"appid":"mlive"}},"req_3":{"module":"musicToplist.ToplistInfoServer","method":"GetAll","param":{}}} 参数1: 420
 [862] [fog_431] 调用结果: 34
 [863] [fog_432] 方法名: ƒ charCodeAt() { [native code] } 调用对象: {"comm":{"cv":4747474,"ct":24,"format":"json","inCharset":"utf-8","outCharset":"utf-8","notice":0,"platform":"yqq.json","needNewCode":1,"uin":0,"g_tk_new_20200303":5381,"g_tk":5381},"req_1":{"module":"music.musicsearch.HotkeyService","method":"GetHotkeyForQQMusicMobile","param":{"searchid":"31365759695277856","remoteplace":"txt.yqq.top","from":"yqqweb"}},"req_2":{"module":"music.paycenterapi.LoginStateVerificationApi","method":"GetChargeAccount","param":{"appid":"mlive"}},"req_3":{"module":"musicToplist.ToplistInfoServer","method":"GetAll","param":{}}} 参数1: 421
 [864] [fog_432] 调用结果: 44
 [865] [fog_433] 方法名: ƒ charCodeAt() { [native code] } 调用对象: {"comm":{"cv":4747474,"ct":24,"format":"json","inCharset":"utf-8","outCharset":"utf-8","notice":0,"platform":"yqq.json","needNewCode":1,"uin":0,"g_tk_new_20200303":5381,"g_tk":5381},"req_1":{"module":"music.musicsearch.HotkeyService","method":"GetHotkeyForQQMusicMobile","param":{"searchid":"31365759695277856","remoteplace":"txt.yqq.top","from":"yqqweb"}},"req_2":{"module":"music.paycenterapi.LoginStateVerificationApi","method":"GetChargeAccount","param":{"appid":"mlive"}},"req_3":{"module":"musicToplist.ToplistInfoServer","method":"GetAll","param":{}}} 参数1: 422
 [866] [fog_433] 调用结果: 34
 [867] [fog_434] 方法名: ƒ charCodeAt() { [native code] } 调用对象: {"comm":{"cv":4747474,"ct":24,"format":"json","inCharset":"utf-8","outCharset":"utf-8","notice":0,"platform":"yqq.json","needNewCode":1,"uin":0,"g_tk_new_20200303":5381,"g_tk":5381},"req_1":{"module":"music.musicsearch.HotkeyService","method":"GetHotkeyForQQMusicMobile","param":{"searchid":"31365759695277856","remoteplace":"txt.yqq.top","from":"yqqweb"}},"req_2":{"module":"music.paycenterapi.LoginStateVerificationApi","method":"GetChargeAccount","param":{"appid":"mlive"}},"req_3":{"module":"musicToplist.ToplistInfoServer","method":"GetAll","param":{}}} 参数1: 423
 [868] [fog_434] 调用结果: 109
 [869] [fog_435] 方法名: ƒ charCodeAt() { [native code] } 调用对象: {"comm":{"cv":4747474,"ct":24,"format":"json","inCharset":"utf-8","outCharset":"utf-8","notice":0,"platform":"yqq.json","needNewCode":1,"uin":0,"g_tk_new_20200303":5381,"g_tk":5381},"req_1":{"module":"music.musicsearch.HotkeyService","method":"GetHotkeyForQQMusicMobile","param":{"searchid":"31365759695277856","remoteplace":"txt.yqq.top","from":"yqqweb"}},"req_2":{"module":"music.paycenterapi.LoginStateVerificationApi","method":"GetChargeAccount","param":{"appid":"mlive"}},"req_3":{"module":"musicToplist.ToplistInfoServer","method":"GetAll","param":{}}} 参数1: 424
 [870] [fog_435] 调用结果: 101
 [871] [fog_436] 方法名: ƒ charCodeAt() { [native code] } 调用对象: {"comm":{"cv":4747474,"ct":24,"format":"json","inCharset":"utf-8","outCharset":"utf-8","notice":0,"platform":"yqq.json","needNewCode":1,"uin":0,"g_tk_new_20200303":5381,"g_tk":5381},"req_1":{"module":"music.musicsearch.HotkeyService","method":"GetHotkeyForQQMusicMobile","param":{"searchid":"31365759695277856","remoteplace":"txt.yqq.top","from":"yqqweb"}},"req_2":{"module":"music.paycenterapi.LoginStateVerificationApi","method":"GetChargeAccount","param":{"appid":"mlive"}},"req_3":{"module":"musicToplist.ToplistInfoServer","method":"GetAll","param":{}}} 参数1: 425
 [872] [fog_436] 调用结果: 116
 [873] [fog_437] 方法名: ƒ charCodeAt() { [native code] } 调用对象: {"comm":{"cv":4747474,"ct":24,"format":"json","inCharset":"utf-8","outCharset":"utf-8","notice":0,"platform":"yqq.json","needNewCode":1,"uin":0,"g_tk_new_20200303":5381,"g_tk":5381},"req_1":{"module":"music.musicsearch.HotkeyService","method":"GetHotkeyForQQMusicMobile","param":{"searchid":"31365759695277856","remoteplace":"txt.yqq.top","from":"yqqweb"}},"req_2":{"module":"music.paycenterapi.LoginStateVerificationApi","method":"GetChargeAccount","param":{"appid":"mlive"}},"req_3":{"module":"musicToplist.ToplistInfoServer","method":"GetAll","param":{}}} 参数1: 426
 [874] [fog_437] 调用结果: 104
 [875] [fog_438] 方法名: ƒ charCodeAt() { [native code] } 调用对象: {"comm":{"cv":4747474,"ct":24,"format":"json","inCharset":"utf-8","outCharset":"utf-8","notice":0,"platform":"yqq.json","needNewCode":1,"uin":0,"g_tk_new_20200303":5381,"g_tk":5381},"req_1":{"module":"music.musicsearch.HotkeyService","method":"GetHotkeyForQQMusicMobile","param":{"searchid":"31365759695277856","remoteplace":"txt.yqq.top","from":"yqqweb"}},"req_2":{"module":"music.paycenterapi.LoginStateVerificationApi","method":"GetChargeAccount","param":{"appid":"mlive"}},"req_3":{"module":"musicToplist.ToplistInfoServer","method":"GetAll","param":{}}} 参数1: 427
 [876] [fog_438] 调用结果: 111
 [877] [fog_439] 方法名: ƒ charCodeAt() { [native code] } 调用对象: {"comm":{"cv":4747474,"ct":24,"format":"json","inCharset":"utf-8","outCharset":"utf-8","notice":0,"platform":"yqq.json","needNewCode":1,"uin":0,"g_tk_new_20200303":5381,"g_tk":5381},"req_1":{"module":"music.musicsearch.HotkeyService","method":"GetHotkeyForQQMusicMobile","param":{"searchid":"31365759695277856","remoteplace":"txt.yqq.top","from":"yqqweb"}},"req_2":{"module":"music.paycenterapi.LoginStateVerificationApi","method":"GetChargeAccount","param":{"appid":"mlive"}},"req_3":{"module":"musicToplist.ToplistInfoServer","method":"GetAll","param":{}}} 参数1: 428
 [878] [fog_439] 调用结果: 100
 [879] [fog_440] 方法名: ƒ charCodeAt() { [native code] } 调用对象: {"comm":{"cv":4747474,"ct":24,"format":"json","inCharset":"utf-8","outCharset":"utf-8","notice":0,"platform":"yqq.json","needNewCode":1,"uin":0,"g_tk_new_20200303":5381,"g_tk":5381},"req_1":{"module":"music.musicsearch.HotkeyService","method":"GetHotkeyForQQMusicMobile","param":{"searchid":"31365759695277856","remoteplace":"txt.yqq.top","from":"yqqweb"}},"req_2":{"module":"music.paycenterapi.LoginStateVerificationApi","method":"GetChargeAccount","param":{"appid":"mlive"}},"req_3":{"module":"musicToplist.ToplistInfoServer","method":"GetAll","param":{}}} 参数1: 429
 [880] [fog_440] 调用结果: 34
 [881] [fog_441] 方法名: ƒ charCodeAt() { [native code] } 调用对象: {"comm":{"cv":4747474,"ct":24,"format":"json","inCharset":"utf-8","outCharset":"utf-8","notice":0,"platform":"yqq.json","needNewCode":1,"uin":0,"g_tk_new_20200303":5381,"g_tk":5381},"req_1":{"module":"music.musicsearch.HotkeyService","method":"GetHotkeyForQQMusicMobile","param":{"searchid":"31365759695277856","remoteplace":"txt.yqq.top","from":"yqqweb"}},"req_2":{"module":"music.paycenterapi.LoginStateVerificationApi","method":"GetChargeAccount","param":{"appid":"mlive"}},"req_3":{"module":"musicToplist.ToplistInfoServer","method":"GetAll","param":{}}} 参数1: 430
 [882] [fog_441] 调用结果: 58
 [883] [fog_442] 方法名: ƒ charCodeAt() { [native code] } 调用对象: {"comm":{"cv":4747474,"ct":24,"format":"json","inCharset":"utf-8","outCharset":"utf-8","notice":0,"platform":"yqq.json","needNewCode":1,"uin":0,"g_tk_new_20200303":5381,"g_tk":5381},"req_1":{"module":"music.musicsearch.HotkeyService","method":"GetHotkeyForQQMusicMobile","param":{"searchid":"31365759695277856","remoteplace":"txt.yqq.top","from":"yqqweb"}},"req_2":{"module":"music.paycenterapi.LoginStateVerificationApi","method":"GetChargeAccount","param":{"appid":"mlive"}},"req_3":{"module":"musicToplist.ToplistInfoServer","method":"GetAll","param":{}}} 参数1: 431
 [884] [fog_442] 调用结果: 34
 [885] [fog_443] 方法名: ƒ charCodeAt() { [native code] } 调用对象: {"comm":{"cv":4747474,"ct":24,"format":"json","inCharset":"utf-8","outCharset":"utf-8","notice":0,"platform":"yqq.json","needNewCode":1,"uin":0,"g_tk_new_20200303":5381,"g_tk":5381},"req_1":{"module":"music.musicsearch.HotkeyService","method":"GetHotkeyForQQMusicMobile","param":{"searchid":"31365759695277856","remoteplace":"txt.yqq.top","from":"yqqweb"}},"req_2":{"module":"music.paycenterapi.LoginStateVerificationApi","method":"GetChargeAccount","param":{"appid":"mlive"}},"req_3":{"module":"musicToplist.ToplistInfoServer","method":"GetAll","param":{}}} 参数1: 432
 [886] [fog_443] 调用结果: 71
 [887] [fog_444] 方法名: ƒ charCodeAt() { [native code] } 调用对象: {"comm":{"cv":4747474,"ct":24,"format":"json","inCharset":"utf-8","outCharset":"utf-8","notice":0,"platform":"yqq.json","needNewCode":1,"uin":0,"g_tk_new_20200303":5381,"g_tk":5381},"req_1":{"module":"music.musicsearch.HotkeyService","method":"GetHotkeyForQQMusicMobile","param":{"searchid":"31365759695277856","remoteplace":"txt.yqq.top","from":"yqqweb"}},"req_2":{"module":"music.paycenterapi.LoginStateVerificationApi","method":"GetChargeAccount","param":{"appid":"mlive"}},"req_3":{"module":"musicToplist.ToplistInfoServer","method":"GetAll","param":{}}} 参数1: 433
 [888] [fog_444] 调用结果: 101
 [889] [fog_445] 方法名: ƒ charCodeAt() { [native code] } 调用对象: {"comm":{"cv":4747474,"ct":24,"format":"json","inCharset":"utf-8","outCharset":"utf-8","notice":0,"platform":"yqq.json","needNewCode":1,"uin":0,"g_tk_new_20200303":5381,"g_tk":5381},"req_1":{"module":"music.musicsearch.HotkeyService","method":"GetHotkeyForQQMusicMobile","param":{"searchid":"31365759695277856","remoteplace":"txt.yqq.top","from":"yqqweb"}},"req_2":{"module":"music.paycenterapi.LoginStateVerificationApi","method":"GetChargeAccount","param":{"appid":"mlive"}},"req_3":{"module":"musicToplist.ToplistInfoServer","method":"GetAll","param":{}}} 参数1: 434
 [890] [fog_445] 调用结果: 116
 [891] [fog_446] 方法名: ƒ charCodeAt() { [native code] } 调用对象: {"comm":{"cv":4747474,"ct":24,"format":"json","inCharset":"utf-8","outCharset":"utf-8","notice":0,"platform":"yqq.json","needNewCode":1,"uin":0,"g_tk_new_20200303":5381,"g_tk":5381},"req_1":{"module":"music.musicsearch.HotkeyService","method":"GetHotkeyForQQMusicMobile","param":{"searchid":"31365759695277856","remoteplace":"txt.yqq.top","from":"yqqweb"}},"req_2":{"module":"music.paycenterapi.LoginStateVerificationApi","method":"GetChargeAccount","param":{"appid":"mlive"}},"req_3":{"module":"musicToplist.ToplistInfoServer","method":"GetAll","param":{}}} 参数1: 435
 [892] [fog_446] 调用结果: 67
 [893] [fog_447] 方法名: ƒ charCodeAt() { [native code] } 调用对象: {"comm":{"cv":4747474,"ct":24,"format":"json","inCharset":"utf-8","outCharset":"utf-8","notice":0,"platform":"yqq.json","needNewCode":1,"uin":0,"g_tk_new_20200303":5381,"g_tk":5381},"req_1":{"module":"music.musicsearch.HotkeyService","method":"GetHotkeyForQQMusicMobile","param":{"searchid":"31365759695277856","remoteplace":"txt.yqq.top","from":"yqqweb"}},"req_2":{"module":"music.paycenterapi.LoginStateVerificationApi","method":"GetChargeAccount","param":{"appid":"mlive"}},"req_3":{"module":"musicToplist.ToplistInfoServer","method":"GetAll","param":{}}} 参数1: 436
 [894] [fog_447] 调用结果: 104
 [895] [fog_448] 方法名: ƒ charCodeAt() { [native code] } 调用对象: {"comm":{"cv":4747474,"ct":24,"format":"json","inCharset":"utf-8","outCharset":"utf-8","notice":0,"platform":"yqq.json","needNewCode":1,"uin":0,"g_tk_new_20200303":5381,"g_tk":5381},"req_1":{"module":"music.musicsearch.HotkeyService","method":"GetHotkeyForQQMusicMobile","param":{"searchid":"31365759695277856","remoteplace":"txt.yqq.top","from":"yqqweb"}},"req_2":{"module":"music.paycenterapi.LoginStateVerificationApi","method":"GetChargeAccount","param":{"appid":"mlive"}},"req_3":{"module":"musicToplist.ToplistInfoServer","method":"GetAll","param":{}}} 参数1: 437
 [896] [fog_448] 调用结果: 97
 [897] [fog_449] 方法名: ƒ charCodeAt() { [native code] } 调用对象: {"comm":{"cv":4747474,"ct":24,"format":"json","inCharset":"utf-8","outCharset":"utf-8","notice":0,"platform":"yqq.json","needNewCode":1,"uin":0,"g_tk_new_20200303":5381,"g_tk":5381},"req_1":{"module":"music.musicsearch.HotkeyService","method":"GetHotkeyForQQMusicMobile","param":{"searchid":"31365759695277856","remoteplace":"txt.yqq.top","from":"yqqweb"}},"req_2":{"module":"music.paycenterapi.LoginStateVerificationApi","method":"GetChargeAccount","param":{"appid":"mlive"}},"req_3":{"module":"musicToplist.ToplistInfoServer","method":"GetAll","param":{}}} 参数1: 438
 [898] [fog_449] 调用结果: 114
 [899] [fog_450] 方法名: ƒ charCodeAt() { [native code] } 调用对象: {"comm":{"cv":4747474,"ct":24,"format":"json","inCharset":"utf-8","outCharset":"utf-8","notice":0,"platform":"yqq.json","needNewCode":1,"uin":0,"g_tk_new_20200303":5381,"g_tk":5381},"req_1":{"module":"music.musicsearch.HotkeyService","method":"GetHotkeyForQQMusicMobile","param":{"searchid":"31365759695277856","remoteplace":"txt.yqq.top","from":"yqqweb"}},"req_2":{"module":"music.paycenterapi.LoginStateVerificationApi","method":"GetChargeAccount","param":{"appid":"mlive"}},"req_3":{"module":"musicToplist.ToplistInfoServer","method":"GetAll","param":{}}} 参数1: 439
 [900] [fog_450] 调用结果: 103
 [901] [fog_451] 方法名: ƒ charCodeAt() { [native code] } 调用对象: {"comm":{"cv":4747474,"ct":24,"format":"json","inCharset":"utf-8","outCharset":"utf-8","notice":0,"platform":"yqq.json","needNewCode":1,"uin":0,"g_tk_new_20200303":5381,"g_tk":5381},"req_1":{"module":"music.musicsearch.HotkeyService","method":"GetHotkeyForQQMusicMobile","param":{"searchid":"31365759695277856","remoteplace":"txt.yqq.top","from":"yqqweb"}},"req_2":{"module":"music.paycenterapi.LoginStateVerificationApi","method":"GetChargeAccount","param":{"appid":"mlive"}},"req_3":{"module":"musicToplist.ToplistInfoServer","method":"GetAll","param":{}}} 参数1: 440
 [902] [fog_451] 调用结果: 101
 [903] [fog_452] 方法名: ƒ charCodeAt() { [native code] } 调用对象: {"comm":{"cv":4747474,"ct":24,"format":"json","inCharset":"utf-8","outCharset":"utf-8","notice":0,"platform":"yqq.json","needNewCode":1,"uin":0,"g_tk_new_20200303":5381,"g_tk":5381},"req_1":{"module":"music.musicsearch.HotkeyService","method":"GetHotkeyForQQMusicMobile","param":{"searchid":"31365759695277856","remoteplace":"txt.yqq.top","from":"yqqweb"}},"req_2":{"module":"music.paycenterapi.LoginStateVerificationApi","method":"GetChargeAccount","param":{"appid":"mlive"}},"req_3":{"module":"musicToplist.ToplistInfoServer","method":"GetAll","param":{}}} 参数1: 441
 [904] [fog_452] 调用结果: 65
 [905] [fog_453] 方法名: ƒ charCodeAt() { [native code] } 调用对象: {"comm":{"cv":4747474,"ct":24,"format":"json","inCharset":"utf-8","outCharset":"utf-8","notice":0,"platform":"yqq.json","needNewCode":1,"uin":0,"g_tk_new_20200303":5381,"g_tk":5381},"req_1":{"module":"music.musicsearch.HotkeyService","method":"GetHotkeyForQQMusicMobile","param":{"searchid":"31365759695277856","remoteplace":"txt.yqq.top","from":"yqqweb"}},"req_2":{"module":"music.paycenterapi.LoginStateVerificationApi","method":"GetChargeAccount","param":{"appid":"mlive"}},"req_3":{"module":"musicToplist.ToplistInfoServer","method":"GetAll","param":{}}} 参数1: 442
 [906] [fog_453] 调用结果: 99
 [907] [fog_454] 方法名: ƒ charCodeAt() { [native code] } 调用对象: {"comm":{"cv":4747474,"ct":24,"format":"json","inCharset":"utf-8","outCharset":"utf-8","notice":0,"platform":"yqq.json","needNewCode":1,"uin":0,"g_tk_new_20200303":5381,"g_tk":5381},"req_1":{"module":"music.musicsearch.HotkeyService","method":"GetHotkeyForQQMusicMobile","param":{"searchid":"31365759695277856","remoteplace":"txt.yqq.top","from":"yqqweb"}},"req_2":{"module":"music.paycenterapi.LoginStateVerificationApi","method":"GetChargeAccount","param":{"appid":"mlive"}},"req_3":{"module":"musicToplist.ToplistInfoServer","method":"GetAll","param":{}}} 参数1: 443
 [908] [fog_454] 调用结果: 99
 [909] [fog_455] 方法名: ƒ charCodeAt() { [native code] } 调用对象: {"comm":{"cv":4747474,"ct":24,"format":"json","inCharset":"utf-8","outCharset":"utf-8","notice":0,"platform":"yqq.json","needNewCode":1,"uin":0,"g_tk_new_20200303":5381,"g_tk":5381},"req_1":{"module":"music.musicsearch.HotkeyService","method":"GetHotkeyForQQMusicMobile","param":{"searchid":"31365759695277856","remoteplace":"txt.yqq.top","from":"yqqweb"}},"req_2":{"module":"music.paycenterapi.LoginStateVerificationApi","method":"GetChargeAccount","param":{"appid":"mlive"}},"req_3":{"module":"musicToplist.ToplistInfoServer","method":"GetAll","param":{}}} 参数1: 444
 [910] [fog_455] 调用结果: 111
 [911] [fog_456] 方法名: ƒ charCodeAt() { [native code] } 调用对象: {"comm":{"cv":4747474,"ct":24,"format":"json","inCharset":"utf-8","outCharset":"utf-8","notice":0,"platform":"yqq.json","needNewCode":1,"uin":0,"g_tk_new_20200303":5381,"g_tk":5381},"req_1":{"module":"music.musicsearch.HotkeyService","method":"GetHotkeyForQQMusicMobile","param":{"searchid":"31365759695277856","remoteplace":"txt.yqq.top","from":"yqqweb"}},"req_2":{"module":"music.paycenterapi.LoginStateVerificationApi","method":"GetChargeAccount","param":{"appid":"mlive"}},"req_3":{"module":"musicToplist.ToplistInfoServer","method":"GetAll","param":{}}} 参数1: 445
 [912] [fog_456] 调用结果: 117
 [913] [fog_457] 方法名: ƒ charCodeAt() { [native code] } 调用对象: {"comm":{"cv":4747474,"ct":24,"format":"json","inCharset":"utf-8","outCharset":"utf-8","notice":0,"platform":"yqq.json","needNewCode":1,"uin":0,"g_tk_new_20200303":5381,"g_tk":5381},"req_1":{"module":"music.musicsearch.HotkeyService","method":"GetHotkeyForQQMusicMobile","param":{"searchid":"31365759695277856","remoteplace":"txt.yqq.top","from":"yqqweb"}},"req_2":{"module":"music.paycenterapi.LoginStateVerificationApi","method":"GetChargeAccount","param":{"appid":"mlive"}},"req_3":{"module":"musicToplist.ToplistInfoServer","method":"GetAll","param":{}}} 参数1: 446
 [914] [fog_457] 调用结果: 110
 [915] [fog_458] 方法名: ƒ charCodeAt() { [native code] } 调用对象: {"comm":{"cv":4747474,"ct":24,"format":"json","inCharset":"utf-8","outCharset":"utf-8","notice":0,"platform":"yqq.json","needNewCode":1,"uin":0,"g_tk_new_20200303":5381,"g_tk":5381},"req_1":{"module":"music.musicsearch.HotkeyService","method":"GetHotkeyForQQMusicMobile","param":{"searchid":"31365759695277856","remoteplace":"txt.yqq.top","from":"yqqweb"}},"req_2":{"module":"music.paycenterapi.LoginStateVerificationApi","method":"GetChargeAccount","param":{"appid":"mlive"}},"req_3":{"module":"musicToplist.ToplistInfoServer","method":"GetAll","param":{}}} 参数1: 447
 [916] [fog_458] 调用结果: 116
 [917] [fog_459] 方法名: ƒ c() {
                        for (var l, f, h = [o, s, t, this, arguments, c, n, 0], d = void 0, p = e, g = []; ; )
                            try {
                                for (; ; )
     … 调用对象: c {blocks: Array(80), h0: -1403363534, h1: 1059886185, h2: -1419771158, h3: 1573522635, …} 参数无
 [918] [fog_459] 调用结果: undefined
 [919] [fog_460] 方法名: ƒ charCodeAt() { [native code] } 调用对象: {"comm":{"cv":4747474,"ct":24,"format":"json","inCharset":"utf-8","outCharset":"utf-8","notice":0,"platform":"yqq.json","needNewCode":1,"uin":0,"g_tk_new_20200303":5381,"g_tk":5381},"req_1":{"module":"music.musicsearch.HotkeyService","method":"GetHotkeyForQQMusicMobile","param":{"searchid":"31365759695277856","remoteplace":"txt.yqq.top","from":"yqqweb"}},"req_2":{"module":"music.paycenterapi.LoginStateVerificationApi","method":"GetChargeAccount","param":{"appid":"mlive"}},"req_3":{"module":"musicToplist.ToplistInfoServer","method":"GetAll","param":{}}} 参数1: 448
 [920] [fog_460] 调用结果: 34
 [921] [fog_461] 方法名: ƒ charCodeAt() { [native code] } 调用对象: {"comm":{"cv":4747474,"ct":24,"format":"json","inCharset":"utf-8","outCharset":"utf-8","notice":0,"platform":"yqq.json","needNewCode":1,"uin":0,"g_tk_new_20200303":5381,"g_tk":5381},"req_1":{"module":"music.musicsearch.HotkeyService","method":"GetHotkeyForQQMusicMobile","param":{"searchid":"31365759695277856","remoteplace":"txt.yqq.top","from":"yqqweb"}},"req_2":{"module":"music.paycenterapi.LoginStateVerificationApi","method":"GetChargeAccount","param":{"appid":"mlive"}},"req_3":{"module":"musicToplist.ToplistInfoServer","method":"GetAll","param":{}}} 参数1: 449
 [922] [fog_461] 调用结果: 44
 [923] [fog_462] 方法名: ƒ charCodeAt() { [native code] } 调用对象: {"comm":{"cv":4747474,"ct":24,"format":"json","inCharset":"utf-8","outCharset":"utf-8","notice":0,"platform":"yqq.json","needNewCode":1,"uin":0,"g_tk_new_20200303":5381,"g_tk":5381},"req_1":{"module":"music.musicsearch.HotkeyService","method":"GetHotkeyForQQMusicMobile","param":{"searchid":"31365759695277856","remoteplace":"txt.yqq.top","from":"yqqweb"}},"req_2":{"module":"music.paycenterapi.LoginStateVerificationApi","method":"GetChargeAccount","param":{"appid":"mlive"}},"req_3":{"module":"musicToplist.ToplistInfoServer","method":"GetAll","param":{}}} 参数1: 450
 [924] [fog_462] 调用结果: 34
 [925] [fog_463] 方法名: ƒ charCodeAt() { [native code] } 调用对象: {"comm":{"cv":4747474,"ct":24,"format":"json","inCharset":"utf-8","outCharset":"utf-8","notice":0,"platform":"yqq.json","needNewCode":1,"uin":0,"g_tk_new_20200303":5381,"g_tk":5381},"req_1":{"module":"music.musicsearch.HotkeyService","method":"GetHotkeyForQQMusicMobile","param":{"searchid":"31365759695277856","remoteplace":"txt.yqq.top","from":"yqqweb"}},"req_2":{"module":"music.paycenterapi.LoginStateVerificationApi","method":"GetChargeAccount","param":{"appid":"mlive"}},"req_3":{"module":"musicToplist.ToplistInfoServer","method":"GetAll","param":{}}} 参数1: 451
 [926] [fog_463] 调用结果: 112
 [927] [fog_464] 方法名: ƒ charCodeAt() { [native code] } 调用对象: {"comm":{"cv":4747474,"ct":24,"format":"json","inCharset":"utf-8","outCharset":"utf-8","notice":0,"platform":"yqq.json","needNewCode":1,"uin":0,"g_tk_new_20200303":5381,"g_tk":5381},"req_1":{"module":"music.musicsearch.HotkeyService","method":"GetHotkeyForQQMusicMobile","param":{"searchid":"31365759695277856","remoteplace":"txt.yqq.top","from":"yqqweb"}},"req_2":{"module":"music.paycenterapi.LoginStateVerificationApi","method":"GetChargeAccount","param":{"appid":"mlive"}},"req_3":{"module":"musicToplist.ToplistInfoServer","method":"GetAll","param":{}}} 参数1: 452
 [928] [fog_464] 调用结果: 97
 [929] [fog_465] 方法名: ƒ charCodeAt() { [native code] } 调用对象: {"comm":{"cv":4747474,"ct":24,"format":"json","inCharset":"utf-8","outCharset":"utf-8","notice":0,"platform":"yqq.json","needNewCode":1,"uin":0,"g_tk_new_20200303":5381,"g_tk":5381},"req_1":{"module":"music.musicsearch.HotkeyService","method":"GetHotkeyForQQMusicMobile","param":{"searchid":"31365759695277856","remoteplace":"txt.yqq.top","from":"yqqweb"}},"req_2":{"module":"music.paycenterapi.LoginStateVerificationApi","method":"GetChargeAccount","param":{"appid":"mlive"}},"req_3":{"module":"musicToplist.ToplistInfoServer","method":"GetAll","param":{}}} 参数1: 453
 [930] [fog_465] 调用结果: 114
 [931] [fog_466] 方法名: ƒ charCodeAt() { [native code] } 调用对象: {"comm":{"cv":4747474,"ct":24,"format":"json","inCharset":"utf-8","outCharset":"utf-8","notice":0,"platform":"yqq.json","needNewCode":1,"uin":0,"g_tk_new_20200303":5381,"g_tk":5381},"req_1":{"module":"music.musicsearch.HotkeyService","method":"GetHotkeyForQQMusicMobile","param":{"searchid":"31365759695277856","remoteplace":"txt.yqq.top","from":"yqqweb"}},"req_2":{"module":"music.paycenterapi.LoginStateVerificationApi","method":"GetChargeAccount","param":{"appid":"mlive"}},"req_3":{"module":"musicToplist.ToplistInfoServer","method":"GetAll","param":{}}} 参数1: 454
 [932] [fog_466] 调用结果: 97
 [933] [fog_467] 方法名: ƒ charCodeAt() { [native code] } 调用对象: {"comm":{"cv":4747474,"ct":24,"format":"json","inCharset":"utf-8","outCharset":"utf-8","notice":0,"platform":"yqq.json","needNewCode":1,"uin":0,"g_tk_new_20200303":5381,"g_tk":5381},"req_1":{"module":"music.musicsearch.HotkeyService","method":"GetHotkeyForQQMusicMobile","param":{"searchid":"31365759695277856","remoteplace":"txt.yqq.top","from":"yqqweb"}},"req_2":{"module":"music.paycenterapi.LoginStateVerificationApi","method":"GetChargeAccount","param":{"appid":"mlive"}},"req_3":{"module":"musicToplist.ToplistInfoServer","method":"GetAll","param":{}}} 参数1: 455
 [934] [fog_467] 调用结果: 109
 [935] [fog_468] 方法名: ƒ charCodeAt() { [native code] } 调用对象: {"comm":{"cv":4747474,"ct":24,"format":"json","inCharset":"utf-8","outCharset":"utf-8","notice":0,"platform":"yqq.json","needNewCode":1,"uin":0,"g_tk_new_20200303":5381,"g_tk":5381},"req_1":{"module":"music.musicsearch.HotkeyService","method":"GetHotkeyForQQMusicMobile","param":{"searchid":"31365759695277856","remoteplace":"txt.yqq.top","from":"yqqweb"}},"req_2":{"module":"music.paycenterapi.LoginStateVerificationApi","method":"GetChargeAccount","param":{"appid":"mlive"}},"req_3":{"module":"musicToplist.ToplistInfoServer","method":"GetAll","param":{}}} 参数1: 456
 [936] [fog_468] 调用结果: 34
 [937] [fog_469] 方法名: ƒ charCodeAt() { [native code] } 调用对象: {"comm":{"cv":4747474,"ct":24,"format":"json","inCharset":"utf-8","outCharset":"utf-8","notice":0,"platform":"yqq.json","needNewCode":1,"uin":0,"g_tk_new_20200303":5381,"g_tk":5381},"req_1":{"module":"music.musicsearch.HotkeyService","method":"GetHotkeyForQQMusicMobile","param":{"searchid":"31365759695277856","remoteplace":"txt.yqq.top","from":"yqqweb"}},"req_2":{"module":"music.paycenterapi.LoginStateVerificationApi","method":"GetChargeAccount","param":{"appid":"mlive"}},"req_3":{"module":"musicToplist.ToplistInfoServer","method":"GetAll","param":{}}} 参数1: 457
 [938] [fog_469] 调用结果: 58
 [939] [fog_470] 方法名: ƒ charCodeAt() { [native code] } 调用对象: {"comm":{"cv":4747474,"ct":24,"format":"json","inCharset":"utf-8","outCharset":"utf-8","notice":0,"platform":"yqq.json","needNewCode":1,"uin":0,"g_tk_new_20200303":5381,"g_tk":5381},"req_1":{"module":"music.musicsearch.HotkeyService","method":"GetHotkeyForQQMusicMobile","param":{"searchid":"31365759695277856","remoteplace":"txt.yqq.top","from":"yqqweb"}},"req_2":{"module":"music.paycenterapi.LoginStateVerificationApi","method":"GetChargeAccount","param":{"appid":"mlive"}},"req_3":{"module":"musicToplist.ToplistInfoServer","method":"GetAll","param":{}}} 参数1: 458
 [940] [fog_470] 调用结果: 123
 [941] [fog_471] 方法名: ƒ charCodeAt() { [native code] } 调用对象: {"comm":{"cv":4747474,"ct":24,"format":"json","inCharset":"utf-8","outCharset":"utf-8","notice":0,"platform":"yqq.json","needNewCode":1,"uin":0,"g_tk_new_20200303":5381,"g_tk":5381},"req_1":{"module":"music.musicsearch.HotkeyService","method":"GetHotkeyForQQMusicMobile","param":{"searchid":"31365759695277856","remoteplace":"txt.yqq.top","from":"yqqweb"}},"req_2":{"module":"music.paycenterapi.LoginStateVerificationApi","method":"GetChargeAccount","param":{"appid":"mlive"}},"req_3":{"module":"musicToplist.ToplistInfoServer","method":"GetAll","param":{}}} 参数1: 459
 [942] [fog_471] 调用结果: 34
 [943] [fog_472] 方法名: ƒ charCodeAt() { [native code] } 调用对象: {"comm":{"cv":4747474,"ct":24,"format":"json","inCharset":"utf-8","outCharset":"utf-8","notice":0,"platform":"yqq.json","needNewCode":1,"uin":0,"g_tk_new_20200303":5381,"g_tk":5381},"req_1":{"module":"music.musicsearch.HotkeyService","method":"GetHotkeyForQQMusicMobile","param":{"searchid":"31365759695277856","remoteplace":"txt.yqq.top","from":"yqqweb"}},"req_2":{"module":"music.paycenterapi.LoginStateVerificationApi","method":"GetChargeAccount","param":{"appid":"mlive"}},"req_3":{"module":"musicToplist.ToplistInfoServer","method":"GetAll","param":{}}} 参数1: 460
 [944] [fog_472] 调用结果: 97
 [945] [fog_473] 方法名: ƒ charCodeAt() { [native code] } 调用对象: {"comm":{"cv":4747474,"ct":24,"format":"json","inCharset":"utf-8","outCharset":"utf-8","notice":0,"platform":"yqq.json","needNewCode":1,"uin":0,"g_tk_new_20200303":5381,"g_tk":5381},"req_1":{"module":"music.musicsearch.HotkeyService","method":"GetHotkeyForQQMusicMobile","param":{"searchid":"31365759695277856","remoteplace":"txt.yqq.top","from":"yqqweb"}},"req_2":{"module":"music.paycenterapi.LoginStateVerificationApi","method":"GetChargeAccount","param":{"appid":"mlive"}},"req_3":{"module":"musicToplist.ToplistInfoServer","method":"GetAll","param":{}}} 参数1: 461
 [946] [fog_473] 调用结果: 112
 [947] [fog_474] 方法名: ƒ charCodeAt() { [native code] } 调用对象: {"comm":{"cv":4747474,"ct":24,"format":"json","inCharset":"utf-8","outCharset":"utf-8","notice":0,"platform":"yqq.json","needNewCode":1,"uin":0,"g_tk_new_20200303":5381,"g_tk":5381},"req_1":{"module":"music.musicsearch.HotkeyService","method":"GetHotkeyForQQMusicMobile","param":{"searchid":"31365759695277856","remoteplace":"txt.yqq.top","from":"yqqweb"}},"req_2":{"module":"music.paycenterapi.LoginStateVerificationApi","method":"GetChargeAccount","param":{"appid":"mlive"}},"req_3":{"module":"musicToplist.ToplistInfoServer","method":"GetAll","param":{}}} 参数1: 462
 [948] [fog_474] 调用结果: 112
 [949] [fog_475] 方法名: ƒ charCodeAt() { [native code] } 调用对象: {"comm":{"cv":4747474,"ct":24,"format":"json","inCharset":"utf-8","outCharset":"utf-8","notice":0,"platform":"yqq.json","needNewCode":1,"uin":0,"g_tk_new_20200303":5381,"g_tk":5381},"req_1":{"module":"music.musicsearch.HotkeyService","method":"GetHotkeyForQQMusicMobile","param":{"searchid":"31365759695277856","remoteplace":"txt.yqq.top","from":"yqqweb"}},"req_2":{"module":"music.paycenterapi.LoginStateVerificationApi","method":"GetChargeAccount","param":{"appid":"mlive"}},"req_3":{"module":"musicToplist.ToplistInfoServer","method":"GetAll","param":{}}} 参数1: 463
 [950] [fog_475] 调用结果: 105
 [951] [fog_476] 方法名: ƒ charCodeAt() { [native code] } 调用对象: {"comm":{"cv":4747474,"ct":24,"format":"json","inCharset":"utf-8","outCharset":"utf-8","notice":0,"platform":"yqq.json","needNewCode":1,"uin":0,"g_tk_new_20200303":5381,"g_tk":5381},"req_1":{"module":"music.musicsearch.HotkeyService","method":"GetHotkeyForQQMusicMobile","param":{"searchid":"31365759695277856","remoteplace":"txt.yqq.top","from":"yqqweb"}},"req_2":{"module":"music.paycenterapi.LoginStateVerificationApi","method":"GetChargeAccount","param":{"appid":"mlive"}},"req_3":{"module":"musicToplist.ToplistInfoServer","method":"GetAll","param":{}}} 参数1: 464
 [952] [fog_476] 调用结果: 100
 [953] [fog_477] 方法名: ƒ charCodeAt() { [native code] } 调用对象: {"comm":{"cv":4747474,"ct":24,"format":"json","inCharset":"utf-8","outCharset":"utf-8","notice":0,"platform":"yqq.json","needNewCode":1,"uin":0,"g_tk_new_20200303":5381,"g_tk":5381},"req_1":{"module":"music.musicsearch.HotkeyService","method":"GetHotkeyForQQMusicMobile","param":{"searchid":"31365759695277856","remoteplace":"txt.yqq.top","from":"yqqweb"}},"req_2":{"module":"music.paycenterapi.LoginStateVerificationApi","method":"GetChargeAccount","param":{"appid":"mlive"}},"req_3":{"module":"musicToplist.ToplistInfoServer","method":"GetAll","param":{}}} 参数1: 465
 [954] [fog_477] 调用结果: 34
 [955] [fog_478] 方法名: ƒ charCodeAt() { [native code] } 调用对象: {"comm":{"cv":4747474,"ct":24,"format":"json","inCharset":"utf-8","outCharset":"utf-8","notice":0,"platform":"yqq.json","needNewCode":1,"uin":0,"g_tk_new_20200303":5381,"g_tk":5381},"req_1":{"module":"music.musicsearch.HotkeyService","method":"GetHotkeyForQQMusicMobile","param":{"searchid":"31365759695277856","remoteplace":"txt.yqq.top","from":"yqqweb"}},"req_2":{"module":"music.paycenterapi.LoginStateVerificationApi","method":"GetChargeAccount","param":{"appid":"mlive"}},"req_3":{"module":"musicToplist.ToplistInfoServer","method":"GetAll","param":{}}} 参数1: 466
 [956] [fog_478] 调用结果: 58
 [957] [fog_479] 方法名: ƒ charCodeAt() { [native code] } 调用对象: {"comm":{"cv":4747474,"ct":24,"format":"json","inCharset":"utf-8","outCharset":"utf-8","notice":0,"platform":"yqq.json","needNewCode":1,"uin":0,"g_tk_new_20200303":5381,"g_tk":5381},"req_1":{"module":"music.musicsearch.HotkeyService","method":"GetHotkeyForQQMusicMobile","param":{"searchid":"31365759695277856","remoteplace":"txt.yqq.top","from":"yqqweb"}},"req_2":{"module":"music.paycenterapi.LoginStateVerificationApi","method":"GetChargeAccount","param":{"appid":"mlive"}},"req_3":{"module":"musicToplist.ToplistInfoServer","method":"GetAll","param":{}}} 参数1: 467
 [958] [fog_479] 调用结果: 34
 [959] [fog_480] 方法名: ƒ charCodeAt() { [native code] } 调用对象: {"comm":{"cv":4747474,"ct":24,"format":"json","inCharset":"utf-8","outCharset":"utf-8","notice":0,"platform":"yqq.json","needNewCode":1,"uin":0,"g_tk_new_20200303":5381,"g_tk":5381},"req_1":{"module":"music.musicsearch.HotkeyService","method":"GetHotkeyForQQMusicMobile","param":{"searchid":"31365759695277856","remoteplace":"txt.yqq.top","from":"yqqweb"}},"req_2":{"module":"music.paycenterapi.LoginStateVerificationApi","method":"GetChargeAccount","param":{"appid":"mlive"}},"req_3":{"module":"musicToplist.ToplistInfoServer","method":"GetAll","param":{}}} 参数1: 468
 [960] [fog_480] 调用结果: 109
 [961] [fog_481] 方法名: ƒ charCodeAt() { [native code] } 调用对象: {"comm":{"cv":4747474,"ct":24,"format":"json","inCharset":"utf-8","outCharset":"utf-8","notice":0,"platform":"yqq.json","needNewCode":1,"uin":0,"g_tk_new_20200303":5381,"g_tk":5381},"req_1":{"module":"music.musicsearch.HotkeyService","method":"GetHotkeyForQQMusicMobile","param":{"searchid":"31365759695277856","remoteplace":"txt.yqq.top","from":"yqqweb"}},"req_2":{"module":"music.paycenterapi.LoginStateVerificationApi","method":"GetChargeAccount","param":{"appid":"mlive"}},"req_3":{"module":"musicToplist.ToplistInfoServer","method":"GetAll","param":{}}} 参数1: 469
 [962] [fog_481] 调用结果: 108
 [963] [fog_482] 方法名: ƒ charCodeAt() { [native code] } 调用对象: {"comm":{"cv":4747474,"ct":24,"format":"json","inCharset":"utf-8","outCharset":"utf-8","notice":0,"platform":"yqq.json","needNewCode":1,"uin":0,"g_tk_new_20200303":5381,"g_tk":5381},"req_1":{"module":"music.musicsearch.HotkeyService","method":"GetHotkeyForQQMusicMobile","param":{"searchid":"31365759695277856","remoteplace":"txt.yqq.top","from":"yqqweb"}},"req_2":{"module":"music.paycenterapi.LoginStateVerificationApi","method":"GetChargeAccount","param":{"appid":"mlive"}},"req_3":{"module":"musicToplist.ToplistInfoServer","method":"GetAll","param":{}}} 参数1: 470
 [964] [fog_482] 调用结果: 105
 [965] [fog_483] 方法名: ƒ charCodeAt() { [native code] } 调用对象: {"comm":{"cv":4747474,"ct":24,"format":"json","inCharset":"utf-8","outCharset":"utf-8","notice":0,"platform":"yqq.json","needNewCode":1,"uin":0,"g_tk_new_20200303":5381,"g_tk":5381},"req_1":{"module":"music.musicsearch.HotkeyService","method":"GetHotkeyForQQMusicMobile","param":{"searchid":"31365759695277856","remoteplace":"txt.yqq.top","from":"yqqweb"}},"req_2":{"module":"music.paycenterapi.LoginStateVerificationApi","method":"GetChargeAccount","param":{"appid":"mlive"}},"req_3":{"module":"musicToplist.ToplistInfoServer","method":"GetAll","param":{}}} 参数1: 471
 [966] [fog_483] 调用结果: 118
 [967] [fog_484] 方法名: ƒ charCodeAt() { [native code] } 调用对象: {"comm":{"cv":4747474,"ct":24,"format":"json","inCharset":"utf-8","outCharset":"utf-8","notice":0,"platform":"yqq.json","needNewCode":1,"uin":0,"g_tk_new_20200303":5381,"g_tk":5381},"req_1":{"module":"music.musicsearch.HotkeyService","method":"GetHotkeyForQQMusicMobile","param":{"searchid":"31365759695277856","remoteplace":"txt.yqq.top","from":"yqqweb"}},"req_2":{"module":"music.paycenterapi.LoginStateVerificationApi","method":"GetChargeAccount","param":{"appid":"mlive"}},"req_3":{"module":"musicToplist.ToplistInfoServer","method":"GetAll","param":{}}} 参数1: 472
 [968] [fog_484] 调用结果: 101
 [969] [fog_485] 方法名: ƒ charCodeAt() { [native code] } 调用对象: {"comm":{"cv":4747474,"ct":24,"format":"json","inCharset":"utf-8","outCharset":"utf-8","notice":0,"platform":"yqq.json","needNewCode":1,"uin":0,"g_tk_new_20200303":5381,"g_tk":5381},"req_1":{"module":"music.musicsearch.HotkeyService","method":"GetHotkeyForQQMusicMobile","param":{"searchid":"31365759695277856","remoteplace":"txt.yqq.top","from":"yqqweb"}},"req_2":{"module":"music.paycenterapi.LoginStateVerificationApi","method":"GetChargeAccount","param":{"appid":"mlive"}},"req_3":{"module":"musicToplist.ToplistInfoServer","method":"GetAll","param":{}}} 参数1: 473
 [970] [fog_485] 调用结果: 34
 [971] [fog_486] 方法名: ƒ charCodeAt() { [native code] } 调用对象: {"comm":{"cv":4747474,"ct":24,"format":"json","inCharset":"utf-8","outCharset":"utf-8","notice":0,"platform":"yqq.json","needNewCode":1,"uin":0,"g_tk_new_20200303":5381,"g_tk":5381},"req_1":{"module":"music.musicsearch.HotkeyService","method":"GetHotkeyForQQMusicMobile","param":{"searchid":"31365759695277856","remoteplace":"txt.yqq.top","from":"yqqweb"}},"req_2":{"module":"music.paycenterapi.LoginStateVerificationApi","method":"GetChargeAccount","param":{"appid":"mlive"}},"req_3":{"module":"musicToplist.ToplistInfoServer","method":"GetAll","param":{}}} 参数1: 474
 [972] [fog_486] 调用结果: 125
 [973] [fog_487] 方法名: ƒ charCodeAt() { [native code] } 调用对象: {"comm":{"cv":4747474,"ct":24,"format":"json","inCharset":"utf-8","outCharset":"utf-8","notice":0,"platform":"yqq.json","needNewCode":1,"uin":0,"g_tk_new_20200303":5381,"g_tk":5381},"req_1":{"module":"music.musicsearch.HotkeyService","method":"GetHotkeyForQQMusicMobile","param":{"searchid":"31365759695277856","remoteplace":"txt.yqq.top","from":"yqqweb"}},"req_2":{"module":"music.paycenterapi.LoginStateVerificationApi","method":"GetChargeAccount","param":{"appid":"mlive"}},"req_3":{"module":"musicToplist.ToplistInfoServer","method":"GetAll","param":{}}} 参数1: 475
 [974] [fog_487] 调用结果: 125
 [975] [fog_488] 方法名: ƒ charCodeAt() { [native code] } 调用对象: {"comm":{"cv":4747474,"ct":24,"format":"json","inCharset":"utf-8","outCharset":"utf-8","notice":0,"platform":"yqq.json","needNewCode":1,"uin":0,"g_tk_new_20200303":5381,"g_tk":5381},"req_1":{"module":"music.musicsearch.HotkeyService","method":"GetHotkeyForQQMusicMobile","param":{"searchid":"31365759695277856","remoteplace":"txt.yqq.top","from":"yqqweb"}},"req_2":{"module":"music.paycenterapi.LoginStateVerificationApi","method":"GetChargeAccount","param":{"appid":"mlive"}},"req_3":{"module":"musicToplist.ToplistInfoServer","method":"GetAll","param":{}}} 参数1: 476
 [976] [fog_488] 调用结果: 44
 [977] [fog_489] 方法名: ƒ charCodeAt() { [native code] } 调用对象: {"comm":{"cv":4747474,"ct":24,"format":"json","inCharset":"utf-8","outCharset":"utf-8","notice":0,"platform":"yqq.json","needNewCode":1,"uin":0,"g_tk_new_20200303":5381,"g_tk":5381},"req_1":{"module":"music.musicsearch.HotkeyService","method":"GetHotkeyForQQMusicMobile","param":{"searchid":"31365759695277856","remoteplace":"txt.yqq.top","from":"yqqweb"}},"req_2":{"module":"music.paycenterapi.LoginStateVerificationApi","method":"GetChargeAccount","param":{"appid":"mlive"}},"req_3":{"module":"musicToplist.ToplistInfoServer","method":"GetAll","param":{}}} 参数1: 477
 [978] [fog_489] 调用结果: 34
 [979] [fog_490] 方法名: ƒ charCodeAt() { [native code] } 调用对象: {"comm":{"cv":4747474,"ct":24,"format":"json","inCharset":"utf-8","outCharset":"utf-8","notice":0,"platform":"yqq.json","needNewCode":1,"uin":0,"g_tk_new_20200303":5381,"g_tk":5381},"req_1":{"module":"music.musicsearch.HotkeyService","method":"GetHotkeyForQQMusicMobile","param":{"searchid":"31365759695277856","remoteplace":"txt.yqq.top","from":"yqqweb"}},"req_2":{"module":"music.paycenterapi.LoginStateVerificationApi","method":"GetChargeAccount","param":{"appid":"mlive"}},"req_3":{"module":"musicToplist.ToplistInfoServer","method":"GetAll","param":{}}} 参数1: 478
 [980] [fog_490] 调用结果: 114
 [981] [fog_491] 方法名: ƒ charCodeAt() { [native code] } 调用对象: {"comm":{"cv":4747474,"ct":24,"format":"json","inCharset":"utf-8","outCharset":"utf-8","notice":0,"platform":"yqq.json","needNewCode":1,"uin":0,"g_tk_new_20200303":5381,"g_tk":5381},"req_1":{"module":"music.musicsearch.HotkeyService","method":"GetHotkeyForQQMusicMobile","param":{"searchid":"31365759695277856","remoteplace":"txt.yqq.top","from":"yqqweb"}},"req_2":{"module":"music.paycenterapi.LoginStateVerificationApi","method":"GetChargeAccount","param":{"appid":"mlive"}},"req_3":{"module":"musicToplist.ToplistInfoServer","method":"GetAll","param":{}}} 参数1: 479
 [982] [fog_491] 调用结果: 101
 [983] [fog_492] 方法名: ƒ charCodeAt() { [native code] } 调用对象: {"comm":{"cv":4747474,"ct":24,"format":"json","inCharset":"utf-8","outCharset":"utf-8","notice":0,"platform":"yqq.json","needNewCode":1,"uin":0,"g_tk_new_20200303":5381,"g_tk":5381},"req_1":{"module":"music.musicsearch.HotkeyService","method":"GetHotkeyForQQMusicMobile","param":{"searchid":"31365759695277856","remoteplace":"txt.yqq.top","from":"yqqweb"}},"req_2":{"module":"music.paycenterapi.LoginStateVerificationApi","method":"GetChargeAccount","param":{"appid":"mlive"}},"req_3":{"module":"musicToplist.ToplistInfoServer","method":"GetAll","param":{}}} 参数1: 480
 [984] [fog_492] 调用结果: 113
 [985] [fog_493] 方法名: ƒ charCodeAt() { [native code] } 调用对象: {"comm":{"cv":4747474,"ct":24,"format":"json","inCharset":"utf-8","outCharset":"utf-8","notice":0,"platform":"yqq.json","needNewCode":1,"uin":0,"g_tk_new_20200303":5381,"g_tk":5381},"req_1":{"module":"music.musicsearch.HotkeyService","method":"GetHotkeyForQQMusicMobile","param":{"searchid":"31365759695277856","remoteplace":"txt.yqq.top","from":"yqqweb"}},"req_2":{"module":"music.paycenterapi.LoginStateVerificationApi","method":"GetChargeAccount","param":{"appid":"mlive"}},"req_3":{"module":"musicToplist.ToplistInfoServer","method":"GetAll","param":{}}} 参数1: 481
 [986] [fog_493] 调用结果: 95
 [987] [fog_494] 方法名: ƒ charCodeAt() { [native code] } 调用对象: {"comm":{"cv":4747474,"ct":24,"format":"json","inCharset":"utf-8","outCharset":"utf-8","notice":0,"platform":"yqq.json","needNewCode":1,"uin":0,"g_tk_new_20200303":5381,"g_tk":5381},"req_1":{"module":"music.musicsearch.HotkeyService","method":"GetHotkeyForQQMusicMobile","param":{"searchid":"31365759695277856","remoteplace":"txt.yqq.top","from":"yqqweb"}},"req_2":{"module":"music.paycenterapi.LoginStateVerificationApi","method":"GetChargeAccount","param":{"appid":"mlive"}},"req_3":{"module":"musicToplist.ToplistInfoServer","method":"GetAll","param":{}}} 参数1: 482
 [988] [fog_494] 调用结果: 51
 [989] [fog_495] 方法名: ƒ charCodeAt() { [native code] } 调用对象: {"comm":{"cv":4747474,"ct":24,"format":"json","inCharset":"utf-8","outCharset":"utf-8","notice":0,"platform":"yqq.json","needNewCode":1,"uin":0,"g_tk_new_20200303":5381,"g_tk":5381},"req_1":{"module":"music.musicsearch.HotkeyService","method":"GetHotkeyForQQMusicMobile","param":{"searchid":"31365759695277856","remoteplace":"txt.yqq.top","from":"yqqweb"}},"req_2":{"module":"music.paycenterapi.LoginStateVerificationApi","method":"GetChargeAccount","param":{"appid":"mlive"}},"req_3":{"module":"musicToplist.ToplistInfoServer","method":"GetAll","param":{}}} 参数1: 483
 [990] [fog_495] 调用结果: 34
 [991] [fog_496] 方法名: ƒ charCodeAt() { [native code] } 调用对象: {"comm":{"cv":4747474,"ct":24,"format":"json","inCharset":"utf-8","outCharset":"utf-8","notice":0,"platform":"yqq.json","needNewCode":1,"uin":0,"g_tk_new_20200303":5381,"g_tk":5381},"req_1":{"module":"music.musicsearch.HotkeyService","method":"GetHotkeyForQQMusicMobile","param":{"searchid":"31365759695277856","remoteplace":"txt.yqq.top","from":"yqqweb"}},"req_2":{"module":"music.paycenterapi.LoginStateVerificationApi","method":"GetChargeAccount","param":{"appid":"mlive"}},"req_3":{"module":"musicToplist.ToplistInfoServer","method":"GetAll","param":{}}} 参数1: 484
 [992] [fog_496] 调用结果: 58
 [993] [fog_497] 方法名: ƒ charCodeAt() { [native code] } 调用对象: {"comm":{"cv":4747474,"ct":24,"format":"json","inCharset":"utf-8","outCharset":"utf-8","notice":0,"platform":"yqq.json","needNewCode":1,"uin":0,"g_tk_new_20200303":5381,"g_tk":5381},"req_1":{"module":"music.musicsearch.HotkeyService","method":"GetHotkeyForQQMusicMobile","param":{"searchid":"31365759695277856","remoteplace":"txt.yqq.top","from":"yqqweb"}},"req_2":{"module":"music.paycenterapi.LoginStateVerificationApi","method":"GetChargeAccount","param":{"appid":"mlive"}},"req_3":{"module":"musicToplist.ToplistInfoServer","method":"GetAll","param":{}}} 参数1: 485
 [994] [fog_497] 调用结果: 123
 [995] [fog_498] 方法名: ƒ charCodeAt() { [native code] } 调用对象: {"comm":{"cv":4747474,"ct":24,"format":"json","inCharset":"utf-8","outCharset":"utf-8","notice":0,"platform":"yqq.json","needNewCode":1,"uin":0,"g_tk_new_20200303":5381,"g_tk":5381},"req_1":{"module":"music.musicsearch.HotkeyService","method":"GetHotkeyForQQMusicMobile","param":{"searchid":"31365759695277856","remoteplace":"txt.yqq.top","from":"yqqweb"}},"req_2":{"module":"music.paycenterapi.LoginStateVerificationApi","method":"GetChargeAccount","param":{"appid":"mlive"}},"req_3":{"module":"musicToplist.ToplistInfoServer","method":"GetAll","param":{}}} 参数1: 486
 [996] [fog_498] 调用结果: 34
 [997] [fog_499] 方法名: ƒ charCodeAt() { [native code] } 调用对象: {"comm":{"cv":4747474,"ct":24,"format":"json","inCharset":"utf-8","outCharset":"utf-8","notice":0,"platform":"yqq.json","needNewCode":1,"uin":0,"g_tk_new_20200303":5381,"g_tk":5381},"req_1":{"module":"music.musicsearch.HotkeyService","method":"GetHotkeyForQQMusicMobile","param":{"searchid":"31365759695277856","remoteplace":"txt.yqq.top","from":"yqqweb"}},"req_2":{"module":"music.paycenterapi.LoginStateVerificationApi","method":"GetChargeAccount","param":{"appid":"mlive"}},"req_3":{"module":"musicToplist.ToplistInfoServer","method":"GetAll","param":{}}} 参数1: 487
 [998] [fog_499] 调用结果: 109
 [999] [fog_500] 方法名: ƒ charCodeAt() { [native code] } 调用对象: {"comm":{"cv":4747474,"ct":24,"format":"json","inCharset":"utf-8","outCharset":"utf-8","notice":0,"platform":"yqq.json","needNewCode":1,"uin":0,"g_tk_new_20200303":5381,"g_tk":5381},"req_1":{"module":"music.musicsearch.HotkeyService","method":"GetHotkeyForQQMusicMobile","param":{"searchid":"31365759695277856","remoteplace":"txt.yqq.top","from":"yqqweb"}},"req_2":{"module":"music.paycenterapi.LoginStateVerificationApi","method":"GetChargeAccount","param":{"appid":"mlive"}},"req_3":{"module":"musicToplist.ToplistInfoServer","method":"GetAll","param":{}}} 参数1: 488
 [1000] [fog_500] 调用结果: 111
 [1001] [fog_501] 方法名: ƒ charCodeAt() { [native code] } 调用对象: {"comm":{"cv":4747474,"ct":24,"format":"json","inCharset":"utf-8","outCharset":"utf-8","notice":0,"platform":"yqq.json","needNewCode":1,"uin":0,"g_tk_new_20200303":5381,"g_tk":5381},"req_1":{"module":"music.musicsearch.HotkeyService","method":"GetHotkeyForQQMusicMobile","param":{"searchid":"31365759695277856","remoteplace":"txt.yqq.top","from":"yqqweb"}},"req_2":{"module":"music.paycenterapi.LoginStateVerificationApi","method":"GetChargeAccount","param":{"appid":"mlive"}},"req_3":{"module":"musicToplist.ToplistInfoServer","method":"GetAll","param":{}}} 参数1: 489
 [1002] [fog_501] 调用结果: 100
 [1003] [fog_502] 方法名: ƒ charCodeAt() { [native code] } 调用对象: {"comm":{"cv":4747474,"ct":24,"format":"json","inCharset":"utf-8","outCharset":"utf-8","notice":0,"platform":"yqq.json","needNewCode":1,"uin":0,"g_tk_new_20200303":5381,"g_tk":5381},"req_1":{"module":"music.musicsearch.HotkeyService","method":"GetHotkeyForQQMusicMobile","param":{"searchid":"31365759695277856","remoteplace":"txt.yqq.top","from":"yqqweb"}},"req_2":{"module":"music.paycenterapi.LoginStateVerificationApi","method":"GetChargeAccount","param":{"appid":"mlive"}},"req_3":{"module":"musicToplist.ToplistInfoServer","method":"GetAll","param":{}}} 参数1: 490
 [1004] [fog_502] 调用结果: 117
 [1005] [fog_503] 方法名: ƒ charCodeAt() { [native code] } 调用对象: {"comm":{"cv":4747474,"ct":24,"format":"json","inCharset":"utf-8","outCharset":"utf-8","notice":0,"platform":"yqq.json","needNewCode":1,"uin":0,"g_tk_new_20200303":5381,"g_tk":5381},"req_1":{"module":"music.musicsearch.HotkeyService","method":"GetHotkeyForQQMusicMobile","param":{"searchid":"31365759695277856","remoteplace":"txt.yqq.top","from":"yqqweb"}},"req_2":{"module":"music.paycenterapi.LoginStateVerificationApi","method":"GetChargeAccount","param":{"appid":"mlive"}},"req_3":{"module":"musicToplist.ToplistInfoServer","method":"GetAll","param":{}}} 参数1: 491
 [1006] [fog_503] 调用结果: 108
 [1007] [fog_504] 方法名: ƒ charCodeAt() { [native code] } 调用对象: {"comm":{"cv":4747474,"ct":24,"format":"json","inCharset":"utf-8","outCharset":"utf-8","notice":0,"platform":"yqq.json","needNewCode":1,"uin":0,"g_tk_new_20200303":5381,"g_tk":5381},"req_1":{"module":"music.musicsearch.HotkeyService","method":"GetHotkeyForQQMusicMobile","param":{"searchid":"31365759695277856","remoteplace":"txt.yqq.top","from":"yqqweb"}},"req_2":{"module":"music.paycenterapi.LoginStateVerificationApi","method":"GetChargeAccount","param":{"appid":"mlive"}},"req_3":{"module":"musicToplist.ToplistInfoServer","method":"GetAll","param":{}}} 参数1: 492
 [1008] [fog_504] 调用结果: 101
 [1009] [fog_505] 方法名: ƒ charCodeAt() { [native code] } 调用对象: {"comm":{"cv":4747474,"ct":24,"format":"json","inCharset":"utf-8","outCharset":"utf-8","notice":0,"platform":"yqq.json","needNewCode":1,"uin":0,"g_tk_new_20200303":5381,"g_tk":5381},"req_1":{"module":"music.musicsearch.HotkeyService","method":"GetHotkeyForQQMusicMobile","param":{"searchid":"31365759695277856","remoteplace":"txt.yqq.top","from":"yqqweb"}},"req_2":{"module":"music.paycenterapi.LoginStateVerificationApi","method":"GetChargeAccount","param":{"appid":"mlive"}},"req_3":{"module":"musicToplist.ToplistInfoServer","method":"GetAll","param":{}}} 参数1: 493
 [1010] [fog_505] 调用结果: 34
 [1011] [fog_506] 方法名: ƒ charCodeAt() { [native code] } 调用对象: {"comm":{"cv":4747474,"ct":24,"format":"json","inCharset":"utf-8","outCharset":"utf-8","notice":0,"platform":"yqq.json","needNewCode":1,"uin":0,"g_tk_new_20200303":5381,"g_tk":5381},"req_1":{"module":"music.musicsearch.HotkeyService","method":"GetHotkeyForQQMusicMobile","param":{"searchid":"31365759695277856","remoteplace":"txt.yqq.top","from":"yqqweb"}},"req_2":{"module":"music.paycenterapi.LoginStateVerificationApi","method":"GetChargeAccount","param":{"appid":"mlive"}},"req_3":{"module":"musicToplist.ToplistInfoServer","method":"GetAll","param":{}}} 参数1: 494
 [1012] [fog_506] 调用结果: 58
 [1013] [fog_507] 方法名: ƒ charCodeAt() { [native code] } 调用对象: {"comm":{"cv":4747474,"ct":24,"format":"json","inCharset":"utf-8","outCharset":"utf-8","notice":0,"platform":"yqq.json","needNewCode":1,"uin":0,"g_tk_new_20200303":5381,"g_tk":5381},"req_1":{"module":"music.musicsearch.HotkeyService","method":"GetHotkeyForQQMusicMobile","param":{"searchid":"31365759695277856","remoteplace":"txt.yqq.top","from":"yqqweb"}},"req_2":{"module":"music.paycenterapi.LoginStateVerificationApi","method":"GetChargeAccount","param":{"appid":"mlive"}},"req_3":{"module":"musicToplist.ToplistInfoServer","method":"GetAll","param":{}}} 参数1: 495
 [1014] [fog_507] 调用结果: 34
 [1015] [fog_508] 方法名: ƒ charCodeAt() { [native code] } 调用对象: {"comm":{"cv":4747474,"ct":24,"format":"json","inCharset":"utf-8","outCharset":"utf-8","notice":0,"platform":"yqq.json","needNewCode":1,"uin":0,"g_tk_new_20200303":5381,"g_tk":5381},"req_1":{"module":"music.musicsearch.HotkeyService","method":"GetHotkeyForQQMusicMobile","param":{"searchid":"31365759695277856","remoteplace":"txt.yqq.top","from":"yqqweb"}},"req_2":{"module":"music.paycenterapi.LoginStateVerificationApi","method":"GetChargeAccount","param":{"appid":"mlive"}},"req_3":{"module":"musicToplist.ToplistInfoServer","method":"GetAll","param":{}}} 参数1: 496
 [1016] [fog_508] 调用结果: 109
 [1017] [fog_509] 方法名: ƒ charCodeAt() { [native code] } 调用对象: {"comm":{"cv":4747474,"ct":24,"format":"json","inCharset":"utf-8","outCharset":"utf-8","notice":0,"platform":"yqq.json","needNewCode":1,"uin":0,"g_tk_new_20200303":5381,"g_tk":5381},"req_1":{"module":"music.musicsearch.HotkeyService","method":"GetHotkeyForQQMusicMobile","param":{"searchid":"31365759695277856","remoteplace":"txt.yqq.top","from":"yqqweb"}},"req_2":{"module":"music.paycenterapi.LoginStateVerificationApi","method":"GetChargeAccount","param":{"appid":"mlive"}},"req_3":{"module":"musicToplist.ToplistInfoServer","method":"GetAll","param":{}}} 参数1: 497
 [1018] [fog_509] 调用结果: 117
 [1019] [fog_510] 方法名: ƒ charCodeAt() { [native code] } 调用对象: {"comm":{"cv":4747474,"ct":24,"format":"json","inCharset":"utf-8","outCharset":"utf-8","notice":0,"platform":"yqq.json","needNewCode":1,"uin":0,"g_tk_new_20200303":5381,"g_tk":5381},"req_1":{"module":"music.musicsearch.HotkeyService","method":"GetHotkeyForQQMusicMobile","param":{"searchid":"31365759695277856","remoteplace":"txt.yqq.top","from":"yqqweb"}},"req_2":{"module":"music.paycenterapi.LoginStateVerificationApi","method":"GetChargeAccount","param":{"appid":"mlive"}},"req_3":{"module":"musicToplist.ToplistInfoServer","method":"GetAll","param":{}}} 参数1: 498
 [1020] [fog_510] 调用结果: 115
 [1021] [fog_511] 方法名: ƒ charCodeAt() { [native code] } 调用对象: {"comm":{"cv":4747474,"ct":24,"format":"json","inCharset":"utf-8","outCharset":"utf-8","notice":0,"platform":"yqq.json","needNewCode":1,"uin":0,"g_tk_new_20200303":5381,"g_tk":5381},"req_1":{"module":"music.musicsearch.HotkeyService","method":"GetHotkeyForQQMusicMobile","param":{"searchid":"31365759695277856","remoteplace":"txt.yqq.top","from":"yqqweb"}},"req_2":{"module":"music.paycenterapi.LoginStateVerificationApi","method":"GetChargeAccount","param":{"appid":"mlive"}},"req_3":{"module":"musicToplist.ToplistInfoServer","method":"GetAll","param":{}}} 参数1: 499
 [1022] [fog_511] 调用结果: 105
 [1023] [fog_512] 方法名: ƒ charCodeAt() { [native code] } 调用对象: {"comm":{"cv":4747474,"ct":24,"format":"json","inCharset":"utf-8","outCharset":"utf-8","notice":0,"platform":"yqq.json","needNewCode":1,"uin":0,"g_tk_new_20200303":5381,"g_tk":5381},"req_1":{"module":"music.musicsearch.HotkeyService","method":"GetHotkeyForQQMusicMobile","param":{"searchid":"31365759695277856","remoteplace":"txt.yqq.top","from":"yqqweb"}},"req_2":{"module":"music.paycenterapi.LoginStateVerificationApi","method":"GetChargeAccount","param":{"appid":"mlive"}},"req_3":{"module":"musicToplist.ToplistInfoServer","method":"GetAll","param":{}}} 参数1: 500
 [1024] [fog_512] 调用结果: 99
 [1025] [fog_513] 方法名: ƒ charCodeAt() { [native code] } 调用对象: {"comm":{"cv":4747474,"ct":24,"format":"json","inCharset":"utf-8","outCharset":"utf-8","notice":0,"platform":"yqq.json","needNewCode":1,"uin":0,"g_tk_new_20200303":5381,"g_tk":5381},"req_1":{"module":"music.musicsearch.HotkeyService","method":"GetHotkeyForQQMusicMobile","param":{"searchid":"31365759695277856","remoteplace":"txt.yqq.top","from":"yqqweb"}},"req_2":{"module":"music.paycenterapi.LoginStateVerificationApi","method":"GetChargeAccount","param":{"appid":"mlive"}},"req_3":{"module":"musicToplist.ToplistInfoServer","method":"GetAll","param":{}}} 参数1: 501
 [1026] [fog_513] 调用结果: 84
 [1027] [fog_514] 方法名: ƒ charCodeAt() { [native code] } 调用对象: {"comm":{"cv":4747474,"ct":24,"format":"json","inCharset":"utf-8","outCharset":"utf-8","notice":0,"platform":"yqq.json","needNewCode":1,"uin":0,"g_tk_new_20200303":5381,"g_tk":5381},"req_1":{"module":"music.musicsearch.HotkeyService","method":"GetHotkeyForQQMusicMobile","param":{"searchid":"31365759695277856","remoteplace":"txt.yqq.top","from":"yqqweb"}},"req_2":{"module":"music.paycenterapi.LoginStateVerificationApi","method":"GetChargeAccount","param":{"appid":"mlive"}},"req_3":{"module":"musicToplist.ToplistInfoServer","method":"GetAll","param":{}}} 参数1: 502
 [1028] [fog_514] 调用结果: 111
 [1029] [fog_515] 方法名: ƒ charCodeAt() { [native code] } 调用对象: {"comm":{"cv":4747474,"ct":24,"format":"json","inCharset":"utf-8","outCharset":"utf-8","notice":0,"platform":"yqq.json","needNewCode":1,"uin":0,"g_tk_new_20200303":5381,"g_tk":5381},"req_1":{"module":"music.musicsearch.HotkeyService","method":"GetHotkeyForQQMusicMobile","param":{"searchid":"31365759695277856","remoteplace":"txt.yqq.top","from":"yqqweb"}},"req_2":{"module":"music.paycenterapi.LoginStateVerificationApi","method":"GetChargeAccount","param":{"appid":"mlive"}},"req_3":{"module":"musicToplist.ToplistInfoServer","method":"GetAll","param":{}}} 参数1: 503
 [1030] [fog_515] 调用结果: 112
 [1031] [fog_516] 方法名: ƒ charCodeAt() { [native code] } 调用对象: {"comm":{"cv":4747474,"ct":24,"format":"json","inCharset":"utf-8","outCharset":"utf-8","notice":0,"platform":"yqq.json","needNewCode":1,"uin":0,"g_tk_new_20200303":5381,"g_tk":5381},"req_1":{"module":"music.musicsearch.HotkeyService","method":"GetHotkeyForQQMusicMobile","param":{"searchid":"31365759695277856","remoteplace":"txt.yqq.top","from":"yqqweb"}},"req_2":{"module":"music.paycenterapi.LoginStateVerificationApi","method":"GetChargeAccount","param":{"appid":"mlive"}},"req_3":{"module":"musicToplist.ToplistInfoServer","method":"GetAll","param":{}}} 参数1: 504
 [1032] [fog_516] 调用结果: 108
 [1033] [fog_517] 方法名: ƒ charCodeAt() { [native code] } 调用对象: {"comm":{"cv":4747474,"ct":24,"format":"json","inCharset":"utf-8","outCharset":"utf-8","notice":0,"platform":"yqq.json","needNewCode":1,"uin":0,"g_tk_new_20200303":5381,"g_tk":5381},"req_1":{"module":"music.musicsearch.HotkeyService","method":"GetHotkeyForQQMusicMobile","param":{"searchid":"31365759695277856","remoteplace":"txt.yqq.top","from":"yqqweb"}},"req_2":{"module":"music.paycenterapi.LoginStateVerificationApi","method":"GetChargeAccount","param":{"appid":"mlive"}},"req_3":{"module":"musicToplist.ToplistInfoServer","method":"GetAll","param":{}}} 参数1: 505
 [1034] [fog_517] 调用结果: 105
 [1035] [fog_518] 方法名: ƒ charCodeAt() { [native code] } 调用对象: {"comm":{"cv":4747474,"ct":24,"format":"json","inCharset":"utf-8","outCharset":"utf-8","notice":0,"platform":"yqq.json","needNewCode":1,"uin":0,"g_tk_new_20200303":5381,"g_tk":5381},"req_1":{"module":"music.musicsearch.HotkeyService","method":"GetHotkeyForQQMusicMobile","param":{"searchid":"31365759695277856","remoteplace":"txt.yqq.top","from":"yqqweb"}},"req_2":{"module":"music.paycenterapi.LoginStateVerificationApi","method":"GetChargeAccount","param":{"appid":"mlive"}},"req_3":{"module":"musicToplist.ToplistInfoServer","method":"GetAll","param":{}}} 参数1: 506
 [1036] [fog_518] 调用结果: 115
 [1037] [fog_519] 方法名: ƒ charCodeAt() { [native code] } 调用对象: {"comm":{"cv":4747474,"ct":24,"format":"json","inCharset":"utf-8","outCharset":"utf-8","notice":0,"platform":"yqq.json","needNewCode":1,"uin":0,"g_tk_new_20200303":5381,"g_tk":5381},"req_1":{"module":"music.musicsearch.HotkeyService","method":"GetHotkeyForQQMusicMobile","param":{"searchid":"31365759695277856","remoteplace":"txt.yqq.top","from":"yqqweb"}},"req_2":{"module":"music.paycenterapi.LoginStateVerificationApi","method":"GetChargeAccount","param":{"appid":"mlive"}},"req_3":{"module":"musicToplist.ToplistInfoServer","method":"GetAll","param":{}}} 参数1: 507
 [1038] [fog_519] 调用结果: 116
 [1039] [fog_520] 方法名: ƒ charCodeAt() { [native code] } 调用对象: {"comm":{"cv":4747474,"ct":24,"format":"json","inCharset":"utf-8","outCharset":"utf-8","notice":0,"platform":"yqq.json","needNewCode":1,"uin":0,"g_tk_new_20200303":5381,"g_tk":5381},"req_1":{"module":"music.musicsearch.HotkeyService","method":"GetHotkeyForQQMusicMobile","param":{"searchid":"31365759695277856","remoteplace":"txt.yqq.top","from":"yqqweb"}},"req_2":{"module":"music.paycenterapi.LoginStateVerificationApi","method":"GetChargeAccount","param":{"appid":"mlive"}},"req_3":{"module":"musicToplist.ToplistInfoServer","method":"GetAll","param":{}}} 参数1: 508
 [1040] [fog_520] 调用结果: 46
 [1041] [fog_521] 方法名: ƒ charCodeAt() { [native code] } 调用对象: {"comm":{"cv":4747474,"ct":24,"format":"json","inCharset":"utf-8","outCharset":"utf-8","notice":0,"platform":"yqq.json","needNewCode":1,"uin":0,"g_tk_new_20200303":5381,"g_tk":5381},"req_1":{"module":"music.musicsearch.HotkeyService","method":"GetHotkeyForQQMusicMobile","param":{"searchid":"31365759695277856","remoteplace":"txt.yqq.top","from":"yqqweb"}},"req_2":{"module":"music.paycenterapi.LoginStateVerificationApi","method":"GetChargeAccount","param":{"appid":"mlive"}},"req_3":{"module":"musicToplist.ToplistInfoServer","method":"GetAll","param":{}}} 参数1: 509
 [1042] [fog_521] 调用结果: 84
 [1043] [fog_522] 方法名: ƒ charCodeAt() { [native code] } 调用对象: {"comm":{"cv":4747474,"ct":24,"format":"json","inCharset":"utf-8","outCharset":"utf-8","notice":0,"platform":"yqq.json","needNewCode":1,"uin":0,"g_tk_new_20200303":5381,"g_tk":5381},"req_1":{"module":"music.musicsearch.HotkeyService","method":"GetHotkeyForQQMusicMobile","param":{"searchid":"31365759695277856","remoteplace":"txt.yqq.top","from":"yqqweb"}},"req_2":{"module":"music.paycenterapi.LoginStateVerificationApi","method":"GetChargeAccount","param":{"appid":"mlive"}},"req_3":{"module":"musicToplist.ToplistInfoServer","method":"GetAll","param":{}}} 参数1: 510
 [1044] [fog_522] 调用结果: 111
 [1045] [fog_523] 方法名: ƒ charCodeAt() { [native code] } 调用对象: {"comm":{"cv":4747474,"ct":24,"format":"json","inCharset":"utf-8","outCharset":"utf-8","notice":0,"platform":"yqq.json","needNewCode":1,"uin":0,"g_tk_new_20200303":5381,"g_tk":5381},"req_1":{"module":"music.musicsearch.HotkeyService","method":"GetHotkeyForQQMusicMobile","param":{"searchid":"31365759695277856","remoteplace":"txt.yqq.top","from":"yqqweb"}},"req_2":{"module":"music.paycenterapi.LoginStateVerificationApi","method":"GetChargeAccount","param":{"appid":"mlive"}},"req_3":{"module":"musicToplist.ToplistInfoServer","method":"GetAll","param":{}}} 参数1: 511
 [1046] [fog_523] 调用结果: 112
 [1047] [fog_524] 方法名: ƒ c() {
                        for (var l, f, h = [o, s, t, this, arguments, c, n, 0], d = void 0, p = e, g = []; ; )
                            try {
                                for (; ; )
     … 调用对象: c {blocks: Array(80), h0: -1425075102, h1: -703346817, h2: -1668616985, h3: -1903672349, …} 参数无
 [1048] [fog_524] 调用结果: undefined
 [1049] [fog_525] 方法名: ƒ charCodeAt() { [native code] } 调用对象: {"comm":{"cv":4747474,"ct":24,"format":"json","inCharset":"utf-8","outCharset":"utf-8","notice":0,"platform":"yqq.json","needNewCode":1,"uin":0,"g_tk_new_20200303":5381,"g_tk":5381},"req_1":{"module":"music.musicsearch.HotkeyService","method":"GetHotkeyForQQMusicMobile","param":{"searchid":"31365759695277856","remoteplace":"txt.yqq.top","from":"yqqweb"}},"req_2":{"module":"music.paycenterapi.LoginStateVerificationApi","method":"GetChargeAccount","param":{"appid":"mlive"}},"req_3":{"module":"musicToplist.ToplistInfoServer","method":"GetAll","param":{}}} 参数1: 512
 [1050] [fog_525] 调用结果: 108
 [1051] [fog_526] 方法名: ƒ charCodeAt() { [native code] } 调用对象: {"comm":{"cv":4747474,"ct":24,"format":"json","inCharset":"utf-8","outCharset":"utf-8","notice":0,"platform":"yqq.json","needNewCode":1,"uin":0,"g_tk_new_20200303":5381,"g_tk":5381},"req_1":{"module":"music.musicsearch.HotkeyService","method":"GetHotkeyForQQMusicMobile","param":{"searchid":"31365759695277856","remoteplace":"txt.yqq.top","from":"yqqweb"}},"req_2":{"module":"music.paycenterapi.LoginStateVerificationApi","method":"GetChargeAccount","param":{"appid":"mlive"}},"req_3":{"module":"musicToplist.ToplistInfoServer","method":"GetAll","param":{}}} 参数1: 513
 [1052] [fog_526] 调用结果: 105
 [1053] [fog_527] 方法名: ƒ charCodeAt() { [native code] } 调用对象: {"comm":{"cv":4747474,"ct":24,"format":"json","inCharset":"utf-8","outCharset":"utf-8","notice":0,"platform":"yqq.json","needNewCode":1,"uin":0,"g_tk_new_20200303":5381,"g_tk":5381},"req_1":{"module":"music.musicsearch.HotkeyService","method":"GetHotkeyForQQMusicMobile","param":{"searchid":"31365759695277856","remoteplace":"txt.yqq.top","from":"yqqweb"}},"req_2":{"module":"music.paycenterapi.LoginStateVerificationApi","method":"GetChargeAccount","param":{"appid":"mlive"}},"req_3":{"module":"musicToplist.ToplistInfoServer","method":"GetAll","param":{}}} 参数1: 514
 [1054] [fog_527] 调用结果: 115
 [1055] [fog_528] 方法名: ƒ charCodeAt() { [native code] } 调用对象: {"comm":{"cv":4747474,"ct":24,"format":"json","inCharset":"utf-8","outCharset":"utf-8","notice":0,"platform":"yqq.json","needNewCode":1,"uin":0,"g_tk_new_20200303":5381,"g_tk":5381},"req_1":{"module":"music.musicsearch.HotkeyService","method":"GetHotkeyForQQMusicMobile","param":{"searchid":"31365759695277856","remoteplace":"txt.yqq.top","from":"yqqweb"}},"req_2":{"module":"music.paycenterapi.LoginStateVerificationApi","method":"GetChargeAccount","param":{"appid":"mlive"}},"req_3":{"module":"musicToplist.ToplistInfoServer","method":"GetAll","param":{}}} 参数1: 515
 [1056] [fog_528] 调用结果: 116
 [1057] [fog_529] 方法名: ƒ charCodeAt() { [native code] } 调用对象: {"comm":{"cv":4747474,"ct":24,"format":"json","inCharset":"utf-8","outCharset":"utf-8","notice":0,"platform":"yqq.json","needNewCode":1,"uin":0,"g_tk_new_20200303":5381,"g_tk":5381},"req_1":{"module":"music.musicsearch.HotkeyService","method":"GetHotkeyForQQMusicMobile","param":{"searchid":"31365759695277856","remoteplace":"txt.yqq.top","from":"yqqweb"}},"req_2":{"module":"music.paycenterapi.LoginStateVerificationApi","method":"GetChargeAccount","param":{"appid":"mlive"}},"req_3":{"module":"musicToplist.ToplistInfoServer","method":"GetAll","param":{}}} 参数1: 516
 [1058] [fog_529] 调用结果: 73
 [1059] [fog_530] 方法名: ƒ charCodeAt() { [native code] } 调用对象: {"comm":{"cv":4747474,"ct":24,"format":"json","inCharset":"utf-8","outCharset":"utf-8","notice":0,"platform":"yqq.json","needNewCode":1,"uin":0,"g_tk_new_20200303":5381,"g_tk":5381},"req_1":{"module":"music.musicsearch.HotkeyService","method":"GetHotkeyForQQMusicMobile","param":{"searchid":"31365759695277856","remoteplace":"txt.yqq.top","from":"yqqweb"}},"req_2":{"module":"music.paycenterapi.LoginStateVerificationApi","method":"GetChargeAccount","param":{"appid":"mlive"}},"req_3":{"module":"musicToplist.ToplistInfoServer","method":"GetAll","param":{}}} 参数1: 517
 [1060] [fog_530] 调用结果: 110
 [1061] [fog_531] 方法名: ƒ charCodeAt() { [native code] } 调用对象: {"comm":{"cv":4747474,"ct":24,"format":"json","inCharset":"utf-8","outCharset":"utf-8","notice":0,"platform":"yqq.json","needNewCode":1,"uin":0,"g_tk_new_20200303":5381,"g_tk":5381},"req_1":{"module":"music.musicsearch.HotkeyService","method":"GetHotkeyForQQMusicMobile","param":{"searchid":"31365759695277856","remoteplace":"txt.yqq.top","from":"yqqweb"}},"req_2":{"module":"music.paycenterapi.LoginStateVerificationApi","method":"GetChargeAccount","param":{"appid":"mlive"}},"req_3":{"module":"musicToplist.ToplistInfoServer","method":"GetAll","param":{}}} 参数1: 518
 [1062] [fog_531] 调用结果: 102
 [1063] [fog_532] 方法名: ƒ charCodeAt() { [native code] } 调用对象: {"comm":{"cv":4747474,"ct":24,"format":"json","inCharset":"utf-8","outCharset":"utf-8","notice":0,"platform":"yqq.json","needNewCode":1,"uin":0,"g_tk_new_20200303":5381,"g_tk":5381},"req_1":{"module":"music.musicsearch.HotkeyService","method":"GetHotkeyForQQMusicMobile","param":{"searchid":"31365759695277856","remoteplace":"txt.yqq.top","from":"yqqweb"}},"req_2":{"module":"music.paycenterapi.LoginStateVerificationApi","method":"GetChargeAccount","param":{"appid":"mlive"}},"req_3":{"module":"musicToplist.ToplistInfoServer","method":"GetAll","param":{}}} 参数1: 519
 [1064] [fog_532] 调用结果: 111
 [1065] [fog_533] 方法名: ƒ charCodeAt() { [native code] } 调用对象: {"comm":{"cv":4747474,"ct":24,"format":"json","inCharset":"utf-8","outCharset":"utf-8","notice":0,"platform":"yqq.json","needNewCode":1,"uin":0,"g_tk_new_20200303":5381,"g_tk":5381},"req_1":{"module":"music.musicsearch.HotkeyService","method":"GetHotkeyForQQMusicMobile","param":{"searchid":"31365759695277856","remoteplace":"txt.yqq.top","from":"yqqweb"}},"req_2":{"module":"music.paycenterapi.LoginStateVerificationApi","method":"GetChargeAccount","param":{"appid":"mlive"}},"req_3":{"module":"musicToplist.ToplistInfoServer","method":"GetAll","param":{}}} 参数1: 520
 [1066] [fog_533] 调用结果: 83
 [1067] [fog_534] 方法名: ƒ charCodeAt() { [native code] } 调用对象: {"comm":{"cv":4747474,"ct":24,"format":"json","inCharset":"utf-8","outCharset":"utf-8","notice":0,"platform":"yqq.json","needNewCode":1,"uin":0,"g_tk_new_20200303":5381,"g_tk":5381},"req_1":{"module":"music.musicsearch.HotkeyService","method":"GetHotkeyForQQMusicMobile","param":{"searchid":"31365759695277856","remoteplace":"txt.yqq.top","from":"yqqweb"}},"req_2":{"module":"music.paycenterapi.LoginStateVerificationApi","method":"GetChargeAccount","param":{"appid":"mlive"}},"req_3":{"module":"musicToplist.ToplistInfoServer","method":"GetAll","param":{}}} 参数1: 521
 [1068] [fog_534] 调用结果: 101
 [1069] [fog_535] 方法名: ƒ charCodeAt() { [native code] } 调用对象: {"comm":{"cv":4747474,"ct":24,"format":"json","inCharset":"utf-8","outCharset":"utf-8","notice":0,"platform":"yqq.json","needNewCode":1,"uin":0,"g_tk_new_20200303":5381,"g_tk":5381},"req_1":{"module":"music.musicsearch.HotkeyService","method":"GetHotkeyForQQMusicMobile","param":{"searchid":"31365759695277856","remoteplace":"txt.yqq.top","from":"yqqweb"}},"req_2":{"module":"music.paycenterapi.LoginStateVerificationApi","method":"GetChargeAccount","param":{"appid":"mlive"}},"req_3":{"module":"musicToplist.ToplistInfoServer","method":"GetAll","param":{}}} 参数1: 522
 [1070] [fog_535] 调用结果: 114
 [1071] [fog_536] 方法名: ƒ charCodeAt() { [native code] } 调用对象: {"comm":{"cv":4747474,"ct":24,"format":"json","inCharset":"utf-8","outCharset":"utf-8","notice":0,"platform":"yqq.json","needNewCode":1,"uin":0,"g_tk_new_20200303":5381,"g_tk":5381},"req_1":{"module":"music.musicsearch.HotkeyService","method":"GetHotkeyForQQMusicMobile","param":{"searchid":"31365759695277856","remoteplace":"txt.yqq.top","from":"yqqweb"}},"req_2":{"module":"music.paycenterapi.LoginStateVerificationApi","method":"GetChargeAccount","param":{"appid":"mlive"}},"req_3":{"module":"musicToplist.ToplistInfoServer","method":"GetAll","param":{}}} 参数1: 523
 [1072] [fog_536] 调用结果: 118
 [1073] [fog_537] 方法名: ƒ charCodeAt() { [native code] } 调用对象: {"comm":{"cv":4747474,"ct":24,"format":"json","inCharset":"utf-8","outCharset":"utf-8","notice":0,"platform":"yqq.json","needNewCode":1,"uin":0,"g_tk_new_20200303":5381,"g_tk":5381},"req_1":{"module":"music.musicsearch.HotkeyService","method":"GetHotkeyForQQMusicMobile","param":{"searchid":"31365759695277856","remoteplace":"txt.yqq.top","from":"yqqweb"}},"req_2":{"module":"music.paycenterapi.LoginStateVerificationApi","method":"GetChargeAccount","param":{"appid":"mlive"}},"req_3":{"module":"musicToplist.ToplistInfoServer","method":"GetAll","param":{}}} 参数1: 524
 [1074] [fog_537] 调用结果: 101
 [1075] [fog_538] 方法名: ƒ charCodeAt() { [native code] } 调用对象: {"comm":{"cv":4747474,"ct":24,"format":"json","inCharset":"utf-8","outCharset":"utf-8","notice":0,"platform":"yqq.json","needNewCode":1,"uin":0,"g_tk_new_20200303":5381,"g_tk":5381},"req_1":{"module":"music.musicsearch.HotkeyService","method":"GetHotkeyForQQMusicMobile","param":{"searchid":"31365759695277856","remoteplace":"txt.yqq.top","from":"yqqweb"}},"req_2":{"module":"music.paycenterapi.LoginStateVerificationApi","method":"GetChargeAccount","param":{"appid":"mlive"}},"req_3":{"module":"musicToplist.ToplistInfoServer","method":"GetAll","param":{}}} 参数1: 525
 [1076] [fog_538] 调用结果: 114
 [1077] [fog_539] 方法名: ƒ charCodeAt() { [native code] } 调用对象: {"comm":{"cv":4747474,"ct":24,"format":"json","inCharset":"utf-8","outCharset":"utf-8","notice":0,"platform":"yqq.json","needNewCode":1,"uin":0,"g_tk_new_20200303":5381,"g_tk":5381},"req_1":{"module":"music.musicsearch.HotkeyService","method":"GetHotkeyForQQMusicMobile","param":{"searchid":"31365759695277856","remoteplace":"txt.yqq.top","from":"yqqweb"}},"req_2":{"module":"music.paycenterapi.LoginStateVerificationApi","method":"GetChargeAccount","param":{"appid":"mlive"}},"req_3":{"module":"musicToplist.ToplistInfoServer","method":"GetAll","param":{}}} 参数1: 526
 [1078] [fog_539] 调用结果: 34
 [1079] [fog_540] 方法名: ƒ charCodeAt() { [native code] } 调用对象: {"comm":{"cv":4747474,"ct":24,"format":"json","inCharset":"utf-8","outCharset":"utf-8","notice":0,"platform":"yqq.json","needNewCode":1,"uin":0,"g_tk_new_20200303":5381,"g_tk":5381},"req_1":{"module":"music.musicsearch.HotkeyService","method":"GetHotkeyForQQMusicMobile","param":{"searchid":"31365759695277856","remoteplace":"txt.yqq.top","from":"yqqweb"}},"req_2":{"module":"music.paycenterapi.LoginStateVerificationApi","method":"GetChargeAccount","param":{"appid":"mlive"}},"req_3":{"module":"musicToplist.ToplistInfoServer","method":"GetAll","param":{}}} 参数1: 527
 [1080] [fog_540] 调用结果: 44
 [1081] [fog_541] 方法名: ƒ charCodeAt() { [native code] } 调用对象: {"comm":{"cv":4747474,"ct":24,"format":"json","inCharset":"utf-8","outCharset":"utf-8","notice":0,"platform":"yqq.json","needNewCode":1,"uin":0,"g_tk_new_20200303":5381,"g_tk":5381},"req_1":{"module":"music.musicsearch.HotkeyService","method":"GetHotkeyForQQMusicMobile","param":{"searchid":"31365759695277856","remoteplace":"txt.yqq.top","from":"yqqweb"}},"req_2":{"module":"music.paycenterapi.LoginStateVerificationApi","method":"GetChargeAccount","param":{"appid":"mlive"}},"req_3":{"module":"musicToplist.ToplistInfoServer","method":"GetAll","param":{}}} 参数1: 528
 [1082] [fog_541] 调用结果: 34
 [1083] [fog_542] 方法名: ƒ charCodeAt() { [native code] } 调用对象: {"comm":{"cv":4747474,"ct":24,"format":"json","inCharset":"utf-8","outCharset":"utf-8","notice":0,"platform":"yqq.json","needNewCode":1,"uin":0,"g_tk_new_20200303":5381,"g_tk":5381},"req_1":{"module":"music.musicsearch.HotkeyService","method":"GetHotkeyForQQMusicMobile","param":{"searchid":"31365759695277856","remoteplace":"txt.yqq.top","from":"yqqweb"}},"req_2":{"module":"music.paycenterapi.LoginStateVerificationApi","method":"GetChargeAccount","param":{"appid":"mlive"}},"req_3":{"module":"musicToplist.ToplistInfoServer","method":"GetAll","param":{}}} 参数1: 529
 [1084] [fog_542] 调用结果: 109
 [1085] [fog_543] 方法名: ƒ charCodeAt() { [native code] } 调用对象: {"comm":{"cv":4747474,"ct":24,"format":"json","inCharset":"utf-8","outCharset":"utf-8","notice":0,"platform":"yqq.json","needNewCode":1,"uin":0,"g_tk_new_20200303":5381,"g_tk":5381},"req_1":{"module":"music.musicsearch.HotkeyService","method":"GetHotkeyForQQMusicMobile","param":{"searchid":"31365759695277856","remoteplace":"txt.yqq.top","from":"yqqweb"}},"req_2":{"module":"music.paycenterapi.LoginStateVerificationApi","method":"GetChargeAccount","param":{"appid":"mlive"}},"req_3":{"module":"musicToplist.ToplistInfoServer","method":"GetAll","param":{}}} 参数1: 530
 [1086] [fog_543] 调用结果: 101
 [1087] [fog_544] 方法名: ƒ charCodeAt() { [native code] } 调用对象: {"comm":{"cv":4747474,"ct":24,"format":"json","inCharset":"utf-8","outCharset":"utf-8","notice":0,"platform":"yqq.json","needNewCode":1,"uin":0,"g_tk_new_20200303":5381,"g_tk":5381},"req_1":{"module":"music.musicsearch.HotkeyService","method":"GetHotkeyForQQMusicMobile","param":{"searchid":"31365759695277856","remoteplace":"txt.yqq.top","from":"yqqweb"}},"req_2":{"module":"music.paycenterapi.LoginStateVerificationApi","method":"GetChargeAccount","param":{"appid":"mlive"}},"req_3":{"module":"musicToplist.ToplistInfoServer","method":"GetAll","param":{}}} 参数1: 531
 [1088] [fog_544] 调用结果: 116
 [1089] [fog_545] 方法名: ƒ charCodeAt() { [native code] } 调用对象: {"comm":{"cv":4747474,"ct":24,"format":"json","inCharset":"utf-8","outCharset":"utf-8","notice":0,"platform":"yqq.json","needNewCode":1,"uin":0,"g_tk_new_20200303":5381,"g_tk":5381},"req_1":{"module":"music.musicsearch.HotkeyService","method":"GetHotkeyForQQMusicMobile","param":{"searchid":"31365759695277856","remoteplace":"txt.yqq.top","from":"yqqweb"}},"req_2":{"module":"music.paycenterapi.LoginStateVerificationApi","method":"GetChargeAccount","param":{"appid":"mlive"}},"req_3":{"module":"musicToplist.ToplistInfoServer","method":"GetAll","param":{}}} 参数1: 532
 [1090] [fog_545] 调用结果: 104
 [1091] [fog_546] 方法名: ƒ charCodeAt() { [native code] } 调用对象: {"comm":{"cv":4747474,"ct":24,"format":"json","inCharset":"utf-8","outCharset":"utf-8","notice":0,"platform":"yqq.json","needNewCode":1,"uin":0,"g_tk_new_20200303":5381,"g_tk":5381},"req_1":{"module":"music.musicsearch.HotkeyService","method":"GetHotkeyForQQMusicMobile","param":{"searchid":"31365759695277856","remoteplace":"txt.yqq.top","from":"yqqweb"}},"req_2":{"module":"music.paycenterapi.LoginStateVerificationApi","method":"GetChargeAccount","param":{"appid":"mlive"}},"req_3":{"module":"musicToplist.ToplistInfoServer","method":"GetAll","param":{}}} 参数1: 533
 [1092] [fog_546] 调用结果: 111
 [1093] [fog_547] 方法名: ƒ charCodeAt() { [native code] } 调用对象: {"comm":{"cv":4747474,"ct":24,"format":"json","inCharset":"utf-8","outCharset":"utf-8","notice":0,"platform":"yqq.json","needNewCode":1,"uin":0,"g_tk_new_20200303":5381,"g_tk":5381},"req_1":{"module":"music.musicsearch.HotkeyService","method":"GetHotkeyForQQMusicMobile","param":{"searchid":"31365759695277856","remoteplace":"txt.yqq.top","from":"yqqweb"}},"req_2":{"module":"music.paycenterapi.LoginStateVerificationApi","method":"GetChargeAccount","param":{"appid":"mlive"}},"req_3":{"module":"musicToplist.ToplistInfoServer","method":"GetAll","param":{}}} 参数1: 534
 [1094] [fog_547] 调用结果: 100
 [1095] [fog_548] 方法名: ƒ charCodeAt() { [native code] } 调用对象: {"comm":{"cv":4747474,"ct":24,"format":"json","inCharset":"utf-8","outCharset":"utf-8","notice":0,"platform":"yqq.json","needNewCode":1,"uin":0,"g_tk_new_20200303":5381,"g_tk":5381},"req_1":{"module":"music.musicsearch.HotkeyService","method":"GetHotkeyForQQMusicMobile","param":{"searchid":"31365759695277856","remoteplace":"txt.yqq.top","from":"yqqweb"}},"req_2":{"module":"music.paycenterapi.LoginStateVerificationApi","method":"GetChargeAccount","param":{"appid":"mlive"}},"req_3":{"module":"musicToplist.ToplistInfoServer","method":"GetAll","param":{}}} 参数1: 535
 [1096] [fog_548] 调用结果: 34
 [1097] [fog_549] 方法名: ƒ charCodeAt() { [native code] } 调用对象: {"comm":{"cv":4747474,"ct":24,"format":"json","inCharset":"utf-8","outCharset":"utf-8","notice":0,"platform":"yqq.json","needNewCode":1,"uin":0,"g_tk_new_20200303":5381,"g_tk":5381},"req_1":{"module":"music.musicsearch.HotkeyService","method":"GetHotkeyForQQMusicMobile","param":{"searchid":"31365759695277856","remoteplace":"txt.yqq.top","from":"yqqweb"}},"req_2":{"module":"music.paycenterapi.LoginStateVerificationApi","method":"GetChargeAccount","param":{"appid":"mlive"}},"req_3":{"module":"musicToplist.ToplistInfoServer","method":"GetAll","param":{}}} 参数1: 536
 [1098] [fog_549] 调用结果: 58
 [1099] [fog_550] 方法名: ƒ charCodeAt() { [native code] } 调用对象: {"comm":{"cv":4747474,"ct":24,"format":"json","inCharset":"utf-8","outCharset":"utf-8","notice":0,"platform":"yqq.json","needNewCode":1,"uin":0,"g_tk_new_20200303":5381,"g_tk":5381},"req_1":{"module":"music.musicsearch.HotkeyService","method":"GetHotkeyForQQMusicMobile","param":{"searchid":"31365759695277856","remoteplace":"txt.yqq.top","from":"yqqweb"}},"req_2":{"module":"music.paycenterapi.LoginStateVerificationApi","method":"GetChargeAccount","param":{"appid":"mlive"}},"req_3":{"module":"musicToplist.ToplistInfoServer","method":"GetAll","param":{}}} 参数1: 537
 [1100] [fog_550] 调用结果: 34
 [1101] [fog_551] 方法名: ƒ charCodeAt() { [native code] } 调用对象: {"comm":{"cv":4747474,"ct":24,"format":"json","inCharset":"utf-8","outCharset":"utf-8","notice":0,"platform":"yqq.json","needNewCode":1,"uin":0,"g_tk_new_20200303":5381,"g_tk":5381},"req_1":{"module":"music.musicsearch.HotkeyService","method":"GetHotkeyForQQMusicMobile","param":{"searchid":"31365759695277856","remoteplace":"txt.yqq.top","from":"yqqweb"}},"req_2":{"module":"music.paycenterapi.LoginStateVerificationApi","method":"GetChargeAccount","param":{"appid":"mlive"}},"req_3":{"module":"musicToplist.ToplistInfoServer","method":"GetAll","param":{}}} 参数1: 538
 [1102] [fog_551] 调用结果: 71
 [1103] [fog_552] 方法名: ƒ charCodeAt() { [native code] } 调用对象: {"comm":{"cv":4747474,"ct":24,"format":"json","inCharset":"utf-8","outCharset":"utf-8","notice":0,"platform":"yqq.json","needNewCode":1,"uin":0,"g_tk_new_20200303":5381,"g_tk":5381},"req_1":{"module":"music.musicsearch.HotkeyService","method":"GetHotkeyForQQMusicMobile","param":{"searchid":"31365759695277856","remoteplace":"txt.yqq.top","from":"yqqweb"}},"req_2":{"module":"music.paycenterapi.LoginStateVerificationApi","method":"GetChargeAccount","param":{"appid":"mlive"}},"req_3":{"module":"musicToplist.ToplistInfoServer","method":"GetAll","param":{}}} 参数1: 539
 [1104] [fog_552] 调用结果: 101
 [1105] [fog_553] 方法名: ƒ charCodeAt() { [native code] } 调用对象: {"comm":{"cv":4747474,"ct":24,"format":"json","inCharset":"utf-8","outCharset":"utf-8","notice":0,"platform":"yqq.json","needNewCode":1,"uin":0,"g_tk_new_20200303":5381,"g_tk":5381},"req_1":{"module":"music.musicsearch.HotkeyService","method":"GetHotkeyForQQMusicMobile","param":{"searchid":"31365759695277856","remoteplace":"txt.yqq.top","from":"yqqweb"}},"req_2":{"module":"music.paycenterapi.LoginStateVerificationApi","method":"GetChargeAccount","param":{"appid":"mlive"}},"req_3":{"module":"musicToplist.ToplistInfoServer","method":"GetAll","param":{}}} 参数1: 540
 [1106] [fog_553] 调用结果: 116
 [1107] [fog_554] 方法名: ƒ charCodeAt() { [native code] } 调用对象: {"comm":{"cv":4747474,"ct":24,"format":"json","inCharset":"utf-8","outCharset":"utf-8","notice":0,"platform":"yqq.json","needNewCode":1,"uin":0,"g_tk_new_20200303":5381,"g_tk":5381},"req_1":{"module":"music.musicsearch.HotkeyService","method":"GetHotkeyForQQMusicMobile","param":{"searchid":"31365759695277856","remoteplace":"txt.yqq.top","from":"yqqweb"}},"req_2":{"module":"music.paycenterapi.LoginStateVerificationApi","method":"GetChargeAccount","param":{"appid":"mlive"}},"req_3":{"module":"musicToplist.ToplistInfoServer","method":"GetAll","param":{}}} 参数1: 541
 [1108] [fog_554] 调用结果: 65
 [1109] [fog_555] 方法名: ƒ charCodeAt() { [native code] } 调用对象: {"comm":{"cv":4747474,"ct":24,"format":"json","inCharset":"utf-8","outCharset":"utf-8","notice":0,"platform":"yqq.json","needNewCode":1,"uin":0,"g_tk_new_20200303":5381,"g_tk":5381},"req_1":{"module":"music.musicsearch.HotkeyService","method":"GetHotkeyForQQMusicMobile","param":{"searchid":"31365759695277856","remoteplace":"txt.yqq.top","from":"yqqweb"}},"req_2":{"module":"music.paycenterapi.LoginStateVerificationApi","method":"GetChargeAccount","param":{"appid":"mlive"}},"req_3":{"module":"musicToplist.ToplistInfoServer","method":"GetAll","param":{}}} 参数1: 542
 [1110] [fog_555] 调用结果: 108
 [1111] [fog_556] 方法名: ƒ charCodeAt() { [native code] } 调用对象: {"comm":{"cv":4747474,"ct":24,"format":"json","inCharset":"utf-8","outCharset":"utf-8","notice":0,"platform":"yqq.json","needNewCode":1,"uin":0,"g_tk_new_20200303":5381,"g_tk":5381},"req_1":{"module":"music.musicsearch.HotkeyService","method":"GetHotkeyForQQMusicMobile","param":{"searchid":"31365759695277856","remoteplace":"txt.yqq.top","from":"yqqweb"}},"req_2":{"module":"music.paycenterapi.LoginStateVerificationApi","method":"GetChargeAccount","param":{"appid":"mlive"}},"req_3":{"module":"musicToplist.ToplistInfoServer","method":"GetAll","param":{}}} 参数1: 543
 [1112] [fog_556] 调用结果: 108
 [1113] [fog_557] 方法名: ƒ charCodeAt() { [native code] } 调用对象: {"comm":{"cv":4747474,"ct":24,"format":"json","inCharset":"utf-8","outCharset":"utf-8","notice":0,"platform":"yqq.json","needNewCode":1,"uin":0,"g_tk_new_20200303":5381,"g_tk":5381},"req_1":{"module":"music.musicsearch.HotkeyService","method":"GetHotkeyForQQMusicMobile","param":{"searchid":"31365759695277856","remoteplace":"txt.yqq.top","from":"yqqweb"}},"req_2":{"module":"music.paycenterapi.LoginStateVerificationApi","method":"GetChargeAccount","param":{"appid":"mlive"}},"req_3":{"module":"musicToplist.ToplistInfoServer","method":"GetAll","param":{}}} 参数1: 544
 [1114] [fog_557] 调用结果: 34
 [1115] [fog_558] 方法名: ƒ charCodeAt() { [native code] } 调用对象: {"comm":{"cv":4747474,"ct":24,"format":"json","inCharset":"utf-8","outCharset":"utf-8","notice":0,"platform":"yqq.json","needNewCode":1,"uin":0,"g_tk_new_20200303":5381,"g_tk":5381},"req_1":{"module":"music.musicsearch.HotkeyService","method":"GetHotkeyForQQMusicMobile","param":{"searchid":"31365759695277856","remoteplace":"txt.yqq.top","from":"yqqweb"}},"req_2":{"module":"music.paycenterapi.LoginStateVerificationApi","method":"GetChargeAccount","param":{"appid":"mlive"}},"req_3":{"module":"musicToplist.ToplistInfoServer","method":"GetAll","param":{}}} 参数1: 545
 [1116] [fog_558] 调用结果: 44
 [1117] [fog_559] 方法名: ƒ charCodeAt() { [native code] } 调用对象: {"comm":{"cv":4747474,"ct":24,"format":"json","inCharset":"utf-8","outCharset":"utf-8","notice":0,"platform":"yqq.json","needNewCode":1,"uin":0,"g_tk_new_20200303":5381,"g_tk":5381},"req_1":{"module":"music.musicsearch.HotkeyService","method":"GetHotkeyForQQMusicMobile","param":{"searchid":"31365759695277856","remoteplace":"txt.yqq.top","from":"yqqweb"}},"req_2":{"module":"music.paycenterapi.LoginStateVerificationApi","method":"GetChargeAccount","param":{"appid":"mlive"}},"req_3":{"module":"musicToplist.ToplistInfoServer","method":"GetAll","param":{}}} 参数1: 546
 [1118] [fog_559] 调用结果: 34
 [1119] [fog_560] 方法名: ƒ charCodeAt() { [native code] } 调用对象: {"comm":{"cv":4747474,"ct":24,"format":"json","inCharset":"utf-8","outCharset":"utf-8","notice":0,"platform":"yqq.json","needNewCode":1,"uin":0,"g_tk_new_20200303":5381,"g_tk":5381},"req_1":{"module":"music.musicsearch.HotkeyService","method":"GetHotkeyForQQMusicMobile","param":{"searchid":"31365759695277856","remoteplace":"txt.yqq.top","from":"yqqweb"}},"req_2":{"module":"music.paycenterapi.LoginStateVerificationApi","method":"GetChargeAccount","param":{"appid":"mlive"}},"req_3":{"module":"musicToplist.ToplistInfoServer","method":"GetAll","param":{}}} 参数1: 547
 [1120] [fog_560] 调用结果: 112
 [1121] [fog_561] 方法名: ƒ charCodeAt() { [native code] } 调用对象: {"comm":{"cv":4747474,"ct":24,"format":"json","inCharset":"utf-8","outCharset":"utf-8","notice":0,"platform":"yqq.json","needNewCode":1,"uin":0,"g_tk_new_20200303":5381,"g_tk":5381},"req_1":{"module":"music.musicsearch.HotkeyService","method":"GetHotkeyForQQMusicMobile","param":{"searchid":"31365759695277856","remoteplace":"txt.yqq.top","from":"yqqweb"}},"req_2":{"module":"music.paycenterapi.LoginStateVerificationApi","method":"GetChargeAccount","param":{"appid":"mlive"}},"req_3":{"module":"musicToplist.ToplistInfoServer","method":"GetAll","param":{}}} 参数1: 548
 [1122] [fog_561] 调用结果: 97
 [1123] [fog_562] 方法名: ƒ charCodeAt() { [native code] } 调用对象: {"comm":{"cv":4747474,"ct":24,"format":"json","inCharset":"utf-8","outCharset":"utf-8","notice":0,"platform":"yqq.json","needNewCode":1,"uin":0,"g_tk_new_20200303":5381,"g_tk":5381},"req_1":{"module":"music.musicsearch.HotkeyService","method":"GetHotkeyForQQMusicMobile","param":{"searchid":"31365759695277856","remoteplace":"txt.yqq.top","from":"yqqweb"}},"req_2":{"module":"music.paycenterapi.LoginStateVerificationApi","method":"GetChargeAccount","param":{"appid":"mlive"}},"req_3":{"module":"musicToplist.ToplistInfoServer","method":"GetAll","param":{}}} 参数1: 549
 [1124] [fog_562] 调用结果: 114
 [1125] [fog_563] 方法名: ƒ charCodeAt() { [native code] } 调用对象: {"comm":{"cv":4747474,"ct":24,"format":"json","inCharset":"utf-8","outCharset":"utf-8","notice":0,"platform":"yqq.json","needNewCode":1,"uin":0,"g_tk_new_20200303":5381,"g_tk":5381},"req_1":{"module":"music.musicsearch.HotkeyService","method":"GetHotkeyForQQMusicMobile","param":{"searchid":"31365759695277856","remoteplace":"txt.yqq.top","from":"yqqweb"}},"req_2":{"module":"music.paycenterapi.LoginStateVerificationApi","method":"GetChargeAccount","param":{"appid":"mlive"}},"req_3":{"module":"musicToplist.ToplistInfoServer","method":"GetAll","param":{}}} 参数1: 550
 [1126] [fog_563] 调用结果: 97
 [1127] [fog_564] 方法名: ƒ charCodeAt() { [native code] } 调用对象: {"comm":{"cv":4747474,"ct":24,"format":"json","inCharset":"utf-8","outCharset":"utf-8","notice":0,"platform":"yqq.json","needNewCode":1,"uin":0,"g_tk_new_20200303":5381,"g_tk":5381},"req_1":{"module":"music.musicsearch.HotkeyService","method":"GetHotkeyForQQMusicMobile","param":{"searchid":"31365759695277856","remoteplace":"txt.yqq.top","from":"yqqweb"}},"req_2":{"module":"music.paycenterapi.LoginStateVerificationApi","method":"GetChargeAccount","param":{"appid":"mlive"}},"req_3":{"module":"musicToplist.ToplistInfoServer","method":"GetAll","param":{}}} 参数1: 551
 [1128] [fog_564] 调用结果: 109
 [1129] [fog_565] 方法名: ƒ charCodeAt() { [native code] } 调用对象: {"comm":{"cv":4747474,"ct":24,"format":"json","inCharset":"utf-8","outCharset":"utf-8","notice":0,"platform":"yqq.json","needNewCode":1,"uin":0,"g_tk_new_20200303":5381,"g_tk":5381},"req_1":{"module":"music.musicsearch.HotkeyService","method":"GetHotkeyForQQMusicMobile","param":{"searchid":"31365759695277856","remoteplace":"txt.yqq.top","from":"yqqweb"}},"req_2":{"module":"music.paycenterapi.LoginStateVerificationApi","method":"GetChargeAccount","param":{"appid":"mlive"}},"req_3":{"module":"musicToplist.ToplistInfoServer","method":"GetAll","param":{}}} 参数1: 552
 [1130] [fog_565] 调用结果: 34
 [1131] [fog_566] 方法名: ƒ charCodeAt() { [native code] } 调用对象: {"comm":{"cv":4747474,"ct":24,"format":"json","inCharset":"utf-8","outCharset":"utf-8","notice":0,"platform":"yqq.json","needNewCode":1,"uin":0,"g_tk_new_20200303":5381,"g_tk":5381},"req_1":{"module":"music.musicsearch.HotkeyService","method":"GetHotkeyForQQMusicMobile","param":{"searchid":"31365759695277856","remoteplace":"txt.yqq.top","from":"yqqweb"}},"req_2":{"module":"music.paycenterapi.LoginStateVerificationApi","method":"GetChargeAccount","param":{"appid":"mlive"}},"req_3":{"module":"musicToplist.ToplistInfoServer","method":"GetAll","param":{}}} 参数1: 553
 [1132] [fog_566] 调用结果: 58
 [1133] [fog_567] 方法名: ƒ charCodeAt() { [native code] } 调用对象: {"comm":{"cv":4747474,"ct":24,"format":"json","inCharset":"utf-8","outCharset":"utf-8","notice":0,"platform":"yqq.json","needNewCode":1,"uin":0,"g_tk_new_20200303":5381,"g_tk":5381},"req_1":{"module":"music.musicsearch.HotkeyService","method":"GetHotkeyForQQMusicMobile","param":{"searchid":"31365759695277856","remoteplace":"txt.yqq.top","from":"yqqweb"}},"req_2":{"module":"music.paycenterapi.LoginStateVerificationApi","method":"GetChargeAccount","param":{"appid":"mlive"}},"req_3":{"module":"musicToplist.ToplistInfoServer","method":"GetAll","param":{}}} 参数1: 554
 [1134] [fog_567] 调用结果: 123
 [1135] [fog_568] 方法名: ƒ charCodeAt() { [native code] } 调用对象: {"comm":{"cv":4747474,"ct":24,"format":"json","inCharset":"utf-8","outCharset":"utf-8","notice":0,"platform":"yqq.json","needNewCode":1,"uin":0,"g_tk_new_20200303":5381,"g_tk":5381},"req_1":{"module":"music.musicsearch.HotkeyService","method":"GetHotkeyForQQMusicMobile","param":{"searchid":"31365759695277856","remoteplace":"txt.yqq.top","from":"yqqweb"}},"req_2":{"module":"music.paycenterapi.LoginStateVerificationApi","method":"GetChargeAccount","param":{"appid":"mlive"}},"req_3":{"module":"musicToplist.ToplistInfoServer","method":"GetAll","param":{}}} 参数1: 555
 [1136] [fog_568] 调用结果: 125
 [1137] [fog_569] 方法名: ƒ charCodeAt() { [native code] } 调用对象: {"comm":{"cv":4747474,"ct":24,"format":"json","inCharset":"utf-8","outCharset":"utf-8","notice":0,"platform":"yqq.json","needNewCode":1,"uin":0,"g_tk_new_20200303":5381,"g_tk":5381},"req_1":{"module":"music.musicsearch.HotkeyService","method":"GetHotkeyForQQMusicMobile","param":{"searchid":"31365759695277856","remoteplace":"txt.yqq.top","from":"yqqweb"}},"req_2":{"module":"music.paycenterapi.LoginStateVerificationApi","method":"GetChargeAccount","param":{"appid":"mlive"}},"req_3":{"module":"musicToplist.ToplistInfoServer","method":"GetAll","param":{}}} 参数1: 556
 [1138] [fog_569] 调用结果: 125
 [1139] [fog_570] 方法名: ƒ charCodeAt() { [native code] } 调用对象: {"comm":{"cv":4747474,"ct":24,"format":"json","inCharset":"utf-8","outCharset":"utf-8","notice":0,"platform":"yqq.json","needNewCode":1,"uin":0,"g_tk_new_20200303":5381,"g_tk":5381},"req_1":{"module":"music.musicsearch.HotkeyService","method":"GetHotkeyForQQMusicMobile","param":{"searchid":"31365759695277856","remoteplace":"txt.yqq.top","from":"yqqweb"}},"req_2":{"module":"music.paycenterapi.LoginStateVerificationApi","method":"GetChargeAccount","param":{"appid":"mlive"}},"req_3":{"module":"musicToplist.ToplistInfoServer","method":"GetAll","param":{}}} 参数1: 557
 [1140] [fog_570] 调用结果: 125
 [1141] [fog_570] 调用结果: c {blocks: Array(80), h0: 751686672, h1: -1499117473, h2: 1459847408, h3: 1791029108, …}
 [1142] [fog_571] 方法名: ƒ c() {
                        for (var l, f, h = [o, s, t, this, arguments, c, n, 0], d = void 0, p = e, g = []; ; )
                            try {
                                for (; ; )
     … 调用对象: c {blocks: Array(80), h0: 751686672, h1: -1499117473, h2: 1459847408, h3: 1791029108, …} 参数无
 [1143] [fog_572] 方法名: ƒ c() {
                        for (var l, f, h = [o, s, t, this, arguments, c, n, 0], d = void 0, p = e, g = []; ; )
                            try {
                                for (; ; )
     … 调用对象: c {blocks: Array(80), h0: 751686672, h1: -1499117473, h2: 1459847408, h3: 1791029108, …} 参数无
 [1144] [fog_573] 方法名: ƒ c() {
                        for (var l, f, h = [o, s, t, this, arguments, c, n, 0], d = void 0, p = e, g = []; ; )
                            try {
                                for (; ; )
     … 调用对象: c {blocks: Array(80), h0: 751686672, h1: -1499117473, h2: 1459847408, h3: 1791029108, …} 参数无
 [1145] [fog_573] 调用结果: undefined
 [1146] [fog_573] 调用结果: undefined
 [1147] [fog_573] 调用结果: 7c642ba1831d921c09188a6067ebb2dde5be58ce
 [1148] [fog_573] 调用结果: 7c642ba1831d921c09188a6067ebb2dde5be58ce
 [1149] [fog_574] 方法名: ƒ toUpperCase() { [native code] } 调用对象: 7c642ba1831d921c09188a6067ebb2dde5be58ce 参数无
 [1150] [fog_574] 调用结果: 7C642BA1831D921C09188A6067EBB2DDE5BE58CE
 [1151] [fog_575] 方法名: ƒ RegExp() { [native code] } 调用对象: undefined 参数1: Headless 参数2: i
 [1152] [fog_575] 调用结果: /Headless/i
 [1153] [fog_576] 方法名: ƒ test() { [native code] } 调用对象: /Headless/i 参数1: Mozilla/5.0 (Windows NT 10.0; Win64; x64) AppleWebKit/537.36 (KHTML, like Gecko) Chrome/149.0.0.0 Safari/537.36
 [1154] [fog_576] 调用结果: false
 [1155] [fog_577] 方法名: ƒ some() { [native code] } 调用对象: (6) ['qq.com', 'joox.com', 'tencentmusic.com', 'wavecommittee.com', 'kugou.com', 'kuwo.cn'] 参数1: ƒ c() {
                        for (var l, f, h = [o, s, t, this, arguments, c, n, 0], d = void 0, p = e, g = []; ; )
                            try {
                                for (; ; )
     …
 [1156] [fog_578] 方法名: ƒ indexOf() { [native code] } 调用对象: y.qq.com 参数1: qq.com
 [1157] [fog_578] 调用结果: 2
 [1158] [fog_578] 调用结果: true
 [1159] [fog_579] 方法名: ƒ map() { [native code] } 调用对象: (8) [23, 14, 6, 36, 16, 40, 7, 19] 参数1: ƒ c() {
                        for (var l, f, h = [o, s, t, this, arguments, c, n, 0], d = void 0, p = e, g = []; ; )
                            try {
                                for (; ; )
     …
 [1160] [fog_579] 调用结果: (8) ['0', '1', 'A', '5', '0', undefined, '1', '8']
 [1161] [fog_580] 方法名: ƒ join() { [native code] } 调用对象: (8) ['0', '1', 'A', '5', '0', undefined, '1', '8'] 参数1: 
 [1162] [fog_580] 调用结果: 01A5018
 [1163] [fog_581] 方法名: ƒ map() { [native code] } 调用对象: (8) [16, 1, 32, 12, 19, 27, 8, 5] 参数1: ƒ c() {
                        for (var l, f, h = [o, s, t, this, arguments, c, n, 0], d = void 0, p = e, g = []; ; )
                            try {
                                for (; ; )
     …
 [1164] [fog_581] 调用结果: (8) ['0', 'C', 'E', '9', '8', 'B', '8', 'B']
 [1165] [fog_582] 方法名: ƒ join() { [native code] } 调用对象: (8) ['0', 'C', 'E', '9', '8', 'B', '8', 'B'] 参数1: 
 [1166] [fog_582] 调用结果: 0CE98B8B
 [1167] [fog_583] 方法名: ƒ push() { [native code] } 调用对象: [] 参数1: 37
 [1168] [fog_583] 调用结果: 1
 [1169] [fog_584] 方法名: ƒ push() { [native code] } 调用对象: [37] 参数1: 67
 [1170] [fog_584] 调用结果: 2
 [1171] [fog_585] 方法名: ƒ push() { [native code] } 调用对象: (2) [37, 67] 参数1: 152
 [1172] [fog_585] 调用结果: 3
 [1173] [fog_586] 方法名: ƒ push() { [native code] } 调用对象: (3) [37, 67, 152] 参数1: 55
 [1174] [fog_586] 调用结果: 4
 [1175] [fog_587] 方法名: ƒ push() { [native code] } 调用对象: (4) [37, 67, 152, 55] 参数1: 89
 [1176] [fog_587] 调用结果: 5
 [1177] [fog_588] 方法名: ƒ push() { [native code] } 调用对象: (5) [37, 67, 152, 55, 89] 参数1: 79
 [1178] [fog_588] 调用结果: 6
 [1179] [fog_589] 方法名: ƒ push() { [native code] } 调用对象: (6) [37, 67, 152, 55, 89, 79] 参数1: 168
 [1180] [fog_589] 调用结果: 7
 [1181] [fog_590] 方法名: ƒ push() { [native code] } 调用对象: (7) [37, 67, 152, 55, 89, 79, 168] 参数1: 224
 [1182] [fog_590] 调用结果: 8
 [1183] [fog_591] 方法名: ƒ push() { [native code] } 调用对象: (8) [37, 67, 152, 55, 89, 79, 168, 224] 参数1: 184
 [1184] [fog_591] 调用结果: 9
 [1185] [fog_592] 方法名: ƒ push() { [native code] } 调用对象: (9) [37, 67, 152, 55, 89, 79, 168, 224, 184] 参数1: 44
 [1186] [fog_592] 调用结果: 10
 [1187] [fog_593] 方法名: ƒ push() { [native code] } 调用对象: (10) [37, 67, 152, 55, 89, 79, 168, 224, 184, 44] 参数1: 48
 [1188] [fog_593] 调用结果: 11
 [1189] [fog_594] 方法名: ƒ push() { [native code] } 调用对象: (11) [37, 67, 152, 55, 89, 79, 168, 224, 184, 44, 48] 参数1: 27
 [1190] [fog_594] 调用结果: 12
 [1191] [fog_595] 方法名: ƒ push() { [native code] } 调用对象: (12) [37, 67, 152, 55, 89, 79, 168, 224, 184, 44, 48, 27] 参数1: 31
 [1192] [fog_595] 调用结果: 13
 [1193] [fog_596] 方法名: ƒ push() { [native code] } 调用对象: (13) [37, 67, 152, 55, 89, 79, 168, 224, 184, 44, 48, 27, 31] 参数1: 171
 [1194] [fog_596] 调用结果: 14
 [1195] [fog_597] 方法名: ƒ push() { [native code] } 调用对象: (14) [37, 67, 152, 55, 89, 79, 168, 224, 184, 44, 48, 27, 31, 171] 参数1: 64
 [1196] [fog_597] 调用结果: 15
 [1197] [fog_598] 方法名: ƒ push() { [native code] } 调用对象: (15) [37, 67, 152, 55, 89, 79, 168, 224, 184, 44, 48, 27, 31, 171, 64] 参数1: 88
 [1198] [fog_598] 调用结果: 16
 [1199] [fog_599] 方法名: ƒ push() { [native code] } 调用对象: (16) [37, 67, 152, 55, 89, 79, 168, 224, 184, 44, 48, 27, 31, 171, 64, 88] 参数1: 106
 [1200] [fog_599] 调用结果: 17
 [1201] [fog_600] 方法名: ƒ push() { [native code] } 调用对象: (17) [37, 67, 152, 55, 89, 79, 168, 224, 184, 44, 48, 27, 31, 171, 64, 88, 106] 参数1: 31
 [1202] [fog_600] 调用结果: 18
 [1203] [fog_601] 方法名: ƒ push() { [native code] } 调用对象: (18) [37, 67, 152, 55, 89, 79, 168, 224, 184, 44, 48, 27, 31, 171, 64, 88, 106, 31] 参数1: 33
 [1204] [fog_601] 调用结果: 19
 [1205] [fog_602] 方法名: ƒ push() { [native code] } 调用对象: (19) [37, 67, 152, 55, 89, 79, 168, 224, 184, 44, 48, 27, 31, 171, 64, 88, 106, 31, 33] 参数1: 125
 [1206] [fog_602] 调用结果: 20
 [1207] [fog_603] 方法名: ƒ RegExp() { [native code] } 调用对象: undefined 参数1: [\/+] 参数2: g
 [1208] [fog_603] 调用结果: /[\/+]/g
 [1209] [fog_604] 方法名: ƒ replace() { [native code] } 调用对象: JUOYN1lPqOC4LDAbH6tAWGofIX0 参数1: /[\/+]/g 参数2: 
 [1210] [fog_604] 调用结果: JUOYN1lPqOC4LDAbH6tAWGofIX0
 [1211] [fog_605] 方法名: ƒ toLowerCase() { [native code] } 调用对象: zzc01A5018JUOYN1lPqOC4LDAbH6tAWGofIX00CE98B8B 参数无
 [1212] [fog_605] 调用结果: zzc01a5018juoyn1lpqoc4ldabh6tawgofix00ce98b8b
qq音乐sign:952 zzc01a5018juoyn1lpqoc4ldabh6tawgofix00ce98b8b
VM154 qq音乐sign:1 true
